file	key	english	chinese
RevolutionText_CIV4GameText.xml	TXT_KEY_REV_CAP_SPEECH_DENY	Young people speaking their minds, power to the people![NEWLINE][NEWLINE]The beatniks and journalists have not yet turned to violence, and there is still time to bring the situation to a peaceful conclusion.  Honoring their request is by far the quickest and easiest path to keeping these cities in your empire for the forseeable future.  However, if you decide to keep your current practices, you may yet have time to improve other aspects of these cities so they would have nothing to complain about even if they could complain.  You may also choose to bribe the agitators and they will drop their cause and say whatever you want them to.	
RevolutionText_CIV4GameText.xml	TXT_KEY_REV_CAP_LEAD_REQUEST	calling for a change in leadership!	
RevolutionText_CIV4GameText.xml	TXT_KEY_REV_CAP_LEAD_CEDE	Demonstrations have broken out, asking that you cede power to	
RevolutionText_CIV4GameText.xml	TXT_KEY_REV_CAP_LEAD_CONCLUSION	The protesters have not yet turned to violence, and there is still time to bring the situation to a peaceful conclusion.  Like all good despots, you are of course the best hope for your people.  You just need to remind them of the glory of your rule, either by improving their situation, vanquishing your enemies, or moving lots of soldiers into their towns.  Erecting shiny statues of yourself will also quiet the dissenters.[NEWLINE][NEWLINE]However, if you cling to power now, you may face a civil war in the future!  Honoring their request would bring only a temporary end to your rule, as there is every reason to believe your heirs will regain power in the future.	
RevolutionText_CIV4GameText.xml	TXT_KEY_REV_CAP_LEAD_RULER	could not possibly be half the ruler you are.  (If you take this option, your civ will be automated for some number of turns, then peacefully returned to your control)	
RevolutionText_CIV4GameText.xml	TXT_KEY_REV_CAP_LEAD_ELECTION	Demonstrations have broken out, asking that you face an election against	
RevolutionText_CIV4GameText.xml	TXT_KEY_REV_CAP_LEAD_BUYOFF	If you win a fair and open election, the protests will disappear and your power will not be questioned.  It may also be possible to guarantee you 'victory', if you catch my drift, but it will be costly and the slight could be detected with very negative consequences.  Denying their request for an election will call into question your committment to open government and make your opponents more likely to fight in the future!	
RevolutionText_CIV4GameText.xml	TXT_KEY_REV_CAP_RULE_DEMAND	demanding a change in leadership!	
RevolutionText_CIV4GameText.xml	TXT_KEY_REV_CAP_RULE_CEDE	Armies are gathering in the countryside, readying for a fight if you do not cede power to	
RevolutionText_CIV4GameText.xml	TXT_KEY_REV_CAP_RULE_TERRIBLE	This is truly a terrible situation.  Like all good despots, you are of course the best hope for your people, but some how they simply cannot see the light.  Now you must decide what legacy you will leave.[NEWLINE][NEWLINE]You could meet the challenge with force, and your cities would rise up as	
RevolutionText_CIV4GameText.xml	TXT_KEY_REV_CAP_RULE_FIGHT	to fight. Your troops in these cities will be surrounded by a hostile population and may take heavy losses or even defect.  The defenses of some of these cities may crumble immeadiately, others may be able to retain some semblence of control.  If you then managed to reunite your country, the glory would be tremendous.  But if you fail, you will long be vilified as your obstinance will have brought civil war into your homeland![NEWLINE][NEWLINE]There is no glory in surrendering to the will of the people, but it would preserve all that you have built.  Honoring their request would bring only a temporary end to your rule, as there is every reason to believe your heirs will regain power in the future.	
RevolutionText_CIV4GameText.xml	TXT_KEY_REV_CAP_RULE_ELECTION	Demonstrators are rioting in the streets, demanding that you face an election against	
RevolutionText_CIV4GameText.xml	TXT_KEY_REV_CAP_RULE_RISE	If you deny their request, these cities will rise up as	
RevolutionText_CIV4GameText.xml	TXT_KEY_REV_CAP_RULE_BUYOFF	and fight. Your troops in these cities will be surrounded by a hostile population and will take heavy losses or even defect.  The defenses of some of these cities may crumble immeadiately, others may be able to retain some semblence of control.[NEWLINE][NEWLINE]However, if you win a fair and open election, the riots will disappear and your power will not be questioned. It may also be possible to guarantee you 'victory', if you catch my drift, but it will be costly and the slight could be detected with very negative consequences.	
RevolutionText_CIV4GameText.xml	TXT_KEY_REV_VASSAL_CAP	capitulated	
RevolutionText_CIV4GameText.xml	TXT_KEY_REV_VASSAL_FREE	free	
RevolutionText_CIV4GameText.xml	TXT_KEY_REV_IND_PEACE_REQUEST	asking for independence.  These citizens feel your empire is not meeting their needs and wish to strike out on their own and form	
RevolutionText_CIV4GameText.xml	TXT_KEY_REV_IND_PEACE_REQUEST_ALIVE	asking to join the %s.  These citizens feel your empire is not meeting their needs and wish to join your rival.	
RevolutionText_CIV4GameText.xml	TXT_KEY_REV_IND_PEACE_VASSAL	asking for partial autonomy.  These citizens do not wish to completely break ties with your empire, but want control of their local affairs.  They wish to form	
RevolutionText_CIV4GameText.xml	TXT_KEY_REV_IND_PEACE_BECOME	and become your	
RevolutionText_CIV4GameText.xml	TXT_KEY_REV_IND_PEACE_GRANT	Vassal. You may also grant them full independence.	
RevolutionText_CIV4GameText.xml	TXT_KEY_REV_IND_PEACE_ACTION	While they are not yet contemplating war, if you deny their request you should take immediate action to improve their situation.  Increasing culture or strengthening the garrisons may lessen their resolve.	
RevolutionText_CIV4GameText.xml	TXT_KEY_REV_IND_PEACE_ACTION2	You can also choose to payoff the revolutionaries.  In exchange some gold, the revolutionaries will drop their grievances for the time being.  Be warned, however, other cities may be more inclined to rebel after seeing you hand out money.	
RevolutionText_CIV4GameText.xml	TXT_KEY_REV_IND_VIOLENT_DEMAND	declaring their independence.  They have had enough of you and your empire, and will fight	
RevolutionText_CIV4GameText.xml	TXT_KEY_REV_IND_VIOLENT_BARB	even though they have no flag to rally around.	
RevolutionText_CIV4GameText.xml	TXT_KEY_REV_IND_VIOLENT_FORM	if necessary to form	
RevolutionText_CIV4GameText.xml	TXT_KEY_REV_IND_VIOLENT_FIGHT	This is a difficult situation, as your options are to give up some of your territory, or face civil war!  Neither option is very appealing, you must weigh your military preparedness against the value of these cities to your empire.  If you choose war, your troops in these cities will be surrounded by a hostile population and will take heavy losses.  The defenses of some of these cities may crumble immediately, others may be able to retain some semblence of control.	
RevolutionText_CIV4GameText.xml	LOCAL_REV_INDEX_ADVISOR_SIMPLE	Local	
RevolutionText_CIV4GameText.xml	DELTA_TREND_ADVISOR_SIMPLE	Trend	
RevolutionText_CIV4GameText.xml	REVOLUTION_INDEX_ADVISOR_SIMPLE	Instability	
RevolutionText_CIV4GameText.xml	TXT_ADVISOR_FLAT	Flat	
RevolutionText_CIV4GameText.xml	TXT_ADVISOR_IMPROVING	Improving	
RevolutionText_CIV4GameText.xml	TXT_ADVISOR_WORSENING	Worsening	
RevolutionText_CIV4GameText.xml	TXT_ADVISOR_RAPIDLY_WORSENING	Rapidly Worsening	
RevolutionText_CIV4GameText.xml	TXT_KEY_REVOLUTION_WATCH_ADVISOR_TITLE	Revolution Watch Screen	
RevolutionText_CIV4GameText.xml	TXT_ADVISOR_CRITICAL	Critical	
RevolutionText_CIV4GameText.xml	TXT_ADVISOR_POSITIVE	Good	
RevolutionText_CIV4GameText.xml	TXT_ADVISOR_HEALTH	Health	
RevolutionText_CIV4GameText.xml	TXT_ADVISOR_BRIBE	Click to bribe 	
RevolutionText_CIV4GameText.xml	REVOLUTION_GRAPH_TITLE_SMALL	Stability	
RevolutionText_CIV4GameText.xml	TXT_KEY_BUILDING_REV_INDEX_LOCAL_PENALTY	[ICON_BULLET]%D1 local instability penalty per turn	
RevolutionText_CIV4GameText.xml	TXT_KEY_BUILDING_REV_INDEX_LOCAL_BONUS	[ICON_BULLET]%D1 local stability bonus per turn	
RevolutionText_CIV4GameText.xml	TXT_KEY_CIVIC_REV_INDEX_LOCAL_PENALTY	[ICON_BULLET]%D1 local instability penalty per turn in each city	
RevolutionText_CIV4GameText.xml	TXT_KEY_CIVIC_REV_INDEX_LOCAL_BONUS	[ICON_BULLET]%D1 local stability bonus per turn in each city	
RevolutionText_CIV4GameText.xml	TXT_KEY_CIVIC_REV_INDEX_NATIONAL_PENALTY	[ICON_BULLET]%D1 national instability penalty per turn	
RevolutionText_CIV4GameText.xml	TXT_KEY_CIVIC_REV_INDEX_NATIONAL_BONUS	[ICON_BULLET]%D1 national stability bonus per turn	
RevolutionText_CIV4GameText.xml	TXT_KEY_CIVIC_CITY_DISTANCE_GOOD_MOD	[ICON_BULLET]%D1% to city distance instability penalty	
RevolutionText_CIV4GameText.xml	TXT_KEY_CIVIC_CITY_DISTANCE_BAD_MOD	[ICON_BULLET]%D1% to city distance instability penalty	
RevolutionText_CIV4GameText.xml	TXT_KEY_CIVIC_REV_GOOD_HOLY_CITY	[ICON_BULLET]%D1 stability bonus per turn for owning state religion holy city	
RevolutionText_CIV4GameText.xml	TXT_KEY_CIVIC_REV_BAD_HOLY_CITY	[ICON_BULLET]%D1 instability penalty per turn if state religion holy city is owned by heathens	
RevolutionText_CIV4GameText.xml	TXT_KEY_CIVIC_REV_SWITCH_TO_BONUS	[ICON_BULLET]%D1 one-time stability bonus for adopting civic	
RevolutionText_CIV4GameText.xml	TXT_KEY_CIVIC_REV_SWITCH_TO_PENALTY	[ICON_BULLET]%D1 one-time instability penalty for adopting civic	
RevolutionText_CIV4GameText.xml	TXT_KEY_CIVIC_REV_NATIONALITY_MOD	[ICON_BULLET]%D1% Stability penalty from foreign nationality.	
RevolutionText_CIV4GameText.xml	TXT_KEY_CIVIC_REV_BAD_RELIGION_MOD	[ICON_BULLET]+%s1% increase in instability penalties from non-state religions	
RevolutionText_CIV4GameText.xml	TXT_KEY_CIVIC_REV_GOOD_RELIGION_MOD	[ICON_BULLET]+%s1% increase in stability bonuses from state religion	
Revolution_Init_CIV4GameText.xml	TXT_KEY_MOD_NO_CONFIG	WARNING:[NEWLINE][NEWLINE]"%s1" not found![NEWLINE][NEWLINE]Default values are used![NEWLINE][NEWLINE]Check mod installation directory, should be:[NEWLINE][NEWLINE]%s2	
Revolution_Init_CIV4GameText.xml	TXT_KEY_REV_MOD_RUNNING_INFO	evolutionDCM running with the following components:	
Revolution_Init_CIV4GameText.xml	TXT_KEY_REV_MOD_RUNNING_ON	on	
Revolution_Init_CIV4GameText.xml	TXT_KEY_REV_MOD_RUNNING_OFF	off	
Revolution_Init_CIV4GameText.xml	TXT_KEY_REV_MOD_MAX_CIVS_IN_DLL	[NEWLINE][NEWLINE]Max civs in DLL: %d1	
Revolution_Init_CIV4GameText.xml	TXT_KEY_REV_MOD_REVS_WILL_STOP_AT	[NEWLINE][SPACE]Revolution will stop at %d1 Civs	
Revolution_Init_CIV4GameText.xml	TXT_KEY_REV_MOD_BARB_CIV_WILL_STOP_AT	[NEWLINE][SPACE]BarbarianCiv will stop at %d1 Civs	
Revolution_Init_CIV4GameText.xml	TXT_KEY_REV_MOD_TURNS_IN_GAME	[NEWLINE]Turns in game: %d1	
Revolution_Init_CIV4GameText.xml	TXT_KEY_REV_MOD_DEFAULT_NUM_PLAYERS	[NEWLINE]Default num players: %d1	
Revolution_Init_CIV4GameText.xml	TXT_KEY_REV_MOD_INITIALIZING	Initializing Revolution Mod	
Revolution_Init_CIV4GameText.xml	TXT_KEY_REV_MOD_INITIALIZING_INIT	[NEWLINE]Revolutions Options:	
Revolution_Init_CIV4GameText.xml	TXT_KEY_REV_MOD_INITIALIZING_DCM_OPTIONS	[NEWLINE]DCM Options:	
Revolution_Init_CIV4GameText.xml	TXT_KEY_REV_MOD_INITIALIZING_IDW_OPTIONS	[NEWLINE]IDW Options:	
Revolution_Init_CIV4GameText.xml	TXT_KEY_REV_MOD_INITIALIZING_INQUISITIONS_OPTIONS	[NEWLINE]Inquisitions Options:	
Revolution_Init_CIV4GameText.xml	TXT_KEY_REV_MOD_INITIALIZING_RELIGION_OPTIONS	[NEWLINE]Religion Options:	
Revolution_Init_CIV4GameText.xml	TXT_KEY_REV_MOD_INITIALIZING_SS_OPTIONS	[NEWLINE]Super Spies Options:	
Revolution_Init_CIV4GameText.xml	TXT_KEY_REV_MOD_INITIALIZING_GAME_SHORTCUTS	[NEWLINE]In Game Shortcuts:	
Revolution_Init_CIV4GameText.xml	TXT_KEY_REV_MOD_INITIALIZING_BARBARIAN_CIV	[NEWLINE][TAB]BarbarianCiv	
Revolution_Init_CIV4GameText.xml	TXT_KEY_REV_MOD_INITIALIZING_BARBARIAN_WORLD	[NEWLINE][TAB]Barbarian World	
Revolution_Init_CIV4GameText.xml	TXT_KEY_REV_MOD_INITIALIZING_REVOLUTION	[NEWLINE][TAB]Revolutions	
Revolution_Init_CIV4GameText.xml	TXT_KEY_REV_MOD_INITIALIZING_TECH_DIFFUSION	[NEWLINE][TAB]Tech Diffusion	
Revolution_Init_CIV4GameText.xml	TXT_KEY_REV_MOD_INITIALIZING_START_AS_MINORS	[NEWLINE][TAB]Start As Minors	
Revolution_Init_CIV4GameText.xml	TXT_KEY_REV_MOD_INITIALIZING_NONE	[NEWLINE][TAB]None	
Revolution_Init_CIV4GameText.xml	TXT_KEY_REV_MOD_INITIALIZING_BATTLE_EFFECTS	[NEWLINE][TAB]Battle Effects	
Revolution_Init_CIV4GameText.xml	TXT_KEY_REV_MOD_INITIALIZING_ARCHER_BOMBARD	[NEWLINE][TAB]Archer Bombard	
Revolution_Init_CIV4GameText.xml	TXT_KEY_REV_MOD_INITIALIZING_STACK_ATTACK	[NEWLINE][TAB]Stack Attack	
Revolution_Init_CIV4GameText.xml	TXT_KEY_REV_MOD_INITIALIZING_ATTACK_SUPPORT	[NEWLINE][TAB]Attack Support	
Revolution_Init_CIV4GameText.xml	TXT_KEY_REV_MOD_INITIALIZING_RANGE_BOMBARD	[NEWLINE][TAB]Ranged Bombard	
Revolution_Init_CIV4GameText.xml	TXT_KEY_REV_MOD_INITIALIZING_OPP_FIRE	[NEWLINE][TAB]Opportunity Fire	
Revolution_Init_CIV4GameText.xml	TXT_KEY_REV_MOD_INITIALIZING_AIR_BOMBING	[NEWLINE][TAB]Air Bombing	
Revolution_Init_CIV4GameText.xml	TXT_KEY_REV_MOD_INITIALIZING_ACTIVE_DEFENSE	[NEWLINE][TAB]Active Defense	
Revolution_Init_CIV4GameText.xml	TXT_KEY_REV_MOD_INITIALIZING_FIGHTER_ENGAGE	[NEWLINE][TAB]Fighter Engage	
Revolution_Init_CIV4GameText.xml	TXT_KEY_REV_MOD_INITIALIZING_NAVAL_BOMBARD	[NEWLINE][TAB]Naval Bombard	
Revolution_Init_CIV4GameText.xml	TXT_KEY_REV_MOD_INITIALIZING_IDW_ENABLED	[NEWLINE][TAB]IDW Influence	
Revolution_Init_CIV4GameText.xml	TXT_KEY_REV_MOD_INITIALIZING_PILLAGE_INFLUENCE	[NEWLINE][TAB]Pillage Influence	
Revolution_Init_CIV4GameText.xml	TXT_KEY_REV_MOD_INITIALIZING_EMERGENCY_DRAFT	[NEWLINE][TAB]Spawn Emergency Defenders	
Revolution_Init_CIV4GameText.xml	TXT_KEY_REV_MOD_INITIALIZING_NO_BARBARIAN_INFLUENCE	[NEWLINE][TAB]No Barbarian Influence	
Revolution_Init_CIV4GameText.xml	TXT_KEY_REV_MOD_INITIALIZING_NO_NAVAL_INFLUENCE	[NEWLINE][TAB]No Naval Influence	
Revolution_Init_CIV4GameText.xml	TXT_KEY_REV_MOD_INITIALIZING_INQUISITIONS_ENABLED	[NEWLINE][TAB]Inquisitions Enabled	
Revolution_Init_CIV4GameText.xml	TXT_KEY_REV_MOD_INITIALIZING_RESPAWN_HOLY_CITIES	[NEWLINE][TAB]Holy City Relocation	
Revolution_Init_CIV4GameText.xml	TXT_KEY_REV_MOD_INITIALIZING_LIMITED_RELIGIONS	[NEWLINE][TAB]Limited Religions	
Revolution_Init_CIV4GameText.xml	TXT_KEY_REV_MOD_INITIALIZING_CHOOSE_RELIGION	[NEWLINE][TAB]Choose Religion	
Revolution_Init_CIV4GameText.xml	TXT_KEY_REV_MOD_INITIALIZING_SS_ENABLED	[NEWLINE][TAB]Super Spies Enabled	
Revolution_Init_CIV4GameText.xml	TXT_KEY_REV_MOD_INITIALIZING_SS_BRIBE	[NEWLINE][TAB]Bribe Mission	
Revolution_Init_CIV4GameText.xml	TXT_KEY_REV_MOD_INITIALIZING_SS_ASSASSINATE	[NEWLINE][TAB]Assassinate Mission	
Revolution_Init_CIV4GameText.xml	TXT_KEY_REV_MOD_INITIALIZING_BUG_OPTIONS_SHORTCUT	[NEWLINE]CTRL-ALT-O = Game Options	
Revolution_Init_CIV4GameText.xml	TXT_KEY_REV_MOD_INITIALIZING_INIT_POPUP	[NEWLINE]CTRL-SHIFT-Q = This popup	
Revolution_Init_CIV4GameText.xml	TXT_KEY_REV_MOD_INITIALIZING_AI_AUTOPLAY	[NEWLINE]CTRL-SHIFT-X = AI Autoplay	
Revolutions.xml	TXT_KEY_CDA_COLUMN_REV_IDX	RevIdx	
Revolutions.xml	TXT_KEY_CDA_COLUMN_REV_LOCAL_PER_TURN	Local/T	
Revolutions.xml	TXT_KEY_CDA_COLUMN_REV_NATIONAL_PER_TURN	Nat./T	
Revolutions.xml	TXT_KEY_REVOLUTIONS_CONCEPT_MECHANICS	[H2]Mechanics[\\H2]Each city in your empire has an [BOLD]instability[\\BOLD] ([ICON_INSTABILITY]) value. Each turn, [ICON_INSTABILITY] is increased or decreased by factors such as happiness, distance to capital, religion, nationality, garrison, and others. These factors are listed below in more detail. All factors can be viewed in-game using the Revolution Advisor (%s1).[NEWLINE][PARAGRAPH:0]If [ICON_INSTABILITY] in a city rises over %d2, the city may instigate a revolt, possibly including nearby unstable cities. Revolts come in many different styles, including requests to change civics, requests to change state religion, and demands for independence. No matter what the scenario, you will always be given choices when confronted with a rebellious city. If you repeatedly deny demands and fail to improve stability, a violent revolution will break out.	
Revolutions.xml	TXT_KEY_REVOLUTIONS_CONCEPT_FFH_INTEGRATION	[H2]FfH integration[\\H2]Revolutions are an experimental feature. While fully functional, this game option is only partially integrated into the mod. Instability mechanics have been adjusted to make sense in the world of Erebus, but actual revolts are still relatively generic. I (lfgr) plan to add more diverse revolution styles in the future, such as religion-specific uprisings.	
Revolutions.xml	TXT_KEY_REVOLUTIONS_CONCEPT_FACTORS	[H2]Instability factors[\\H2]Below is the list of effects affecting stability every turn. This page is only inteded to give a rough overview, check the in-game Revolution Advisor (%s1) for more details. Most factors below are capped at some maximum stability or instability. In some cases, the cap can be changed by buildings or civics. There are also many buildings and civics that increase or decrease the effect of certain factors.	
Revolutions.xml	TXT_KEY_REVOLUTIONS_CONCEPT_HAPPINESS	[BOLD]Happiness/Unhappiness.[\\BOLD] In most cases, the easiest way to keep your cities from revolting is through happiness. On the other hand, excess unhappiness majorly contributes to instability, unless special buildings or civics are used to counter the effect. [NEWLINE]Both effects are much more noticeable for smaller cities, since they're proportional to excess [ICON_HAPPY]/[ICON_UNHAPPY] divided by population size.	
Revolutions.xml	TXT_KEY_REVOLUTIONS_CONCEPT_LOCATION	[BOLD]Location.[\\BOLD] Each city that is not your capital or a government center (i.e., has %s1) gets a location penalty depending on the distance to the nearest capital (or government center). Size is also a factor; large cities get a larger location penalty. Ways of reducing the location penalty is to connect your cities via roads, rivers, the sea, or teleportation (via %s2).	
Revolutions.xml	TXT_KEY_REVOLUTIONS_CONCEPT_RELIGION	[BOLD]Religion.[\\BOLD] Cities with your state religion get a stability bonus. All other religions cause instability, depending on the level of animosity to your state religion. The worst penalty comes from %s1 vs. %s2. Even if your state religion is neither, they will still cause a small amount of instability.	
Revolutions.xml	TXT_KEY_REVOLUTIONS_CONCEPT_NATIONALITY	[BOLD]Nationality.[\\BOLD] Foreign culture in your cities causes instability. The effect increases quadratically with increasing percentage, so small amounts of foreign culture should not be a problem. Culture from your team members does not count as foreign. Moreover, culture from vassals and other players with your civilization (with whom you're at peace) count partially.	
Revolutions.xml	TXT_KEY_REVOLUTIONS_CONCEPT_GARRISON	[BOLD]Garrison.[\\BOLD] Stationing troops in a city improves stability. Your citizens take one unit per five population points for granted; you need more units to increase stability (though less units do not cause instability). Some promotions increase your units' stability bonus.	
Revolutions.xml	TXT_KEY_REVOLUTIONS_CONCEPT_DISORDER	[BOLD]Disorder.[\\BOLD] Disorder causes a lot of instability, especially in cities that haven't revolted yet. Since instability again causes revolts, this can quickly snowball into an uprising. Some units can spread culture (%s1), which also ends revolts - it might be handy to have some of those at the ready.	
Revolutions.xml	TXT_KEY_REVOLUTIONS_CONCEPT_MISC	[BOLD]Other effects.[\\BOLD][NEWLINE] [ICON_BULLET]Culture rate provides some stability. The effect grows with the square root of the actual culture rate, so you get diminishing returns when investing a lot in culture.[NEWLINE] [ICON_BULLET]Excess unhealthiness causes a small amount of instability.[NEWLINE] [ICON_BULLET]A golden age provides a big statbility bonus in all cities.[NEWLINE] [ICON_BULLET]If the number of cities is small, you get a small statbility bonus in all cities, whereas a large amount of cities causes a small penalty (the exact meaning of "small" and "large" depends on the map sizue.[NEWLINE] [ICON_BULLET]Various buildings and civics provide a flat stability bonus or instability penalty every turn.	
Revolutions.xml	TXT_KEY_REVOLUTIONS_CONCEPT_STRATEGY	[H2]Strategy[\\H2]As mentioned, several buildings and civics modify the strength of the above effects. Some civics enable different play styles in this way. For example, [LINK=CIVIC_SACRIFICE_THE_WEAK]Sacrifice the weak[\\LINK] procides a flat instability penalty each turn, and increases the likelihood of revolutions turning violent. On the other hand, the instability penalty from unhappiness is reduced, and the effectiveness of stationing military units in your cities in increased. This is useful e.g. for [LINK=CIVILIZATION_CALABIM]Calabim[\\LINK] players, who rely on excess unhappiness in cities.[NEWLINE][PARAGRAPH:0]Another example is [LINK=CIVIC_ARISTOCRACY]Aristocracy[\\LINK], which has a hefty flat instability penalty (which has to be countered somehow), but decreases instability from distance, and therefore makes large empires more viable.	
SentryActions_CIV4GameText.xml	TXT_KEY_MISSION_SENTRY_WHILE_HEAL	Sentry Until Healed	
SentryActions_CIV4GameText.xml	TXT_KEY_MISSION_SENTRY_WHILE_HEAL_HELP	The unit remains inactive until it reaches full strength or an enemy unit enters its visibility range.	
SentryActions_CIV4GameText.xml	TXT_KEY_MISSION_SENTRY_NAVAL_UNITS	Sentry (Naval Units)	
SentryActions_CIV4GameText.xml	TXT_KEY_MISSION_SENTRY_NAVAL_UNITS_HELP	The unit remains inactive until an enemy naval unit enters its visibility range.	
SentryActions_CIV4GameText.xml	TXT_KEY_MISSION_SENTRY_LAND_UNITS	Sentry (Land Units)	
SentryActions_CIV4GameText.xml	TXT_KEY_MISSION_SENTRY_LAND_UNITS_HELP	The unit remains inactive until an enemy land unit enters its visibility range.	
SentryActions_CIV4GameText.xml	TXT_KEY_MISSION_MOVE_TO_SENTRY	Move and Sentry	
SentryActions_CIV4GameText.xml	TXT_KEY_MISSION_MOVE_TO_SENTRY_HELP	The unit moves until an enemy unit of the same type enters its visibility range.	
SentryActions_CIV4GameText.xml	TXT_KEY_INTERFACEMODE_GO_TO_SENTRY	Go To and Sentry Mode	
SentryActions_CIV4GameText.xml	TXT_KEY_INTERFACEMODE_GO_TO_SENTRY_HELP	Order the selected unit to move to a tile. The unit stops before reaching its destination if an enemy unit of the same type enters its visibility range.	
Sevopedia_CIV4GameText.xml	TXT_KEY_SEVOPEDIA_TITLE	SEVOPEDIA	
Sevopedia_CIV4GameText.xml	TXT_KEY_PEDIA_SCREEN_INDEX	Index	
Sevopedia_CIV4GameText.xml	TXT_KEY_PEDIA_SCREEN_CONTENTS	Contents	
Sevopedia_CIV4GameText.xml	TXT_KEY_PEDIA_CATEGORY_UNIT_UPGRADES	Unit Upgrades	
Sevopedia_CIV4GameText.xml	TXT_KEY_PEDIA_CATEGORY_PROMOTION_TREE	Promotion Tree	
Sevopedia_CIV4GameText.xml	TXT_KEY_PEDIA_CATEGORY_NATIONAL_WONDERS	National Wonders	
Sevopedia_CIV4GameText.xml	TXT_KEY_PEDIA_CATEGORY_GREAT_WONDERS	Great Wonders	
Sevopedia_CIV4GameText.xml	TXT_KEY_PEDIA_CATEGORY_CONCEPT_NEW	BTS Concepts	
Sevopedia_CIV4GameText.xml	TXT_KEY_PEDIA_FAV_CIVIC_AND_RELIGION	Favorite Civic and Religion	
Shortcuts_CIV4GameText.xml	TXT_KEY_PEDIA_CATEGORY_SHORTCUTS	Shortcuts	
Shortcuts_CIV4GameText.xml	TXT_KEY_SHORTCUTS_ADVISORS	Advisors	
Shortcuts_CIV4GameText.xml	TXT_KEY_SHORTCUTS_UNITS	Units	
Shortcuts_CIV4GameText.xml	TXT_KEY_SHORTCUTS_CITYSCREEN	City Screen	
Shortcuts_CIV4GameText.xml	TXT_KEY_SHORTCUTS_MOUSE	Mouse	
Shortcuts_CIV4GameText.xml	TXT_KEY_SHORTCUTS_BUG	BUG Mod	
Shortcuts_CIV4GameText.xml	TXT_KEY_SHORTCUTS_MAP	Map	
Shortcuts_CIV4GameText.xml	TXT_KEY_SHORTCUTS_GAME	Game	
Shortcuts_CIV4GameText.xml	TXT_KEY_SHORTCUTS_CAMERA	Camera	
Shortcuts_CIV4GameText.xml	TXT_KEY_SHORTCUTS_MP	Multi-Player	
Shortcuts_CIV4GameText.xml	TXT_KEY_SHORTCUTS_ADVISORS_PEDIA	[H1]Advisors[\\H1][NEWLINE][BOLD][COLOR_HIGHLIGHT_TEXT]F1[COLOR_REVERT][\\BOLD][TAB][TAB][TAB]Domestic Advisor[NEWLINE][BOLD][COLOR_HIGHLIGHT_TEXT]Alt+F1[COLOR_REVERT][\\BOLD][TAB][TAB]Split Colonies[NEWLINE][BOLD][COLOR_HIGHLIGHT_TEXT]F2[COLOR_REVERT][\\BOLD][TAB][TAB][TAB]Financial Advisor[NEWLINE][BOLD][COLOR_HIGHLIGHT_TEXT]F3[COLOR_REVERT][\\BOLD][TAB][TAB][TAB]Civics Advisor[NEWLINE][BOLD][COLOR_HIGHLIGHT_TEXT]F4[COLOR_REVERT][\\BOLD][TAB][TAB][TAB]Foreign Advisor[NEWLINE][BOLD][COLOR_HIGHLIGHT_TEXT]F5[COLOR_REVERT][\\BOLD][TAB][TAB][TAB]Military Advisor[NEWLINE][BOLD][COLOR_HIGHLIGHT_TEXT]F6[COLOR_REVERT][\\BOLD][TAB][TAB][TAB]Technology Advisor[NEWLINE][BOLD][COLOR_HIGHLIGHT_TEXT]F7[COLOR_REVERT][\\BOLD][TAB][TAB][TAB]Religion Advisor[NEWLINE][BOLD][COLOR_HIGHLIGHT_TEXT]Shift+F7[COLOR_REVERT][\\BOLD][TAB][TAB]Corporation Advisor[NEWLINE][BOLD][COLOR_HIGHLIGHT_TEXT]Ctrl+E[COLOR_REVERT][\\BOLD][TAB][TAB]Espionage Advisor[NEWLINE][BOLD][COLOR_HIGHLIGHT_TEXT]F8[COLOR_REVERT][\\BOLD][TAB][TAB][TAB]Victory Status[NEWLINE][BOLD][COLOR_HIGHLIGHT_TEXT]F9[COLOR_REVERT][\\BOLD][TAB][TAB][TAB]Demographics[NEWLINE][BOLD][COLOR_HIGHLIGHT_TEXT]F10[COLOR_REVERT][\\BOLD][TAB][TAB][TAB]Capital City[NEWLINE][BOLD][COLOR_HIGHLIGHT_TEXT]F11[COLOR_REVERT][\\BOLD][TAB][TAB][TAB]Globe View[NEWLINE][BOLD][COLOR_HIGHLIGHT_TEXT]F12[COLOR_REVERT][\\BOLD][TAB][TAB][TAB]Civilopedia[NEWLINE]	
Shortcuts_CIV4GameText.xml	TXT_KEY_SHORTCUTS_UNITS_PEDIA	[H1]Units[\\H1][NEWLINE][BOLD][COLOR_HIGHLIGHT_TEXT]B[COLOR_REVERT][\\BOLD][TAB][TAB][TAB]Bombard[NEWLINE][BOLD][COLOR_HIGHLIGHT_TEXT]B[COLOR_REVERT][\\BOLD][TAB][TAB][TAB]Build City (Settler)[NEWLINE][BOLD][COLOR_HIGHLIGHT_TEXT]C[COLOR_REVERT][\\BOLD][TAB][TAB][TAB]Center on unit[NEWLINE][BOLD][COLOR_HIGHLIGHT_TEXT]E[COLOR_REVERT][\\BOLD][TAB][TAB][TAB]Explore[NEWLINE][BOLD][COLOR_HIGHLIGHT_TEXT]F[COLOR_REVERT][\\BOLD][TAB][TAB][TAB]Fortify[NEWLINE][BOLD][COLOR_HIGHLIGHT_TEXT]G[COLOR_REVERT][\\BOLD][TAB][TAB][TAB]Go-to mode[NEWLINE][BOLD][COLOR_HIGHLIGHT_TEXT]I[COLOR_REVERT][\\BOLD][TAB][TAB][TAB]Intercept[NEWLINE][BOLD][COLOR_HIGHLIGHT_TEXT]L[COLOR_REVERT][\\BOLD][TAB][TAB][TAB]Load (onto ship)[NEWLINE][BOLD][COLOR_HIGHLIGHT_TEXT]S[COLOR_REVERT][\\BOLD][TAB][TAB][TAB]Sentry (wake for enemy)[NEWLINE][BOLD][COLOR_HIGHLIGHT_TEXT]U[COLOR_REVERT][\\BOLD][TAB][TAB][TAB]Unload (from ship)[NEWLINE][BOLD][COLOR_HIGHLIGHT_TEXT]W[COLOR_REVERT][\\BOLD][TAB][TAB][TAB]Wait (move later in turn)[NEWLINE][BOLD][COLOR_HIGHLIGHT_TEXT]Alt+Click[COLOR_REVERT][\\BOLD][TAB][TAB]Group all units together[NEWLINE][BOLD][COLOR_HIGHLIGHT_TEXT]Ctrl+(#)[COLOR_REVERT][\\BOLD][TAB][TAB]Bind selected group or unit to number[NEWLINE][BOLD][COLOR_HIGHLIGHT_TEXT]Ctrl+Click[COLOR_REVERT][\\BOLD][TAB][TAB]Group same type together[NEWLINE][BOLD][COLOR_HIGHLIGHT_TEXT]Shift+Click[COLOR_REVERT][\\BOLD][TAB]Tile context menu[NEWLINE][BOLD][COLOR_HIGHLIGHT_TEXT]Shift+P[COLOR_REVERT][\\BOLD][TAB][TAB]Pillage[NEWLINE][BOLD][COLOR_HIGHLIGHT_TEXT]Space[COLOR_REVERT][\\BOLD][TAB][TAB]Skip turn for unit[NEWLINE][BOLD][COLOR_HIGHLIGHT_TEXT]Delete[COLOR_REVERT][\\BOLD][TAB][TAB]Delete unit[NEWLINE][BOLD][COLOR_HIGHLIGHT_TEXT]Numpad 5[COLOR_REVERT][\\BOLD][TAB][TAB]Center on unit[NEWLINE][BOLD][COLOR_HIGHLIGHT_TEXT]Numpad arrows[COLOR_REVERT][\\BOLD][TAB]Use numpad to move units[NEWLINE][NEWLINE][H1]Air Units[\\H1][NEWLINE][BOLD][COLOR_HIGHLIGHT_TEXT]B[COLOR_REVERT][\\BOLD][TAB][TAB]Air bomb mode (cities/tiles)[NEWLINE][BOLD][COLOR_HIGHLIGHT_TEXT]R[COLOR_REVERT][\\BOLD][TAB][TAB]Recon mode[NEWLINE][BOLD][COLOR_HIGHLIGHT_TEXT]S[COLOR_REVERT][\\BOLD][TAB][TAB]Air strike mode (enemy units)[NEWLINE][BOLD][COLOR_HIGHLIGHT_TEXT]Alt+R[COLOR_REVERT][\\BOLD][TAB]Rebase[NEWLINE][NEWLINE][H1]Work Boats[\\H1][NEWLINE][BOLD][COLOR_HIGHLIGHT_TEXT]F[COLOR_REVERT][\\BOLD][TAB][TAB]Build fishing nets[NEWLINE][BOLD][COLOR_HIGHLIGHT_TEXT]O[COLOR_REVERT][\\BOLD][TAB][TAB]Build offshore platform[NEWLINE][BOLD][COLOR_HIGHLIGHT_TEXT]Shift+W[COLOR_REVERT][\\BOLD][TAB]Build whaling boats[NEWLINE][NEWLINE][H1]Workers[\\H1][NEWLINE][BOLD][COLOR_HIGHLIGHT_TEXT]A[COLOR_REVERT][\\BOLD][TAB][TAB][TAB]Automate[NEWLINE][BOLD][COLOR_HIGHLIGHT_TEXT]H[COLOR_REVERT][\\BOLD][TAB][TAB][TAB]Build camp[NEWLINE][BOLD][COLOR_HIGHLIGHT_TEXT]I[COLOR_REVERT][\\BOLD][TAB][TAB][TAB]Build farm (irrigate)[NEWLINE][BOLD][COLOR_HIGHLIGHT_TEXT]K[COLOR_REVERT][\\BOLD][TAB][TAB][TAB]Build workshop[NEWLINE][BOLD][COLOR_HIGHLIGHT_TEXT]L[COLOR_REVERT][\\BOLD][TAB][TAB][TAB]Build lumbermill[NEWLINE][BOLD][COLOR_HIGHLIGHT_TEXT]M[COLOR_REVERT][\\BOLD][TAB][TAB][TAB]Build mine[NEWLINE][BOLD][COLOR_HIGHLIGHT_TEXT]N[COLOR_REVERT][\\BOLD][TAB][TAB][TAB]Build trade network[NEWLINE][BOLD][COLOR_HIGHLIGHT_TEXT]Q[COLOR_REVERT][\\BOLD][TAB][TAB][TAB]Build quarry[NEWLINE][BOLD][COLOR_HIGHLIGHT_TEXT]R[COLOR_REVERT][\\BOLD][TAB][TAB][TAB]Build road/railroad[NEWLINE][BOLD][COLOR_HIGHLIGHT_TEXT]T[COLOR_REVERT][\\BOLD][TAB][TAB][TAB]Build cottage[NEWLINE][BOLD][COLOR_HIGHLIGHT_TEXT]Alt+C[COLOR_REVERT][\\BOLD][TAB][TAB]Remove forest/jungle[NEWLINE][BOLD][COLOR_HIGHLIGHT_TEXT]Alt+R[COLOR_REVERT][\\BOLD][TAB][TAB]Road-to mode[NEWLINE][BOLD][COLOR_HIGHLIGHT_TEXT]Ctrl+F[COLOR_REVERT][\\BOLD][TAB][TAB]Build fort[NEWLINE][BOLD][COLOR_HIGHLIGHT_TEXT]Shift+Ctrl+C[COLOR_REVERT][\\BOLD][TAB]Improve nearest city[NEWLINE][BOLD][COLOR_HIGHLIGHT_TEXT]Shift+P[COLOR_REVERT][\\BOLD][TAB][TAB]Build pasture/plantation[NEWLINE][BOLD][COLOR_HIGHLIGHT_TEXT]Shift+W[COLOR_REVERT][\\BOLD][TAB][TAB]Build watermill (river), windmill (hill), winery (wine), well (oil)[NEWLINE]	
Shortcuts_CIV4GameText.xml	TXT_KEY_SHORTCUTS_CITYSCREEN_PEDIA	[H1]City Screen[\\H1][NEWLINE][BOLD][COLOR_HIGHLIGHT_TEXT]Enter[COLOR_REVERT][\\BOLD][TAB][TAB][TAB][TAB][TAB]Exit city screen[NEWLINE][BOLD][COLOR_HIGHLIGHT_TEXT]Alt+add item to build queue[COLOR_REVERT][\\BOLD][TAB]Build item indefinitely[NEWLINE][BOLD][COLOR_HIGHLIGHT_TEXT]Ctrl+add item to build queue[COLOR_REVERT][\\BOLD][TAB]Add to beginning of queue[NEWLINE][BOLD][COLOR_HIGHLIGHT_TEXT]Shift+add item to build queue[COLOR_REVERT][\\BOLD][TAB]Add item to end of queue[NEWLINE][BOLD][COLOR_HIGHLIGHT_TEXT]Ctrl+(#)[COLOR_REVERT][\\BOLD][TAB][TAB][TAB][TAB][TAB]Save a production queue. Load w/same key[NEWLINE][BOLD][COLOR_HIGHLIGHT_TEXT]Insert[COLOR_REVERT][\\BOLD][TAB][TAB][TAB][TAB][TAB]Open nearest friendly city screen[NEWLINE][BOLD][COLOR_HIGHLIGHT_TEXT]Middle mouse button[COLOR_REVERT][\\BOLD][TAB][TAB][TAB]Exit city screen[NEWLINE][BOLD][COLOR_HIGHLIGHT_TEXT]Numpad arrows[COLOR_REVERT][\\BOLD][TAB][TAB][TAB][TAB]Cycle through cities[NEWLINE][BOLD][COLOR_HIGHLIGHT_TEXT]Click Fwd, Back mouse buttons[COLOR_REVERT][\\BOLD][TAB]Cycle through cities[NEWLINE]	
Shortcuts_CIV4GameText.xml	TXT_KEY_SHORTCUTS_MOUSE_PEDIA	[H1]Mouse Shortcuts[\\H1][NEWLINE][BOLD][COLOR_HIGHLIGHT_TEXT]Alt+click on city bar[COLOR_REVERT][\\BOLD][TAB][TAB][TAB][TAB][TAB]Select all player's cities[NEWLINE][BOLD][COLOR_HIGHLIGHT_TEXT]Alt+click on Civ in score display[COLOR_REVERT][\\BOLD][TAB][TAB][TAB]Declare war on that Civ[NEWLINE][BOLD][COLOR_HIGHLIGHT_TEXT]Alt+right-click a tile[COLOR_REVERT][\\BOLD][TAB][TAB][TAB][TAB][TAB]Move all units from same tile to selected tile[NEWLINE][BOLD][COLOR_HIGHLIGHT_TEXT]Ctrl+click on city bar[COLOR_REVERT][\\BOLD][TAB][TAB][TAB][TAB][TAB]Select all cities on same continent[NEWLINE][BOLD][COLOR_HIGHLIGHT_TEXT]Ctrl+click on Civ in score display[COLOR_REVERT][\\BOLD][TAB][TAB]Open trade window with that Civ[NEWLINE][BOLD][COLOR_HIGHLIGHT_TEXT]Ctrl+roll mouse wheel[COLOR_REVERT][\\BOLD][TAB][TAB][TAB][TAB]Cycle units on tile[NEWLINE][BOLD][COLOR_HIGHLIGHT_TEXT]Shift+click any city bars[COLOR_REVERT][\\BOLD][TAB][TAB][TAB][TAB]Select multiple cities (to change production)[NEWLINE][BOLD][COLOR_HIGHLIGHT_TEXT]Shift+right-click any city bars[COLOR_REVERT][\\BOLD][TAB][TAB][TAB]Set rally point for multiple cities[NEWLINE][BOLD][COLOR_HIGHLIGHT_TEXT]Shift+click on city bars[COLOR_REVERT][\\BOLD][TAB][TAB][TAB][TAB]Select those cities to change queue[NEWLINE][BOLD][COLOR_HIGHLIGHT_TEXT]Shift+click any tile[COLOR_REVERT][\\BOLD][TAB][TAB][TAB][TAB][TAB]Open context menu for that tile[NEWLINE][BOLD][COLOR_HIGHLIGHT_TEXT]Shift+Right Click city bars[COLOR_REVERT][\\BOLD][TAB][TAB][TAB][TAB]Set rally point for those cities[NEWLINE][BOLD][COLOR_HIGHLIGHT_TEXT]Roll mouse wheel[COLOR_REVERT][\\BOLD][TAB][TAB][TAB][TAB][TAB]Zoom in/out[NEWLINE][BOLD][COLOR_HIGHLIGHT_TEXT]Click+hold left and right mouse buttons[COLOR_REVERT][\\BOLD][TAB]Drag map[NEWLINE][BOLD][COLOR_HIGHLIGHT_TEXT]Click+hold right mouse button over enemy[COLOR_REVERT][\\BOLD][TAB]Display combat odds[NEWLINE][BOLD][COLOR_HIGHLIGHT_TEXT]Click any tile[COLOR_REVERT][\\BOLD][TAB][TAB][TAB][TAB][TAB][TAB]Center the map on that tile[NEWLINE][BOLD][COLOR_HIGHLIGHT_TEXT]Click Fwd and Back mouse buttons[COLOR_REVERT][\\BOLD][TAB][TAB]Cycle through units on the same tile[NEWLINE]	
Shortcuts_CIV4GameText.xml	TXT_KEY_SHORTCUTS_BUG_PEDIA	[H1]BUG Mod[\\H1][NEWLINE][BOLD][COLOR_HIGHLIGHT_TEXT]Alt+Ctrl+O[COLOR_REVERT][\\BOLD][TAB][TAB]BUG Option Screen[NEWLINE][BOLD][COLOR_HIGHLIGHT_TEXT]Alt+Ctrl+F1[COLOR_REVERT][\\BOLD][TAB][TAB]BUG Help (external)[NEWLINE][BOLD][COLOR_HIGHLIGHT_TEXT]Alt+M, Alt+Ctrl+R[COLOR_REVERT][\\BOLD][TAB]Create reminder[NEWLINE][BOLD][COLOR_HIGHLIGHT_TEXT]Alt+L[COLOR_REVERT][\\BOLD][TAB][TAB][TAB]Start/Stop logging[NEWLINE][BOLD][COLOR_HIGHLIGHT_TEXT]Alt+E[COLOR_REVERT][\\BOLD][TAB][TAB][TAB]Create manual log entry[NEWLINE][BOLD][COLOR_HIGHLIGHT_TEXT]Alt+B[COLOR_REVERT][\\BOLD][TAB][TAB][TAB]Log battle statistics[NEWLINE][BOLD][COLOR_HIGHLIGHT_TEXT]Alt+X[COLOR_REVERT][\\BOLD][TAB][TAB][TAB]Toggle dotmap edit mode[NEWLINE][BOLD][COLOR_HIGHLIGHT_TEXT]Ctrl+X[COLOR_REVERT][\\BOLD][TAB][TAB][TAB]Show/hide dotmap[NEWLINE][BOLD][COLOR_HIGHLIGHT_TEXT]Alt+G[COLOR_REVERT][\\BOLD][TAB][TAB][TAB]Regenerate the map[NEWLINE][BOLD][COLOR_HIGHLIGHT_TEXT]Alt+Ctrl+G[COLOR_REVERT][\\BOLD][TAB][TAB]Start/Stop MapFinder[NEWLINE][NEWLINE]Hold [BOLD][COLOR_HIGHLIGHT_TEXT]Alt[COLOR_REVERT][\\BOLD] while hovering the mouse over a unit icon in the plot list to highlight its possible moves on the map.	
Shortcuts_CIV4GameText.xml	TXT_KEY_SHORTCUTS_MAP_PEDIA	[H1]Map[\\H1][NEWLINE][BOLD][COLOR_HIGHLIGHT_TEXT]P[COLOR_REVERT][\\BOLD][TAB][TAB][TAB][TAB]Ping the map[NEWLINE][BOLD][COLOR_HIGHLIGHT_TEXT]Alt+I[COLOR_REVERT][\\BOLD][TAB][TAB][TAB]Remove interface[NEWLINE][BOLD][COLOR_HIGHLIGHT_TEXT]Ctrl+I[COLOR_REVERT][\\BOLD][TAB][TAB][TAB]Minimize interface[NEWLINE][BOLD][COLOR_HIGHLIGHT_TEXT]Ctrl+B[COLOR_REVERT][\\BOLD][TAB][TAB][TAB]Toggle bare map on/off[NEWLINE][BOLD][COLOR_HIGHLIGHT_TEXT]Ctrl+R[COLOR_REVERT][\\BOLD][TAB][TAB][TAB]Flag resources on/off[NEWLINE][BOLD][COLOR_HIGHLIGHT_TEXT]Ctrl+T[COLOR_REVERT][\\BOLD][TAB][TAB][TAB]Turn grid on/off[NEWLINE][BOLD][COLOR_HIGHLIGHT_TEXT]Ctrl+Y[COLOR_REVERT][\\BOLD][TAB][TAB][TAB]Turn tile yields on/off[NEWLINE]	
Shortcuts_CIV4GameText.xml	TXT_KEY_SHORTCUTS_GAME_PEDIA	[H1]Game[\\H1][NEWLINE][BOLD][COLOR_HIGHLIGHT_TEXT]Alt+D[COLOR_REVERT][\\BOLD][TAB][TAB][TAB]Change player name/email[NEWLINE][BOLD][COLOR_HIGHLIGHT_TEXT]Alt+Q[COLOR_REVERT][\\BOLD][TAB][TAB][TAB]Retire (give up)[NEWLINE][BOLD][COLOR_HIGHLIGHT_TEXT]Ctrl+W[COLOR_REVERT][\\BOLD][TAB][TAB][TAB]Access Worldbuilder[NEWLINE][BOLD][COLOR_HIGHLIGHT_TEXT]Ctrl+Z[COLOR_REVERT][\\BOLD][TAB][TAB][TAB]Enter "chipotle" Debug Mode[NEWLINE][BOLD][COLOR_HIGHLIGHT_TEXT]Home, End[COLOR_REVERT][\\BOLD][TAB][TAB][TAB]Cycle through cities[NEWLINE][BOLD][COLOR_HIGHLIGHT_TEXT]Insert[COLOR_REVERT][\\BOLD][TAB][TAB][TAB]Open nearest friendly city screen[NEWLINE][BOLD][COLOR_HIGHLIGHT_TEXT]Enter[COLOR_REVERT][\\BOLD][TAB][TAB][TAB]Cycle units, end turn[NEWLINE][BOLD][COLOR_HIGHLIGHT_TEXT]Ctrl+S[COLOR_REVERT][\\BOLD][TAB][TAB][TAB]Save game[NEWLINE][BOLD][COLOR_HIGHLIGHT_TEXT]Ctrl+L[COLOR_REVERT][\\BOLD][TAB][TAB][TAB]Load game[NEWLINE][BOLD][COLOR_HIGHLIGHT_TEXT]Shift+F5[COLOR_REVERT][\\BOLD][TAB][TAB][TAB]Quick save (Single player only)[NEWLINE][BOLD][COLOR_HIGHLIGHT_TEXT]Shift+F8[COLOR_REVERT][\\BOLD][TAB][TAB][TAB]Quick load (Single player only)[NEWLINE][BOLD][COLOR_HIGHLIGHT_TEXT]Ctrl+M[COLOR_REVERT][\\BOLD][TAB][TAB][TAB]Turn music on/off[NEWLINE][BOLD][COLOR_HIGHLIGHT_TEXT]Ctrl+O[COLOR_REVERT][\\BOLD][TAB][TAB][TAB]Options menu[NEWLINE][BOLD][COLOR_HIGHLIGHT_TEXT]Esc[COLOR_REVERT][\\BOLD][TAB][TAB][TAB][TAB]Exit current screen/open menu[NEWLINE][BOLD][COLOR_HIGHLIGHT_TEXT]Ctrl+Tab[COLOR_REVERT][\\BOLD][TAB][TAB][TAB]Chat/Event Log[NEWLINE][BOLD][COLOR_HIGHLIGHT_TEXT]Shift+D[COLOR_REVERT][\\BOLD][TAB][TAB][TAB]Contact Civ popup[NEWLINE][BOLD][COLOR_HIGHLIGHT_TEXT]Shift+Enter[COLOR_REVERT][\\BOLD][TAB][TAB]Force turn to end[NEWLINE][BOLD][COLOR_HIGHLIGHT_TEXT]Pause[COLOR_REVERT][\\BOLD][TAB][TAB][TAB]Pause game/pauses turn timer[NEWLINE][BOLD][COLOR_HIGHLIGHT_TEXT]Print Screen[COLOR_REVERT][\\BOLD][TAB][TAB]Take Screenshot[NEWLINE][BOLD][COLOR_HIGHLIGHT_TEXT]\\[COLOR_REVERT][\\BOLD][TAB][TAB][TAB][TAB]Cycle to previous unit[NEWLINE][BOLD][COLOR_HIGHLIGHT_TEXT]Ctrl+C[COLOR_REVERT][\\BOLD][TAB][TAB][TAB]Set all units of same type as active[NEWLINE][BOLD][COLOR_HIGHLIGHT_TEXT]Enter[COLOR_REVERT][\\BOLD][TAB][TAB][TAB]Cycle units, end turn[NEWLINE][BOLD][COLOR_HIGHLIGHT_TEXT], (comma)[COLOR_REVERT][\\BOLD][TAB][TAB][TAB]Cycle to previous unit (same tile)[NEWLINE][BOLD][COLOR_HIGHLIGHT_TEXT]. (period)[COLOR_REVERT][\\BOLD][TAB][TAB][TAB]Cycle to next unit (same tile)[NEWLINE][BOLD][COLOR_HIGHLIGHT_TEXT]/[COLOR_REVERT][\\BOLD][TAB][TAB][TAB][TAB]Cycle through active workers[NEWLINE]	
Shortcuts_CIV4GameText.xml	TXT_KEY_SHORTCUTS_CAMERA_PEDIA	[H1]Camera[\\H1][NEWLINE][BOLD][COLOR_HIGHLIGHT_TEXT]Ctrl+Left Arrow[COLOR_REVERT][\\BOLD][TAB]Lock camera angle 45 o CW[NEWLINE][BOLD][COLOR_HIGHLIGHT_TEXT]Ctrl+Right Arrow[COLOR_REVERT][\\BOLD][TAB]Lock camera angle 45 o CCW[NEWLINE][BOLD][COLOR_HIGHLIGHT_TEXT]Alt+F[COLOR_REVERT][\\BOLD][TAB][TAB][TAB]Satellite view[NEWLINE][BOLD][COLOR_HIGHLIGHT_TEXT]Alt+O[COLOR_REVERT][\\BOLD][TAB][TAB][TAB]Change perspective[NEWLINE][BOLD][COLOR_HIGHLIGHT_TEXT]Alt+Ctrl+F[COLOR_REVERT][\\BOLD][TAB][TAB]Flying camera mode (enable in INI file)[NEWLINE][BOLD][COLOR_HIGHLIGHT_TEXT]Shift+Left Arrow[COLOR_REVERT][\\BOLD][TAB]Rotate camera CW[NEWLINE][BOLD][COLOR_HIGHLIGHT_TEXT]Shift+Right Arrow[COLOR_REVERT][\\BOLD][TAB]Rotate camera CCW[NEWLINE][BOLD][COLOR_HIGHLIGHT_TEXT]Page Up[COLOR_REVERT][\\BOLD][TAB][TAB][TAB]Zoom camera in[NEWLINE][BOLD][COLOR_HIGHLIGHT_TEXT]Page Down[COLOR_REVERT][\\BOLD][TAB][TAB]Zoom camera out[NEWLINE]	
Shortcuts_CIV4GameText.xml	TXT_KEY_SHORTCUTS_MP_PEDIA	[H1]Multi-Player[\\H1][NEWLINE][BOLD][COLOR_HIGHLIGHT_TEXT]Tab[COLOR_REVERT][\\BOLD][TAB][TAB][TAB][TAB]Chat to team[NEWLINE][BOLD][COLOR_HIGHLIGHT_TEXT]Scroll Lock[COLOR_REVERT][\\BOLD][TAB][TAB]Voice chat to team[NEWLINE][BOLD][COLOR_HIGHLIGHT_TEXT]Shift+Scroll Lock[COLOR_REVERT][\\BOLD][TAB]Voice chat to all[NEWLINE][BOLD][COLOR_HIGHLIGHT_TEXT]Ctrl+Scroll Lock[COLOR_REVERT][\\BOLD][TAB]Voice chat in Diplomacy screen[NEWLINE][BOLD][COLOR_HIGHLIGHT_TEXT]Shift+Tab[COLOR_REVERT][\\BOLD][TAB][TAB][TAB]Chat to all[NEWLINE]	
SpecialistEnhancements_CIV4GameText.xml	TXT_KEY_BAD_HEALTH_FROM_SPECIALISTS	%D1_Change[ICON_UNHEALTHY] from Specialists	
SpecialistEnhancements_CIV4GameText.xml	TXT_KEY_GOOD_HEALTH_FROM_SPECIALISTS	%D1_Change[ICON_HEALTHY] from Specialists	
SpecialistEnhancements_CIV4GameText.xml	TXT_KEY_UNHAPPY_SPECIALISTS	+%d1_Change[ICON_UNHAPPY]: "We are angered by some citizens' occupations!"	
SpecialistEnhancements_CIV4GameText.xml	TXT_KEY_HAPPY_SPECIALISTS	+%d1_Change[ICON_HAPPY]: "Some citizens' jobs please us!"	
SpellHelp.xml	TXT_KEY_SPELL_COST	[ICON_BULLET]Costs %d1[ICON_GOLD]	
SpellHelp.xml	TXT_KEY_SPELL_COST_CANNOT_PAY	[ICON_BULLET][COLOR_RED]Costs %d1[COLOR_REVERT][ICON_GOLD]	
SpellHelp.xml	TXT_KEY_SPELL_PROFIT	[ICON_BULLET]Receive %d1[ICON_GOLD]	
SpellHelp.xml	TXT_KEY_MESSAGE_SPELL_CAST	%s1_UnitName casts %s2	
SpellHelp.xml	TXT_KEY_MESSAGE_SPELL_MISCAST	%s1_UnitName miscasts %s2	
SpellHelp.xml	TXT_KEY_SPELL_IGNORE_HAS_CASTED	[ICON_BULLET]Can be cast even after casting another spell this turn	
SpellHelp.xml	TXT_KEY_SPELL_PREREQ_CASTER_ALIVE	[ICON_BULLET]Caster must be alive	
SpellHelp.xml	TXT_KEY_SPELL_PREREQ_CASTER_NO_DURATION	[ICON_BULLET]Caster must not be temporary	
SpellHelp.xml	TXT_KEY_SPELL_VOTE_PREREQ	[ICON_BULLET]Requires the resolution %s1_vote	
SpellHelp.xml	TXT_KEY_SPELL_PREREQ_POPULATION	[ICON_BULLET]Requires at least %d1 population points	
SpellHelp.xml	TXT_KEY_SPELL_ADD_POPULATION	[ICON_BULLET]Increases the population of the city by %d1	
SpellHelp.xml	TXT_KEY_SPELL_REMOVE_POPULATION	[ICON_BULLET]Reduces the population of the city by %d1	
SpellHelp.xml	TXT_KEY_SPELL_MISCAST_CHANCE	[ICON_BULLET]%d1% to be miscast	
SpellHelp.xml	TXT_KEY_SPELL_MISCAST_CHANCE_RANGE	[ICON_BULLET]%d1-%d2% to be miscast	
SpellHelp.xml	TXT_KEY_SPELL_MISCAST_CHANCE_MODIFY	[ICON_BULLET]%D1% to the miscasting rate	
SpellHelp.xml	TXT_KEY_TERRAFORM_TRANSFORMS	[ICON_BULLET]Turns [COLOR_HIGHLIGHT_TEXT]%s1[COLOR_REVERT] into [COLOR_HIGHLIGHT_TEXT]%s2[COLOR_REVERT]	
SpellHelp.xml	TXT_KEY_SPELL_STARTS_WAR_WITH	[ICON_BULLET][COLOR_NEGATIVE_TEXT]Starts a war with %s1_player[COLOR_REVERT]	
SpellHelp.xml	TXT_KEY_SPELL_ADD_PROMOTION_HEADER	[COLOR_ALT_HIGHLIGHT_TEXT]Promotion: %s1[COLOR_REVERT]	
SpellHelp.xml	TXT_KEY_SPELL_CREATE_BUILDING_PRE_HEADER	[COLOR_BUILDING_TEXT]Building: [COLOR_REVERT]	
SpellHelp.xml	TXT_KEY_SPELL_CREATE_UNIT_PRE_HEADER	[COLOR_UNIT_TEXT]Unit: [COLOR_REVERT]	
SpellHelp.xml	TXT_KEY_SPELL_SUMMON_UNIT	[ICON_BULLET]Summons a [LINK=literal]%s1_unit[\\LINK]	
SpellHelp.xml	TXT_KEY_SPELL_SUMMON_UNIT_MULTIPLE	[ICON_BULLET]Summons %D1 [LINK=literal]%s2_unitname[\\LINK](s)	
SpellHelp.xml	TXT_KEY_SPELL_SUMMON_UNIT_PERMANENT	[SPACE](permanent)	
SpellHelp.xml	TXT_KEY_SPELL_SUMMON_UNIT_IMMOBILE	[NEWLINE][ICON_BULLET]Unit starts immobile	
SpellHelp.xml	TXT_KEY_SPELL_HELP_HAS_ACTIVE_SUMMON	[COLOR_NEGATIVE_TEXT]Can only maintain one summon of this type[COLOR_REVERT]	
SpellHelp.xml	TXT_KEY_SPELL_HELP_SUMMONS_VS_SUMMONERS	(%d1/%d2 summoned units active)	
SpellHelp.xml	TXT_KEY_SPELL_HELP_SUMMONS_VS_SUMMONERS_UNAVAILABLE	[COLOR_NEGATIVE_TEXT](%d1/%d2 summoned units active)[COLOR_REVERT]	
Spells.xml	SPELL_SPRING_PUT_OUT_FLAMES	[ICON_BULLET]Puts out smoke or flames on %d1 tiles	
Spells.xml	TXT_KEY_FEAST_XP	[ICON_BULLET]Unit gains %d1 XP.	
Spells.xml	TXT_KEY_FEAST_XP_MULTI	[ICON_BULLET]%d1 units gain %d2-%d3 XP.	
Strategy Overlay Options.xml	TXT_KEY_BUG_OPT_STRATEGYOVERLAY__ENABLED_TEXT	Enabled	
Strategy Overlay Options.xml	TXT_KEY_BUG_OPT_STRATEGYOVERLAY__ENABLED_HOVER	When checked, the shortcut keys and features of the Strategy Layer are activated.	
Strategy Overlay Options.xml	TXT_KEY_BUG_OPT_STRATEGYOVERLAY__SHOWDOTMAP_TEXT	Show Dot Map	
Strategy Overlay Options.xml	TXT_KEY_BUG_OPT_STRATEGYOVERLAY__SHOWDOTMAP_HOVER	When checked, the city-planning dot map layer is shown overlaying the terrain.	
Strategy Overlay Options.xml	TXT_KEY_BUG_OPT_STRATEGYOVERLAY__DOTMAPDRAWDOTS_TEXT	Draw City Dots	
Strategy Overlay Options.xml	TXT_KEY_BUG_OPT_STRATEGYOVERLAY__DOTMAPDRAWDOTS_HOVER	When checked, an icon is drawn in the center of the borders of planned cities.	
Strategy Overlay Options.xml	TXT_KEY_BUG_OPT_STRATEGYOVERLAY__DOTMAPDOTICON_TEXT	City Dot Icon	
Strategy Overlay Options.xml	TXT_KEY_BUG_OPT_STRATEGYOVERLAY__DOTMAPDOTICON_HOVER	The index number of the icon to be placed in the center of the borders of planned cities.	
Strategy Overlay Options.xml	TXT_KEY_BUG_OPT_STRATEGYOVERLAY__DOTMAPBRIGHTNESS_TEXT	Brightness	
Strategy Overlay Options.xml	TXT_KEY_BUG_OPT_STRATEGYOVERLAY__DOTMAPBRIGHTNESS_HOVER	Determines the brightness of planned cities.	
Strategy Overlay Options.xml	TXT_KEY_BUG_OPT_STRATEGYOVERLAY__DOTMAPHIGHLIGHTBRIGHTNESS_TEXT	Highlight Brightness	
Strategy Overlay Options.xml	TXT_KEY_BUG_OPT_STRATEGYOVERLAY__DOTMAPHIGHLIGHTBRIGHTNESS_HOVER	Determines the brightness of the highlighted city being placed.	
StrategyOverlay_CIV4GameText.xml	TXT_KEY_STRATOVERLAY_TITLE	Strategy Overlay	
StrategyOverlay_CIV4GameText.xml	TXT_KEY_STRATOVERLAY_DOTMAPPER	Dot Mapper	
StrategyOverlay_CIV4GameText.xml	TXT_KEY_STRATOVERLAY_PLACECITY	Place City	
StrategyOverlay_CIV4GameText.xml	TXT_KEY_STRATOVERLAY_REMOVECITY	Remove City	
StrategyOverlay_CIV4GameText.xml	TXT_KEY_STRATOVERLAY_COLORSELECT	Color Selection	
StrategyOverlay_CIV4GameText.xml	TXT_KEY_STRATOVERLAY_SIGNS	Signs	
StrategyOverlay_CIV4GameText.xml	TXT_KEY_STRATOVERLAY_ADDSIGN_TITLE	Add Overlay Sign	
StrategyOverlay_CIV4GameText.xml	TXT_KEY_STRATOVERLAY_ADDSIGN_BODY	Caption for the sign	
StrategyOverlay_CIV4GameText.xml	TXT_KEY_STRATOVERLAY_ADDSIGN	Add Sign	
StrategyOverlay_CIV4GameText.xml	TXT_KEY_STRATOVERLAY_REMOVESIGN	Remove Sign	
StrategyOverlay_CIV4GameText.xml	TXT_KEY_STRATOVERLAY_ADDSIGN_EDITBOX_HELP	Enter the text to be displayed on the sign	
TechWindow Options.xml	TXT_KEY_BUG_OPT_TECHWINDOW__VIEWTYPE_TEXT	View	
TechWindow Options.xml	TXT_KEY_BUG_OPT_TECHWINDOW__VIEWTYPE_HOVER	Determines the view to display when you discover a technology.[NEWLINE][ICON_BULLET][COLOR_HIGHLIGHT_TEXT]Original[COLOR_REVERT] - Default minimal Civ4 view.[NEWLINE][ICON_BULLET][COLOR_HIGHLIGHT_TEXT]Detailed[COLOR_REVERT] - Adds more detailed information.[NEWLINE][ICON_BULLET][COLOR_HIGHLIGHT_TEXT]Wide[COLOR_REVERT] - Wider version of the Detailed view.	
TechWindow Options.xml	TXT_KEY_BUG_OPT_TECHWINDOW__VIEWTYPE_LIST	Original|Detailed|Wide	
TechWindow Options.xml	TXT_KEY_BUG_OPT_TECHWINDOW__CIVILOPEDIATEXT_TEXT	Show Civilopedia Text	
TechWindow Options.xml	TXT_KEY_BUG_OPT_TECHWINDOW__CIVILOPEDIATEXT_HOVER	When checked, includes the Civilopedia text after the quote for the discovered technology.	
TraitsPedia_CIV4GameText.xml	TXT_KEY_TRAIT_AGGRESSIVE_PEDIA	[TAB]This is a warmonger's trait. You get a free promotion for most of your units (the best units in the game, really--melee and gunpowder) and cheap barracks and drydocks to provide additional promotions. If you don't go to war when you're Aggressive, you're wasting the trait.[PARAGRAPH:1][H1]High-Priority Technologies[\\H1][PARAGRAPH:1][ICON_BULLET][LINK=TECH_BRONZE_WORKING]Bronze Working[\\LINK][PARAGRAPH:1][ICON_BULLET][LINK=TECH_IRON_WORKING]Iron Working[\\LINK][PARAGRAPH:1][ICON_BULLET][LINK=TECH_CIVIL_SERVICE]Civil Service[\\LINK][PARAGRAPH:1][ICON_BULLET][LINK=TECH_MACHINERY]Machinery[\\LINK][PARAGRAPH:1][ICON_BULLET][LINK=TECH_GUNPOWDER]Gunpowder[\\LINK][PARAGRAPH:1][ICON_BULLET][LINK=TECH_CHEMISTRY]Chemistry[\\LINK][PARAGRAPH:1][ICON_BULLET][LINK=TECH_RIFLING]Rifling[\\LINK][PARAGRAPH:1][ICON_BULLET][LINK=TECH_STEEL]Steel[\\LINK][PARAGRAPH:1][ICON_BULLET][LINK=TECH_ASSEMBLY_LINE]Assembly Line[\\LINK][PARAGRAPH:1][H1]Useful Wonders[\\H1][PARAGRAPH:1][ICON_BULLET][LINK=BUILDING_HEROIC_EPIC]Heroic Epic[\\LINK][PARAGRAPH:1][ICON_BULLET][LINK=BUILDING_WEST_POINT]West Point[\\LINK][PARAGRAPH:1][ICON_BULLET][LINK=BUILDING_RED_CROSS]Red Cross[\\LINK][PARAGRAPH:1][ICON_BULLET][LINK=BUILDING_PENTAGON]The Pentagon[\\LINK][PARAGRAPH:1][ICON_BULLET][LINK=BUILDING_STATUE_OF_ZEUS]Statue of Zeus[\\LINK][PARAGRAPH:1][H1]Best Buildings[\\H1][PARAGRAPH:1][ICON_BULLET][LINK=BUILDING_BARRACKS]Barracks[\\LINK][PARAGRAPH:1][ICON_BULLET][LINK=BUILDING_DRYDOCK]Drydock[\\LINK][PARAGRAPH:1][ICON_BULLET][LINK=BUILDING_STABLE]Stable[\\LINK][PARAGRAPH:1][H1]Useful Civics[\\H1][PARAGRAPH:1][ICON_BULLET][LINK=CIVIC_VASSALAGE]Vassalage[\\LINK][PARAGRAPH:1][ICON_BULLET][LINK=CIVIC_THEOCRACY]Theocracy[\\LINK][PARAGRAPH:1][ICON_BULLET][LINK=CIVIC_NATIONHOOD]Nationhood[\\LINK][PARAGRAPH:1][ICON_BULLET][LINK=CIVIC_POLICE_STATE]Police State[\\LINK][PARAGRAPH:1][ICON_BULLET][LINK=CIVIC_STATE_PROPERTY]State Property[\\LINK][PARAGRAPH:1][H1]How to Use It[\\H1][PARAGRAPH:1]How to use this trait? War. Duh. Am I not making myself clear, here? Put together a horde and go kill somebody already.[NEWLINE]You'll want your forces to mostly be composed of units that benefit from the trait: Melee units (Warriors, Axemen, Swordsmen, Spearmen, Macemen, Pikemen), Gunpowder units (Musketmen, Riflemen, Grenadiers, Infantry, SAM Infantry, Marines, Mechanized Infantry) and their UU variants.[NEWLINE]Drydocks make Steel a priority technology; likewise with technologies that enable one of the aforementioned units. Note that some of the Aggressive leaders have a UU that benefit from the trait (Montezuma, Alexander, Tokugawa, Ragnar, Shaka) and some do not (Genghis, Kublai, Stalin). The latter do benefit from the cheap barracks, however. Also, remember that you'll need more units than just melee and gunpowder--siege weapons and mounted may not receive Aggressive's free Combat I, but they're still essential.[NEWLINE]The Statue of Zeus world wonder is very good to have--mainly so that someone you're attacking doesn't have it. War weariness is bad enough as it is; having it doubled will definitely put a crimp in your world domination plans.[PARAGRAPH:1][H1]The Downside[\\H1][PARAGRAPH:1]Aggressive in and of itself has no economic advantages and may, in fact, over-encourage you to accrue too many economic liabilities. Every unit has a maintenance cost, remember, and that cost goes up when the unit leaves home turf. In addition, every conquered city has maintenance costs. Over-conquering, especially early in the game, can be just as bad as over-expanding.[NEWLINE]On the plus side, since Aggressive should mean you have better units, hopefully you'll need fewer of them.	
TraitsPedia_CIV4GameText.xml	TXT_KEY_TRAIT_CHARISMATIC_PEDIA	[TAB]Charismatic was introduced with the Warlords expansion pack (along with Imperialistic and Protective) and is definitely the best of the three new traits. It is clearly a warmonger's trait, mainly because of the reduced XP requirement for each promotion. By warring early, you can amass a force of highly-promoted veteran units which you can keep upgrading as the game progresses.[PARAGRAPH:1]The extra happiness from the trait and two buildings also helps with warmongering, since it reduces war weariness. It should also help you financially; whether you run a CE or SE or a hybrid, more population because of an elevated happiness cap always means a stronger economy.[PARAGRAPH:1][H1]High-Priority Technologies[\\H1][PARAGRAPH:1][ICON_BULLET][LINK=TECH_MYSTICISM]Mysticism[\\LINK][PARAGRAPH:1][ICON_BULLET][LINK=TECH_AGRICULTURE]Agriculture[\\LINK][PARAGRAPH:1][ICON_BULLET][LINK=TECH_ANIMAL_HUSBANDRY]Animal Husbandry[\\LINK][PARAGRAPH:1][ICON_BULLET][LINK=TECH_RADIO]Radio[\\LINK][PARAGRAPH:1][ICON_BULLET][LINK=TECH_MASS_MEDIA]Mass Media[\\LINK][PARAGRAPH:1][H1]Useful Wonders[\\H1][PARAGRAPH:1][ICON_BULLET][LINK=BUILDING_STONEHENGE]Stonehenge[\\LINK][PARAGRAPH:1][ICON_BULLET][LINK=BUILDING_HEROIC_EPIC]Heroic Epic[\\LINK][PARAGRAPH:1][ICON_BULLET][LINK=BUILDING_WEST_POINT]West Point[\\LINK][PARAGRAPH:1][ICON_BULLET][LINK=BUILDING_EIFFEL_TOWER]The Eiffel Tower[\\LINK][PARAGRAPH:1][ICON_BULLET][LINK=BUILDING_PENTAGON]The Pentagon[\\LINK][PARAGRAPH:1][H1]Best Buildings[\\H1][PARAGRAPH:1][ICON_BULLET][LINK=BUILDING_MONUMENT]Monument[\\LINK][PARAGRAPH:1][ICON_BULLET][LINK=BUILDING_BARRACKS]Barracks[\\LINK][PARAGRAPH:1][ICON_BULLET][LINK=BUILDING_STABLE]Stable[\\LINK][PARAGRAPH:1][ICON_BULLET][LINK=BUILDING_DRYDOCK]Drydock[\\LINK][PARAGRAPH:1][ICON_BULLET][LINK=BUILDING_BROADCAST_TOWER]Broadcast Tower[\\LINK][PARAGRAPH:1][H1]Useful Civics[\\H1][PARAGRAPH:1][ICON_BULLET][LINK=CIVIC_VASSALAGE]Vassalage[\\LINK][PARAGRAPH:1][ICON_BULLET][LINK=CIVIC_THEOCRACY]Theocracy[\\LINK][PARAGRAPH:1][H1]How to Use It[\\H1][PARAGRAPH:1]When you're Charismatic, go to war early to collect those promotions and build your army of veterans. Playing with barbs, even raging barbs, turned on allows you to amass more promotions faster, so you will likely have a powerful army by the time you've dealt with the barbarians and are ready to turn on your neighbours.[PARAGRAPH:1]Also be sure to take advantage of the elevated happiness cap. Prioritize growth in the early game: ensure each city has good food resources, bee-line to Pottery so you can build Granaries, and build Workers so you can ensure all your extra citizens have improved tiles to work. Chop Workers and Settlers as much as possible to hurry their builds and get your cities back to growing their populations.[PARAGRAPH:1]Mysticism and Mass Media are obvious tech targets in order to enable the happiness-increasing buildings (which are, unfortunately, not made cheaper by the trait; Charismatic is one of the few traits without a cheap building). Alternatively, you may bee-line to Radio and build the Eiffel Tower, which gives you a free broadcast tower in every one of your cities.[PARAGRAPH:1]Stonehenge is also an attractive wonder, since it gives you a free monument in each city. However, remember that those monuments magically disappear once you discover Calendar (Astronomy in BtS). Broadcast Towers and the Eiffel Tower, in contrast, never become obsolete. Also, any monument you build directly stays put to produce culture, and the culture doubles after 1000 years.[PARAGRAPH:1][H1]The Downside[\\H1][PARAGRAPH:1]As mentioned above, while Charismatic enhances the effects of two buildings, it has no cheap building, a limitation it shares only with the Financial and Imperialistic traits.[PARAGRAPH:1]Balancing early growth with the need to have a large number of Workers to ensure those extra citizens have improved tiles to work can be tricky. In addition to ensuring each city has at least one food resource, also try to ensure it has forests for chop-rushing Workers.	
TraitsPedia_CIV4GameText.xml	TXT_KEY_TRAIT_CREATIVE_PEDIA	[TAB]Creative is powerful early in the game, allowing you to quickly expand your borders and thereby claim territory and resources. The Warlords 2.08 patch added cheap Libraries, one of the best buildings in the game, making this trait even better.[PARAGRAPH:1][H1]High-Priority Technologies[\\H1][PARAGRAPH:1][ICON_BULLET][LINK=TECH_WRITING]Writing[\\LINK][PARAGRAPH:1][ICON_BULLET][LINK=TECH_DRAMA]Drama[\\LINK][PARAGRAPH:1][ICON_BULLET][LINK=TECH_CONSTRUCTION]Construction[\\LINK][PARAGRAPH:1][H1]Useful Wonders[\\H1][PARAGRAPH:1][ICON_BULLET]n/a[PARAGRAPH:1][H1]Best Buildings[\\H1][PARAGRAPH:1][ICON_BULLET][LINK=BUILDING_LIBRARY]Library[\\LINK][PARAGRAPH:1][ICON_BULLET][LINK=BUILDING_THEATRE]Theatre[\\LINK][PARAGRAPH:1][ICON_BULLET][LINK=BUILDING_COLOSSEUM]Colosseum[\\LINK][PARAGRAPH:1][H1]Useful Civics[\\H1][PARAGRAPH:1][ICON_BULLET][LINK=CIVIC_FREE_SPEECH]Free Speech[\\LINK][PARAGRAPH:1][H1]How to Use It[\\H1][PARAGRAPH:1]The big benefit Creative provides is allowing you more freedom in your city placement and in your early city builds. You don't have to worry about placing a city so a crucial resource is in its first ring of workable tiles so you can access it right away; it will be workable within a few short turns of founding the city. You can also skip monuments, Stonehenge, and spreading a religion (well, you can be a little more relaxed about the latter, at least).[PARAGRAPH:1]In addition, Creative may allow you to win some early game tug-o-war battles with a nearby civ over a key resource tile. By the same token, if the map lends itself to it, you can use the trait to seal off territory at a choke point. Creative is also something of a defensive trait, a cousin to Protective. By expanding your borders earlier and infusing the tiles with your culture, you have more territory that the enemy has to trudge through to attack you. It's also harder for another civilization to take tiles from you by city placement or by conquering cities. Creative also raises the cultural defense of a city faster, making it tougher to conquer.[PARAGRAPH:1]Writing enables the trait's cheap libraries, so it's obviously an even more important tech than before. The cheap theatres and coliseums may or may not be useful, depending on your strategy and circumstances in the game. You may want to warmonger in the mid or late game to get your most out of these buildings, using them to decrease war weariness.[PARAGRAPH:1][H1]The Downside[\\H1][PARAGRAPH:1]Creative is a trait that is extremely useful in the early game and gets weaker as the game goes on. The +2[ICON_CULTURE] becomes less and less of a factor as the game progresses and more methods of producing culture accrue in each city. Also, the cheap buildings are available early and are all relatively cheap to begin with, so their faster production times will be less noticeable later in the game. By the middle of most games, the Creative trait is mostly a non-factor.	
TraitsPedia_CIV4GameText.xml	TXT_KEY_TRAIT_EXPANSIVE_PEDIA	[TAB]Expansive doesn't look that great at first glance. In fact, it first appears to belong in the category of "weak" traits, like Protective. After all, health is not a big problem; it's happiness that cramps your growth early in the game. And once you get used to those sickly green tendrils floating around your city, you realize that its effects aren't usually that bad. Health problems just slow growth a little.[PARAGRAPH:1]But hang on. Granaries--cheap for Expansive leaders--are one of the most useful buildings in the game. With grains, they provide additional health. But more importantly, they allow you to leverage slavery by growing your sacrificed population back faster.[PARAGRAPH:1]And with the Warlords 2.08 patch, Expansive got a needed boost thanks to slightly cheaper workers. You can always use more workers, especially early in the game.[PARAGRAPH:1][H1]High-Priority Technologies[\\H1][PARAGRAPH:1][ICON_BULLET][LINK=TECH_POTTERY]Pottery[\\LINK][PARAGRAPH:1][ICON_BULLET][LINK=TECH_COMPASS]Compass[\\LINK][PARAGRAPH:1][ICON_BULLET][LINK=TECH_BRONZE_WORKING]Bronze Working[\\LINK][PARAGRAPH:1][ICON_BULLET][LINK=TECH_MATHEMATICS]Mathematics[\\LINK][PARAGRAPH:1][H1]Useful Wonders[\\H1][PARAGRAPH:1][ICON_BULLET][LINK=BUILDING_HANGING_GARDEN]The Hanging Gardens[\\LINK][PARAGRAPH:1][ICON_BULLET][LINK=BUILDING_NOTRE_DAME]Notre Dame[\\LINK][PARAGRAPH:1][H1]Best Buildings[\\H1][PARAGRAPH:1][ICON_BULLET][LINK=BUILDING_GRANARY]Granary[\\LINK][PARAGRAPH:1][ICON_BULLET][LINK=BUILDING_HARBOR]Harbor[\\LINK][PARAGRAPH:1][H1]Useful Civics[\\H1][PARAGRAPH:1][ICON_BULLET][LINK=CIVIC_SLAVERY]Slavery[\\LINK][PARAGRAPH:1][H1]How to Use It[\\H1][PARAGRAPH:1]Bee-line to Pottery. Build (or whip) your cheap granaries. Whip some more and keep whipping.[PARAGRAPH:1]Read up on how to best leverage the slavery civic in order to maximize hammer overflow from whipping, making both the build you whip and the following build cheaper. Thanks to the granary, the population will grow back faster, allowing you to whip them again.[PARAGRAPH:1]Obviously, build more Workers since they're cheaper for you, and put them to work. Get your tiles improved and your resources connected faster. Just remember that the +25% for Worker builds is accelerated by hammers, not by food, so you'll need to improve some tiles with good production and work them while the Worker is being built to take advantage of this. Since harbours are cheap, try to claim several coastal cities so you can leverage the advantages of that cheap building.[PARAGRAPH:1]Also look for opportunities to leverage that +2 health. Early on, you can place a city smack-dab in the jungle, for example, or surrounded by flood plains. In addition, you can construct healthreducing buildings like forges and factories with less concern for their impact on health. You can chop more forests because you don't need their health benefits (hence the attractiveness of the Bronze Working and Mathematics techs). Just keep in mind that the trait does not make your cities invincible, and you will have to concern yourself with their health--just later rather than sooner.[PARAGRAPH:1]The Hanging Gardens is an attractive wonder for Expansive. It might not seem so at first--I already have a health boost, why do I need more? Because you're pursuing a strategy that pushes the envelope of your cities' health, that's why. I'm fond of wonders and buildings that further enhance a trait's benefits (which is why I like to try to build the Parthenon when I'm playing as a Philosophical leader, for example). The Hanging Gardens also provides more citizens to whip away. And hey--GPP towards a Great Engineer! You gotta like that.[PARAGRAPH:1]Notre Dame can also be handy. If you're whipping 'til your hands bleed, the big cathedral's happy boost may be very welcome indeed.[PARAGRAPH:1][H1]The Downside[\\H1][PARAGRAPH:1]Like many other traits such as Creative, the effects of Expansive diminish as the game goes on. Other means of increasing health appear, the cheap buildings are early ones, and by the end of the game, once your railroad network is complete, your plentiful, cheap workers start to become idle. You may also switch away from the Slavery civic, losing one of the principal benefits of the cheap granaries.[PARAGRAPH:1]And as with most other traits, Expansive does not provide any direct economic benefits.	
TraitsPedia_CIV4GameText.xml	TXT_KEY_TRAIT_FINANCIAL_PEDIA	[TAB]This is quite probably the strongest of the traits, at least at levels below Emperor, so much so that many players consider Financial to be a "crutch" and avoid leaders with this trait because they feel it offers an unfair advantage. The game developers apparently agreed, hence in one of the early patches they removed the double production speed of banks to lessen its power. Even so, Financial remains a truly awesome trait.[PARAGRAPH:1]At first, it seems so subtle: +1[ICON_COMMERCE] on some tiles? So what?[PARAGRAPH:1]The answer, of course, is this: It's the economy, stupid. Say what you want about military, research, religion, and other game elements; ultimately, your civilization requires a robust economy in order to support everything else you do. Military units incur maintenance costs, more so if they're outside of your territory. Cities likewise have maintenance costs, hampering your rate of expansion and requiring you to ensure each city can somehow pay for itself. And to keep up in technology you have to be able to set aside funds to support research. The Financial trait makes all of these tasks a little easier--if handled well, a lot easier.[PARAGRAPH:1][H1]High-Priority Technologies[\\H1][PARAGRAPH:1][ICON_BULLET][LINK=TECH_POTTERY]Pottery[\\LINK][PARAGRAPH:1][ICON_BULLET][LINK=TECH_CURRENCY]Currency[\\LINK][PARAGRAPH:1][ICON_BULLET][LINK=TECH_GUILDS]Guilds[\\LINK][PARAGRAPH:1][ICON_BULLET][LINK=TECH_BANKING]Banking[\\LINK][PARAGRAPH:1][ICON_BULLET][LINK=TECH_LIBERALISM]Liberalism[\\LINK][PARAGRAPH:1][ICON_BULLET][LINK=TECH_PRINTING_PRESS]Printing Press[\\LINK][PARAGRAPH:1][ICON_BULLET][LINK=TECH_DEMOCRACY]Democracy[\\LINK][PARAGRAPH:1][ICON_BULLET][LINK=TECH_CORPORATION]Corporation[\\LINK][PARAGRAPH:1][H1]Useful Wonders[\\H1][PARAGRAPH:1][ICON_BULLET][LINK=BUILDING_COLOSSUS]The Colossus[\\LINK][PARAGRAPH:1][ICON_BULLET][LINK=BUILDING_WALL_STREET]Wall Street[\\LINK][PARAGRAPH:1][H1]Best Buildings[\\H1][PARAGRAPH:1][ICON_BULLET][LINK=BUILDING_MARKET]Market[\\LINK][PARAGRAPH:1][ICON_BULLET][LINK=BUILDING_GROCER]Grocer[\\LINK][PARAGRAPH:1][ICON_BULLET][LINK=BUILDING_BANK]Bank[\\LINK][PARAGRAPH:1][ICON_BULLET][LINK=BUILDING_LIBRARY]Library[\\LINK][PARAGRAPH:1][ICON_BULLET][LINK=BUILDING_UNIVERSITY]University[\\LINK][PARAGRAPH:1][ICON_BULLET][LINK=BUILDING_OBSERVATORY]Observatory[\\LINK][PARAGRAPH:1][ICON_BULLET][LINK=BUILDING_LABORATORY]Laboratory[\\LINK][PARAGRAPH:1][H1]Useful Civics[\\H1][PARAGRAPH:1][ICON_BULLET][LINK=CIVIC_FREE_SPEECH]Free Speech[\\LINK][PARAGRAPH:1][ICON_BULLET][LINK=CIVIC_EMANCIPATION]Emancipation[\\LINK][PARAGRAPH:1][H1]How to Use It[\\H1][PARAGRAPH:1]The main way to leverage the financial trait is very straightforward: cottage spam. Yes, the tried-and-true Cottage Economy, or CE. Have your [LINK=UNIT_WORKER]Workers[\\LINK] lay down as many [LINK=IMPROVEMENT_COTTAGE]cottages[\\LINK] as your population can work while still working other worthwhile tiles as well. I'm especially fond of placing cottages on riverside grassland tiles, as the Financial benefit kicks in as soon as the cottage is built, and the 2 food feeds the citizen working the tile (floodplains, with 3 food, are even better for cottages, supporting city growth along with the economy). Just remember you may have to irrigate some of those tiles instead, by placing farms on them, in order to feed and grow your population and/or to chain irrigate another tile. Make sure you have citizens working the cottages steadily, however, as it's the only way to make them grow and increase their revenue.[PARAGRAPH:1]In addition, be on the lookout for resources that provide additional commerce. Gems, gold, and silver are obvious targets, but spices, silk, and wine are good as well; all will earn you the +1[ICON_COMMERCE] benefit in addition to the additional commerce of the resource. You want to claim these resources, ensure they're in a city's fat cross, and are improved and then worked by a citizen. Most of the commerce-rich resources also increase happiness, which means you can grow your other cities larger and, in turn, work more cottages and other commerce-rich tiles.[PARAGRAPH:1]Since you'll have all that extra commerce rolling in, prioritize buildings that do something with it, and the technologies that enable them. Libraries, monasteries, universities, observatories, and laboratories all multiply the amount of research you convert from commerce via the science slider, while markets, grocers, and banks multiply whatever gold is left over. In addition, Printing Press will increase the yield from your cottage investment, as will the Free Speech civic. Emancipation will make any immature cottages grow faster.[PARAGRAPH:1][H1]The Downside[\\H1][PARAGRAPH:1]First off, Financial provides no direct benefit to a tile that isn't providing at least 2 commerce. This can make you reluctant to work tiles without the benefit, even though you will need to. This means a production city, which mostly works hammer-rich rather than commerce-rich tiles, gains no direct benefit from the trait. You will, however, need at least one production city, preferably more, so don't overlook them in favour of commerce cities. The same goes for tile improvements. Yes, you can place a cottage on a grassland hill. But should you? A mine would provide much-needed hammers, something commerce cities often chronically lack.[PARAGRAPH:1]The biggest problem with Financial, however, is the vulnerability of your economy, especially as time goes on. It takes a lot of turns to make a cottage grow into a town, but that investment can be quickly undone by a couple of pillaging enemy units. And the not-inconsiderable amount of gold to be gained from pillaging cottages is very tempting to the AI. You will need to garrison your best, oldest commerce cities with anti-pillaging units if you go to war. Also try to have your best commerce cities inland at the heart of your empire, rather than on the more vulnerable borders or coastline.	
TraitsPedia_CIV4GameText.xml	TXT_KEY_TRAIT_IMPERIALIST_PEDIA	[TAB]After several off-line games as Julius Caesar, my opinion of this trait has improved. I originally included it in the "Weak" category, but now feel it belongs in "Medium"--if it's used properly.[PARAGRAPH:1]Imperialistic supports aggressive expansion in two ways. First of all, Settlers are cheaper to build, allowing you to perform a faster land-grab early in the game. Second, to take advantage of the increased Great General emergence, you're encouraged to expand through aggression.[PARAGRAPH:1][H1]High-Priority Technologies[\\H1][PARAGRAPH:1][ICON_BULLET][LINK=TECH_BRONZE_WORKING]Bronze Working[\\LINK][PARAGRAPH:1][ICON_BULLET][LINK=TECH_MASONRY]Masonry[\\LINK][PARAGRAPH:1][ICON_BULLET][LINK=TECH_MATHEMATICS]Mathematics[\\LINK][PARAGRAPH:1][ICON_BULLET][LINK=TECH_CODE_OF_LAWS]Code of Laws[\\LINK][PARAGRAPH:1][ICON_BULLET][LINK=TECH_FASCISM]Fascism[\\LINK][PARAGRAPH:1][ICON_BULLET]All military technologies[PARAGRAPH:1][H1]Useful Wonders[\\H1][PARAGRAPH:1][ICON_BULLET][LINK=BUILDING_GREAT_WALL]The Great Wall[\\LINK][PARAGRAPH:1][ICON_BULLET][LINK=BUILDING_MT_RUSHMORE]Mount Rushmore[\\LINK][PARAGRAPH:1][H1]Best Buildings[\\H1][PARAGRAPH:1][ICON_BULLET][LINK=BUILDING_BARRACKS]Barracks[\\LINK][PARAGRAPH:1][H1]Useful Civics[\\H1][PARAGRAPH:1][ICON_BULLET][LINK=CIVIC_VASSALAGE]Vassalage[\\LINK][PARAGRAPH:1][ICON_BULLET][LINK=CIVIC_THEOCRACY]Theocracy[\\LINK][PARAGRAPH:1][ICON_BULLET][LINK=CIVIC_POLICE_STATE]Police State[\\LINK][PARAGRAPH:1][H1]How to Use It[\\H1][PARAGRAPH:1]Obviously, pursue a REX (Rapid EXpansion) strategy in the early game, and follow this up with an aggressive, warmonger's expansion policy once your core cities are established. This especially suits Catherine the Great of Russia, since her Creative trait has definite synergy with an early game land-grabbing strategy.[PARAGRAPH:1]Keep in mind that the increased Settler production comes from hammers, not food. This means you'll want to focus as much on mines as farms and pastures when improving tiles in the early game. Chopping and whipping contribute hammers, so those get multiplied by the trait as well--hence the attraction of Bronze Working and Mathematics.[PARAGRAPH:1]You can enhance the increased GG emergence further by building the Great Wall. In addition to keeping barbs away, that wonder also provides +100% Great General emergence from battles that take place within your cultural borders, resulting in a +200% GG boost with the trait when defending within your own territory. Masonry, therefore, and a source of stone are likely to be priorities when playing as a leader with this trait.[PARAGRAPH:1]The chief way to take advantage of the Imperialistic trait once the original period of REX is over is simple: war. War early and war often. It's the only way to generate Great Generals (and remember that battling barbs earns you XPs, but not points towards a Great General.) Great Generals are actually one of the most useful Great People in the game, even if they lack some of the uses of other GPs (such as lightbulbing technologies or starting a Golden Age). You can attach them to units to uber-promote them, put them in cities to provide additional XPs or boost unit production with a military academy. Just remember to prioritize Code of Laws and courthouses to keep your ever-expanding empire economically viable.[PARAGRAPH:1]Many players favour combining the first Great General with a unit and giving it the Medic I, II, and III promotions. This medic unit will heal your stacks faster, allowing them to return to the fray much sooner. You can also use a GG to give a unit the Leadership promotion, which creates synergy with the Imperialistic trait because the promotion results in double XPs for that unit from every battle it survives, and those double XPs are doubled again in their count towards your next Great General. You can also combine the GG with a Caravel to give it Flanking I, Navigtion I, and Navigation II in order to practically guarantee winning the circumnavigation bonus.[PARAGRAPH:1]Since you're going after several Great Generals (and likely basing much of your strategy on their benefits), you'll want to snag the free one that you get from researching Fascism first. With all the warmongering you'll be doing, you're going to want to build Mount Rushmore and run Police State to alleviate some of the War Weariness anyway.[PARAGRAPH:1][H1]The Downside[\\H1][PARAGRAPH:1]Well, for starters, there's no cheap building and no economic advantage. It seems logical that Imperialistic should have cheap courthouses, but Organized has those, and shifting them away would seriously weaken that trait. Perhaps jails would have been a good cheap building for Imperialistic. If Civ IV had useful forts, faster build times of those would have been logical for this trait as well.[PARAGRAPH:1]Instead of a cheap building, however, there's a cheap unit. But Imperialistic's boost to Settler builds comes from hammers, not food. This means you need to work at cross-purposes in the early game, building mines to ensure your Settler builds take advantage of the trait. If food also boosted the Setter's build time, this would be a much stronger trait.[PARAGRAPH:1]The biggest weakness of the trait, however, is that it locks you into a specific strategy. You don't have to play as a warmonger with the Aggressive trait; you could leverage it to build a strong army and military infrastructure (the cheap barracks and drydocks count towards your power rating, after all) so you're left alone to build. With Imperialistic, however, you have to warmonger. There's no other way to earn those Great Generals except by fighting other civs. Don't play with this trait unless you're in the mood to knock heads, or you're wasting it.	
TraitsPedia_CIV4GameText.xml	TXT_KEY_TRAIT_INDUSTRIOUS_PEDIA	[TAB]If Aggressive is the warmonger's trait, Industrious is the builder's trait. Wonders are cheaper, enhancing their "ooo--shiny" appeal and giving you a leg up in the competitions to get them built. In addition, forges, a building that makes other buildings faster to build, is, well, faster to build.[PARAGRAPH:1]As of the Beyond the Sword expansion pack, this is now Civilization IV's most exclusive club, though not by much. All the other traits have 9 or 10 leaders who possess them, while Industrious is shared by only 8 leaders. And no, there's still no Industrious/Philosophical trait combination; it's obviously regarded by the game designers as overpowered.[PARAGRAPH:1][H1]High-Priority Technologies[\\H1][PARAGRAPH:1][ICON_BULLET][LINK=TECH_MASONRY]Masonry[\\LINK][PARAGRAPH:1][ICON_BULLET][LINK=TECH_MONOTHEISM]Monotheism[\\LINK][PARAGRAPH:1][ICON_BULLET][LINK=TECH_METAL_CASTING]Metal Casting[\\LINK][PARAGRAPH:1][ICON_BULLET][LINK=TECH_ASSEMBLY_LINE]Assembly Line[\\LINK][PARAGRAPH:1][H1]Useful Wonders[\\H1][PARAGRAPH:1][ICON_BULLET]Er . . . pretty much all of them. Well, maybe except for Chichen Itza.[PARAGRAPH:1][H1]Best Buildings[\\H1][PARAGRAPH:1][ICON_BULLET][LINK=BUILDING_FORGE]Forge[\\LINK][PARAGRAPH:1][ICON_BULLET][LINK=BUILDING_FACTORY]Factory[\\LINK][PARAGRAPH:1][H1]Useful Civics[\\H1][PARAGRAPH:1][ICON_BULLET][LINK=CIVIC_ORGANIZED_RELIGION]Organized Religion[\\LINK][PARAGRAPH:1][ICON_BULLET][LINK=CIVIC_STATE_PROPERTY]State Property[\\LINK][PARAGRAPH:1][ICON_BULLET][LINK=CIVIC_CASTE_SYSTEM]Caste System[\\LINK][PARAGRAPH:1][ICON_BULLET][LINK=CIVIC_ENVIRONMENTALISM]Environmentalism[\\LINK][PARAGRAPH:1][H1]How to Use It[\\H1][PARAGRAPH:1]Build wonders, of course. Build them and leverage them and keep them out of the AI's grubby little hands. Also look for and claim the wonder-hurrying resources such as copper, iron, marble, and stone. Remember that the accelerated wonder production applies to the national wonders as well.[PARAGRAPH:1]Also, prioritize the Metal Casting tech in order to access your cheap building. A tactic with a great deal of synergy for Industrious leaders is to build the Oracle (a wonder, so it's cheaper) and select Metal Casting as your free technology. Then go build forges. Remember forges are also required for additional wonders like the Ironworks, the Colossus, the Eiffel Tower, and the Statue of Liberty. Since Metal Casting enables it, the Colossus is usually built right after its future city's forge is finished.[PARAGRAPH:1][H1]The Downside[\\H1][PARAGRAPH:1]When you're playing as an Industrious leader, the siren-like allure of being a "buildaholic" is even greater. Even though wonders are cheaper, they're still not dirt cheap. They require a considerable investment of hammers that could be put to better uses. As always, make sure the wonders you choose to build fit into your strategy and the circumstances of the game.	
TraitsPedia_CIV4GameText.xml	TXT_KEY_TRAIT_ORGANIZED_PEDIA	[TAB]Although Organized has a direct economic benefit--reducing the overhead of civics--it isn't nearly as big a boost in that regard as Financial. Nevertheless, saved GPT is saved GPT and is nothing to sneeze at.[PARAGRAPH:1][H1]High-Priority Technologies[\\H1][PARAGRAPH:1][ICON_BULLET][LINK=TECH_MONOTHEISM]Monotheism[\\LINK][PARAGRAPH:1][ICON_BULLET][LINK=TECH_CODE_OF_LAWS]Code of Laws[\\LINK][PARAGRAPH:1][ICON_BULLET][LINK=TECH_SAILING]Sailing[\\LINK][PARAGRAPH:1][ICON_BULLET][LINK=TECH_ASSEMBLY_LINE]Assembly Line[\\LINK][PARAGRAPH:1][H1]Useful Wonders[\\H1][PARAGRAPH:1][ICON_BULLET][LINK=BUILDING_GREAT_LIGHTHOUSE]The Great Lighthouse[\\LINK][PARAGRAPH:1][ICON_BULLET][LINK=BUILDING_FORBIDDEN_PALACE]The Forbidden Palace[\\LINK][PARAGRAPH:1][ICON_BULLET][LINK=BUILDING_CRISTO_REDENTOR]Cristo Redentor[\\LINK][PARAGRAPH:1][H1]Best Buildings[\\H1][PARAGRAPH:1][ICON_BULLET][LINK=BUILDING_COURTHOUSE]Courthouse[\\LINK][PARAGRAPH:1][ICON_BULLET][LINK=BUILDING_LIGHTHOUSE]Lighthouse[\\LINK][PARAGRAPH:1][ICON_BULLET][LINK=BUILDING_FACTORY]Factory[\\LINK][PARAGRAPH:1][H1]Useful Civics[\\H1][PARAGRAPH:1][ICON_BULLET][LINK=CIVIC_SLAVERY]Slavery[\\LINK][PARAGRAPH:1][ICON_BULLET][LINK=CIVIC_ORGANIZED_RELIGION]Organized Religion[\\LINK][PARAGRAPH:1][ICON_BULLET][LINK=CIVIC_BUREAUCRACY]Bureaucracy[\\LINK][PARAGRAPH:1][ICON_BULLET][LINK=CIVIC_POLICE_STATE]Police State[\\LINK][PARAGRAPH:1][ICON_BULLET][LINK=CIVIC_STATE_PROPERTY]State Property[\\LINK][PARAGRAPH:1][H1]How to Use It[\\H1][PARAGRAPH:1]Similar to Spiritual, technologies that enable civics--especially higher cost civics--are priorities. Unlike Spiritual, however, switching civics is not something to do constantly (unless you're Asoka, who has the best of both worlds in this regard). Also remember to choose a civic because you'll benefit from it, not just because it's available or because Organized will make it cheaper.[PARAGRAPH:1]The big benefits from Organized, however, are the cheap buildings--three of the best in the game. To leverage the lighthouses, try to build several coastal cities. Cheap courthouses make new cities cheaper, so you can employ this into a REX strategy or into warmongering or both.[PARAGRAPH:1]In fact, I tend to consider Organized to be a warmonger's trait (especially for Hammurabi, Julius Caesar, and Napoleon, whose companion traits are also warmonger-friendly). This is because my first build in a conquered city is a courthouse to reduce its maintenance cost, and Organized makes those courthouses cheaper to build--or whip.[PARAGRAPH:1]Finally, factories are one of the best late-game buildings, and the 2.08 patch has made them cheap for Organized.[PARAGRAPH:1]Technology priorities are obviously Sailing, Code of Laws, and Assembly Line for the cheap buildings. Other tech targets are those that enable some of the more useful but expensive civics, especially Civil Service for the powerful Bureaucracy civic. Its high upkeep cost will be cut in half for an Organized leader, increasing its utility. The same goes for Organized Religion (enabled by Monotheism) and Police State (enabled by Fascism).[PARAGRAPH:1][H1]The Downside[\\H1][PARAGRAPH:1]Like many traits, as the game progresses, Organized gets weaker. Your economy grows and high-upkeep civics gradually become more affordable. As a result, the addition of a late cheap building (factories) in the 2.08 patch was a welcome late-game boost to Organized. Nevertheless, the best period for Organized is definitely the mid-game when you're probably running Bureaucracy and Organized Religion and are still building your economy.	
TraitsPedia_CIV4GameText.xml	TXT_KEY_TRAIT_PHILOSOPHICAL_PEDIA	[TAB]Just as the Financial trait lends itself to the Commerce Economy, the Philosophical trait lends itself to the Specialist Economy (SE). The SE, of course, has many adherents, and the debate over which economy is best rages on.[PARAGRAPH:1]Suffice it to say that the SE is strongest in the hands of a Philosophical leader, since running all those specialists will result in many more Great People. You don't have to run a SE with a Philosophical leader, just as you can run a CE without the Financial trait, but the SE and the Philosophical trait are both at their strongest when combined.[PARAGRAPH:1]Great People have many uses, of course. In the Specialist Economy, they are principally used for "lightbulbing", that is, using the Great Person to discover a technology, usually research-free. You can then trade this "free technology" for techs you need from other civilizations. This allows you to run the research slider at 0% for most of the game while you rely on a combination of scientists and tech trades to keep up in research. (My version of the SE in a nutshell.)[PARAGRAPH:1][H1]High-Priority Technologies[\\H1][PARAGRAPH:1][ICON_BULLET][LINK=TECH_WRITING]Writing[\\LINK][PARAGRAPH:1][ICON_BULLET][LINK=TECH_POLYTHEISM]Polytheism[\\LINK][PARAGRAPH:1][ICON_BULLET][LINK=TECH_CODE_OF_LAWS]Code of Laws[\\LINK][PARAGRAPH:1][ICON_BULLET][LINK=TECH_PHILOSOPHY]Philosophy[\\LINK][PARAGRAPH:1][ICON_BULLET][LINK=TECH_EDUCATION]Education[\\LINK][PARAGRAPH:1][ICON_BULLET][LINK=TECH_BIOLOGY]Biology[\\LINK][PARAGRAPH:1][H1]Useful Wonders[\\H1][PARAGRAPH:1][ICON_BULLET][LINK=BUILDING_PYRAMID]The Pyramids[\\LINK][PARAGRAPH:1][ICON_BULLET][LINK=BUILDING_PARTHENON]The Parthenon[\\LINK][PARAGRAPH:1][ICON_BULLET][LINK=BUILDING_GREAT_LIBRARY]The Great Library[\\LINK][PARAGRAPH:1][ICON_BULLET][LINK=BUILDING_STATUE_OF_LIBERTY]The Statue of Liberty[\\LINK][PARAGRAPH:1][ICON_BULLET][LINK=BUILDING_NATIONAL_PARK]National Park[\\LINK][PARAGRAPH:1][H1]Best Buildings[\\H1][PARAGRAPH:1][ICON_BULLET][LINK=BUILDING_LIBRARY]Library[\\LINK][PARAGRAPH:1][ICON_BULLET][LINK=BUILDING_UNIVERSITY]University[\\LINK][PARAGRAPH:1][H1]Useful Civics[\\H1][PARAGRAPH:1][ICON_BULLET][LINK=CIVIC_PACIFISM]Pacifism[\\LINK][PARAGRAPH:1][ICON_BULLET][LINK=CIVIC_REPRESENTATION]Representation[\\LINK][PARAGRAPH:1][ICON_BULLET][LINK=CIVIC_CASTE_SYSTEM]Caste System[\\LINK][PARAGRAPH:1][ICON_BULLET][LINK=CIVIC_MERCANTILISM]Mercantilism[\\LINK][PARAGRAPH:1][H1]How to Use It[\\H1][PARAGRAPH:1]I won't go into the details on how to run a SE, because that's beyond the scope of this article. Let's just say my recommendation with the Philosophical trait is to run a SE or at least a "hybrid economy" where some cities focus on food and specialists and others focus on cottages and commerce. (A hybrid economy is especially suitable for Elizabeth of England, who has the Financial trait that, as mentioned above, requires a certain amount of cottage spam to take full advantage of it.)[PARAGRAPH:1]Within the SE community, opinions differ as to the importance of building the Pyramids. The appeal of the Pyramids to a SE is to run the Representation civic extremely early in the game. This civic raises the happiness cap of your five largest cities on a standard-sized map (which are probably your only cities early on). This allows you to grow those cities even larger so you can work more farms and run more specialists. In addition, every specialist contributes an additional three research points under Representation beyond whatever research points they normally contribute--even those that normally don't contribute any research, such as engineers, priests, merchants, and ordinary citizen specialists. The science contribution of artists and spies goes up from 1 to 4 under representation, while the contribution of scientists doubles from 3 to 6. Obviously the Pyramids and early Representation hyper-charge the SE, but many maintain the SE can get along without either the wonder or the civic.[PARAGRAPH:1]The Parthenon can also be a useful wonder to a Philosophical leader. You're already relying on Great People for technologies, so why not build a wonder that increases the number of GP you'll get?[PARAGRAPH:1]Writing will be an early priority technology so you can build libraries and run your first scientists. Wonders can be very useful since they all contribute GP points; go after the wonders that contribute GPP towards the types of Great People you most want and need. Since Great Scientists are usually the most useful GPs, that makes the Great Library a very attractive wonder for leaders with the Philosophical trait. Mercantilism contributes a free specialist for each city, as does the Statue of Liberty (and without the "no foreign trade routes" price of Mercantilism). The Caste System civic is a huge boon to the SE and the Philosophical trait, allowing you to run as many merchants, scientists, and/or artists as a city can support. Therefore Code of Laws is a priority technology. Education enables the Philosophical trait's cheap building, the University, so that's a priority as well. Philosophy makes the Pacifism civic available, which provides a further +100% boost to GP production in cities that have your state religion. Biology will allow you to grow larger cities and support more specialists, so prioritize that tech later in the game.[PARAGRAPH:1]The National Park national wonder benefits the SE as it allows 1 free specialist for every forest preserve. It means, though, that you have to be careful to preserve some forests or even jungles in the fat cross of the city where you build it.[PARAGRAPH:1][H1]The Downside[\\H1][PARAGRAPH:1]Running a specialist economy requires a great deal more micro-management than running the more-straightforward cottage economy. The game will take longer to play and you'll need to manage everything much more closely. That style of play doesn't suit everyone.[PARAGRAPH:1]The benefits of the Philosophical trait and of the SE begin to peter out in the late game. Great People get more expensive to produce and appear less frequently, while technologies become too expensive for your specialists and fewer Great People to research efficiently. You had better be in a position to win by this point or you may quickly find yourself falling behind. Either that, or you will need to transition to a cottage economy; a switch to the Emancipation civic will be essential to pulling this off.[PARAGRAPH:1]Unlike the Financial trait, the Philosophical trait does not provide any direct economic benefits. You'll need to look for other ways to keep your economy afloat.	
TraitsPedia_CIV4GameText.xml	TXT_KEY_TRAIT_PROTECTIVE_PEDIA	[TAB]This is another new trait introduced by the Warlords expansion pack, and doesn't seem to be very well-thought out. The fact that I consider this one of the weakest traits should not come as a surprise, since that's an opinion shared by most players--though I grant that Protective does have its fans.[PARAGRAPH:1][H1]High-Priority Technologies[\\H1][PARAGRAPH:1][ICON_BULLET][LINK=TECH_ARCHERY]Archery[\\LINK][PARAGRAPH:1][ICON_BULLET][LINK=TECH_MASONRY]Masonry[\\LINK][PARAGRAPH:1][ICON_BULLET][LINK=TECH_POLYTHEISM]Polytheism[\\LINK][PARAGRAPH:1][ICON_BULLET][LINK=TECH_SAILING]Sailing[\\LINK][PARAGRAPH:1][ICON_BULLET][LINK=TECH_FEUDALISM]Feudalism[\\LINK][PARAGRAPH:1][ICON_BULLET][LINK=TECH_MACHINERY]Machinery[\\LINK][PARAGRAPH:1][ICON_BULLET][LINK=TECH_ENGINEERING]Engineering[\\LINK][PARAGRAPH:1][ICON_BULLET][LINK=TECH_GUNPOWDER]Gunpowder[\\LINK][PARAGRAPH:1][ICON_BULLET][LINK=TECH_CHEMISTRY]Chemistry[\\LINK][PARAGRAPH:1][ICON_BULLET][LINK=TECH_RIFLING]Rifling[\\LINK][PARAGRAPH:1][ICON_BULLET][LINK=TECH_ASSEMBLY_LINE]Assembly Line[\\LINK][PARAGRAPH:1][H1]Useful Wonders[\\H1][PARAGRAPH:1][ICON_BULLET][LINK=BUILDING_TEMPLE_OF_ARTEMIS]The Temple of Artemis[\\LINK][PARAGRAPH:1][ICON_BULLET][LINK=BUILDING_GREAT_LIGHTHOUSE]The Great Lighthouse[\\LINK][PARAGRAPH:1][ICON_BULLET][LINK=BUILDING_CHICHEN_ITZA]Chichen Itza[\\LINK][PARAGRAPH:1][H1]Best Buildings[\\H1][PARAGRAPH:1][ICON_BULLET][LINK=BUILDING_BARRACKS]Barracks[\\LINK][PARAGRAPH:1][ICON_BULLET][LINK=BUILDING_WALLS]Walls[\\LINK][PARAGRAPH:1][ICON_BULLET][LINK=BUILDING_CASTLE]Castle[\\LINK][PARAGRAPH:1][H1]Useful Civics[\\H1][PARAGRAPH:1][ICON_BULLET][LINK=CIVIC_VASSALAGE]Vassalage[\\LINK][PARAGRAPH:1][ICON_BULLET][LINK=CIVIC_THEOCRACY]Theocracy[\\LINK][PARAGRAPH:1][H1]How to Use It[\\H1][PARAGRAPH:1]While Protective is weak, it isn't without its uses. When you capture a city, your freely-promoted units are better equipped to defend your new possession, which is highly likely to come under a counter-attack. In fact, your gunpowder units can potentially perform double-duty as both attackers and defenders. (Most archery units, however, are weak attackers and are best used on defense only.)[PARAGRAPH:1]If you have a source of stone, the walls and castles are even cheaper, making them less of a burden to build. Combined with wonders like the Temple of Artemis and the Great Lighthouse, you could make Protective's cheap castles part of a trade route economy, which can be very helpful in the mid-game period. You can also use the cheap castles to supplement espionage in BtS. In fact, some players have begun playing an EP, or "Espionage Economy", where the science slider is turned down to 0% after Alphabet and most remaining technologies are acquired through tech-stealing.[PARAGRAPH:1]The civilization that probably benefits the most from the trait is China, because its UU is one of the best Archery units in the game--the Cho-Ko-Nu, which can and should be used as an attacking unit. Drill I just enhances its power, giving it an additional first strike chance beyond its 2 free first strikes.[PARAGRAPH:1][H1]The Downside[\\H1][PARAGRAPH:1]The problem with the Protective trait is that it's largely defensive in nature. The free City Garrison promotion is only useful when units are under attack while in a city. Walls and castles--which are pretty cheap to begin with, making their double production speed less appealing--are likewise only useful when you're under attack. Only the free Drill I promotion is an attacking promotion, but how often do you attack with archery units? Unless they're Cho-Ko- Nus, of course. (Though it can be beneficial to your more aggressive gunpowder units.)[PARAGRAPH:1]The problem with playing defensively in Civilization IV is that the AI is so fond of pillaging. If your units cower behind city walls, the AI will gleefully send your economy spiraling down into ruin by pillaging every tile improvement in sight. Your units have to venture out of your cities to defend your territory, which makes walls and castles next to useless--ditto with the City Garrison promotion.[PARAGRAPH:1]In many ways, the Protective trait seems to have been added more to benefit the AI than the human player. The AI prefers to play defensively for the most part, so Protective suits its programming. Any human player will tell you that going up against Protective Longbowmen, fortified in a city on a hill with a castle and walls, can be intimidating--though certainly not insurmountable. Just bring more Trebuchets to the party.	
TraitsPedia_CIV4GameText.xml	TXT_KEY_TRAIT_SPIRITUAL_PEDIA	[TAB]As with Financial, Spiritual's great strength comes from its positive impact on your economy. Anarchy means that for one turn or more, your cities do not grow or build anything, your culture does not increase, GPP are not accumulated, cottages do not grow, and so on. Spiritual means you avoid those periods of economic stasis; this should result in your being able to research at least one or two additional technologies, build several more units and buildings, produce more Great People, and so on, compared to a non-Spiritual civ.[PARAGRAPH:1]Unlike several other traits, Spiritual's effects do not decrease later in the game. On the contrary, as more civics and religions become available, you may want and need to change civics more often, and Spiritual lets you do so.[PARAGRAPH:1]However, this trait has slipped, in my opinion, from being one of the strongest to being a medium-strength trait. This is mainly because of the Beyond the Sword expansion pack. Frankly, many disputed my inclusion of it in the "Strong" category to begin with. But Beyond the Sword has reduced its strength by making its effects easier to obtain. You now only need to use one Great Person, not two, in order to bring about your first Golden Age; and you can now change civics anarchy-free during a Golden Age. This is just one of many was that Golden Ages have been improved and made more attractive in Beyond the Sword.[PARAGRAPH:1]Furthermore, in the late game, when you have access to all the civics and Spiritual is normally at its strongest, you can now achieve the same effects by building the new Cristo Redentor wonder, which not only gives you Spiritual's ability to change civics anarchy-free; you can also change civics without having to wait for a single turn change, let alone the usual five! (Note: in the BtS 3.13 patch, this has been changed to a 1 turn waiting period between civics changes.)[PARAGRAPH:1]So Spiritual, to my mind, has fallen from strong to medium not through any fault of its own, but through easier access to its benefits to non-Spiritual leaders.[PARAGRAPH:1][H1]High-Priority Technologies[\\H1][PARAGRAPH:1][ICON_BULLET]Those that enable civics (e.g. [LINK=TECH_CODE_OF_LAWS]Code of Laws[\\LINK])[PARAGRAPH:1][ICON_BULLET]Those that found religions (e.g. [LINK=TECH_MEDITATION]Meditation[\\LINK])[PARAGRAPH:1][ICON_BULLET][LINK=TECH_DIVINE_RIGHT]Divine Right[\\LINK][PARAGRAPH:1][ICON_BULLET][LINK=TECH_PAPER]Paper[\\LINK][PARAGRAPH:1][H1]Useful Wonders[\\H1][PARAGRAPH:1][ICON_BULLET][LINK=BUILDING_PYRAMID]The Pyramids[\\LINK][PARAGRAPH:1][ICON_BULLET][LINK=BUILDING_SANKORE]The University of Sankore[\\LINK][PARAGRAPH:1][ICON_BULLET][LINK=BUILDING_SPIRAL_MINARET]The Spiral Minaret[\\LINK][PARAGRAPH:1][ICON_BULLET][LINK=BUILDING_APOSTOLIC_PALACE]The Apostolic Palace[\\LINK][PARAGRAPH:1][ICON_BULLET][LINK=BUILDING_SHWEDAGON_PAYA]Shwedagon Paya[\\LINK][PARAGRAPH:1][ICON_BULLET][LINK=BUILDING_SISTINE_CHAPEL]The Sistine Chapel[\\LINK][PARAGRAPH:1][H1]Best Buildings[\\H1][PARAGRAPH:1][ICON_BULLET]Temples[PARAGRAPH:1][ICON_BULLET]Monasteries[PARAGRAPH:1][H1]Useful Civics[\\H1][PARAGRAPH:1][ICON_BULLET]Nearly all of them--if it offers a worthwhile benefit and fits your strategy, switch to it.[PARAGRAPH:1][H1]How to Use It[\\H1][PARAGRAPH:1]No anarchy means you can adopt a civic right now, as soon as it's available, and gain its advantages immediately, rather than waiting to change several civics at once as a prudent non-Spiritual leader would do. So if a civic would benefit you, don't hesitate to switch to it. The only restraint you have is waiting five turns until you can change civics again.[PARAGRAPH:1]There are also diplomatic benefits. You can easily convert to a religion or change to a favoured civic to court another civilization. Once you gain what you need from them--say, a tech trade--you can convert religions or civics back just as easily. However, do keep in mind that diplomatic bonuses for shared religions or favoured civics can take several turns to accumulate to a significant level.[PARAGRAPH:1]The Pyramids are an attractive wonder for a Spiritual leader, since they enable all the government civics early on, letting you leverage the trait early in the game. Obviously, any tech that enables a civic is valuable and should be prioritized--provided the civic is worthwhile. In Beyond the Sword, the Shwedagon Paya is also attractive, since it's the religious equivalent of the Pyramids, enabling all religious civics.[PARAGRAPH:1]Temples are modest buildings, producing +1 culture and keeping one citizen happy. However, Spiritual's cheap temples can truly shine if you build the Spiral Minaret (enabled by Divine Right), the University of Sankore (Paper), and the Apostolic Palace (Theology). These wonders make the temples of your state religion produce +1 gold, +2 research, and +2 hammers, respectively. (Please note that if you don't build the AP, you can still get its +2 hammer boost for all religious buildings by adopting the AP religion as your state religion.) Just be aware that building one or more of these wonders makes the Free Religion civic unappealing, and lowers the priority of Computers and Mass Media, which obsolete the wonders.[PARAGRAPH:1][H1]The Downside[\\H1][PARAGRAPH:1]Spiritual is the inverse of a trait like Creative: it is very weak early in the game when there are few civics available. Its benefits come later as more civics come on line. Realistically, most of your civics changes will occur in the mid-game, though obviously this can vary, but in most games I find myself taking less advantage of the Spiritual trait in the late game.[PARAGRAPH:1]In addition, while Spiritual may allow you to "save money", unlike Financial, the trait it doesn't directly produce any. You'll need to have a sound economy, as usual.[PARAGRAPH:1]You may be tempted, when playing as a Spiritual leader, to switch to any civic as soon as it's available. Remember that some civics have high maintenance costs compared to others; ensure the civic is worthwhile in some respect before changing. Also remember that just because a civic is made available, that doesn't mean it's necessarily optimal for you at that point in the game. Consider your choices carefully and make sure your civics fit into your overall strategy and the circumstances within the game.[PARAGRAPH:1]To gain the benefits of the cheap temples, you need a state religion. You'll therefore need to either found a religion or have one spread to you. In addition, you may need or want to adopt a state religion very early on, and that may have diplomatic repercussions for you.	
Unit Naming Options.xml	TXT_KEY_BUG_OPT_UNITNAMING__ENABLED_TEXT	Enabled	
Unit Naming Options.xml	TXT_KEY_BUG_OPT_UNITNAMING__ENABLED_HOVER	When checked, uses the formats on this tab and in the INI file to name the player's units.	
Unit Naming Options.xml	TXT_KEY_BUG_OPT_UNITNAMING__USEADVANCED_TEXT	Use Advanced Methods	
Unit Naming Options.xml	TXT_KEY_BUG_OPT_UNITNAMING__USEADVANCED_HOVER	When checked, the advanced naming conventions in 'Adv Unit Naming.ini' file will be used  (see ini file for Era_UnitClass options).	
Unit Naming Options.xml	TXT_KEY_BUG_OPT_UNITNAMING__DEFAULT_TEXT	Naming Convention: DEFAULT	
Unit Naming Options.xml	TXT_KEY_BUG_OPT_UNITNAMING__DEFAULT_HOVER	Enter the user defined naming convention (see help file for further information). Names can be built from plain text and format codes that appear between matching carets (^).[NEWLINE][ICON_BULLET]e.g. "^cv^ ^ut^ from ^ct^" --> "American Archer from Boston"[NEWLINE][BOLD]General Codes[\\BOLD][NEWLINE][ICON_BULLET][COLOR_HIGHLIGHT_TEXT]civ4[COLOR_REVERT] - Use built-in Civ4 names[NEWLINE][ICON_BULLET][COLOR_HIGHLIGHT_TEXT]rd[COLOR_REVERT] - Random name[NEWLINE][ICON_BULLET][COLOR_HIGHLIGHT_TEXT]rc[COLOR_REVERT] - Random civ-related name[NEWLINE][BOLD]Unit Info Codes[\\BOLD][NEWLINE][ICON_BULLET][COLOR_HIGHLIGHT_TEXT]ct[COLOR_REVERT] - City where unit was built (e.g. Boston)[NEWLINE][ICON_BULLET][COLOR_HIGHLIGHT_TEXT]cv[COLOR_REVERT] - Civilization that built the unit in adjective form (e.g. American)[NEWLINE][ICON_BULLET][COLOR_HIGHLIGHT_TEXT]ut[COLOR_REVERT] - Unit type (e.g. Archer)[NEWLINE][ICON_BULLET][COLOR_HIGHLIGHT_TEXT]cb[COLOR_REVERT] - Combat type (e.g. Melee)[NEWLINE][ICON_BULLET][COLOR_HIGHLIGHT_TEXT]dm[COLOR_REVERT] - Domain type (e.g. Water)[NEWLINE][ICON_BULLET][COLOR_HIGHLIGHT_TEXT]ld[COLOR_REVERT] - Leader that built the unit (e.g. Roosevelt)[NEWLINE][BOLD]Counting Codes[\\BOLD][NEWLINE][ICON_BULLET][COLOR_HIGHLIGHT_TEXT]cnt[f][COLOR_REVERT] - Count across all units[NEWLINE][ICON_BULLET][COLOR_HIGHLIGHT_TEXT]cntu[f][COLOR_REVERT] - Count per unit type[NEWLINE][ICON_BULLET][COLOR_HIGHLIGHT_TEXT]cntct[f][COLOR_REVERT] - Count per city[NEWLINE][ICON_BULLET][COLOR_HIGHLIGHT_TEXT]cntuct[f][COLOR_REVERT] - Count per unit/city combination[NEWLINE][ICON_BULLET][COLOR_HIGHLIGHT_TEXT]cntc[f][COLOR_REVERT] - Count per combat type[NEWLINE][ICON_BULLET][COLOR_HIGHLIGHT_TEXT]cntd[f][COLOR_REVERT] - Count per domain[NEWLINE][ICON_BULLET][COLOR_HIGHLIGHT_TEXT]tt1[f][x:y][COLOR_REVERT] - Count up to a number chosen between x and y[NEWLINE][ICON_BULLET][COLOR_HIGHLIGHT_TEXT]tt1[f][x][COLOR_REVERT] - Count from x, incrementing each time tt1 code is reset[NEWLINE][NEWLINE]* f in [f] is one of s, A, a, p, g, n, o, r (see help file)	
Unit Naming Options.xml	TXT_KEY_BUG_OPT_UNITNAMING__COMBAT_AIR_TEXT	Naming Convention: Combat[AIR]	
Unit Naming Options.xml	TXT_KEY_BUG_OPT_UNITNAMING__COMBAT_AIR_HOVER	Enter the user defined naming convention for combat units 'AIR'.	
Unit Naming Options.xml	TXT_KEY_BUG_OPT_UNITNAMING__COMBAT_ARCHER_TEXT	Naming Convention: Combat[ARCHER]	
Unit Naming Options.xml	TXT_KEY_BUG_OPT_UNITNAMING__COMBAT_ARCHER_HOVER	Enter the user defined naming convention for combat units 'ARCHER'.	
Unit Naming Options.xml	TXT_KEY_BUG_OPT_UNITNAMING__COMBAT_ARMOR_TEXT	Naming Convention: Combat[ARMOR]	
Unit Naming Options.xml	TXT_KEY_BUG_OPT_UNITNAMING__COMBAT_ARMOR_HOVER	Enter the user defined naming convention for combat units 'ARMOR'.	
Unit Naming Options.xml	TXT_KEY_BUG_OPT_UNITNAMING__COMBAT_GUN_TEXT	Naming Convention: Combat[GUN]	
Unit Naming Options.xml	TXT_KEY_BUG_OPT_UNITNAMING__COMBAT_GUN_HOVER	Enter the user defined naming convention for combat units 'GUN'.	
Unit Naming Options.xml	TXT_KEY_BUG_OPT_UNITNAMING__COMBAT_HELICOPTER_TEXT	Naming Convention: Combat[HELICOPTER]	
Unit Naming Options.xml	TXT_KEY_BUG_OPT_UNITNAMING__COMBAT_HELICOPTER_HOVER	Enter the user defined naming convention for combat units 'HELICOPTER'.	
Unit Naming Options.xml	TXT_KEY_BUG_OPT_UNITNAMING__COMBAT_MELEE_TEXT	Naming Convention: Combat[MELEE]	
Unit Naming Options.xml	TXT_KEY_BUG_OPT_UNITNAMING__COMBAT_MELEE_HOVER	Enter the user defined naming convention for combat units 'MELEE'.	
Unit Naming Options.xml	TXT_KEY_BUG_OPT_UNITNAMING__COMBAT_MOUNTED_TEXT	Naming Convention: Combat[MOUNTED]	
Unit Naming Options.xml	TXT_KEY_BUG_OPT_UNITNAMING__COMBAT_MOUNTED_HOVER	Enter the user defined naming convention for combat units 'MOUNTED'.	
Unit Naming Options.xml	TXT_KEY_BUG_OPT_UNITNAMING__COMBAT_NAVAL_TEXT	Naming Convention: Combat[NAVAL]	
Unit Naming Options.xml	TXT_KEY_BUG_OPT_UNITNAMING__COMBAT_NAVAL_HOVER	Enter the user defined naming convention for combat units 'NAVAL'.	
Unit Naming Options.xml	TXT_KEY_BUG_OPT_UNITNAMING__COMBAT_NONE_TEXT	Naming Convention: Combat[None]	
Unit Naming Options.xml	TXT_KEY_BUG_OPT_UNITNAMING__COMBAT_NONE_HOVER	Enter the user defined naming convention for combat units 'None'.	
Unit Naming Options.xml	TXT_KEY_BUG_OPT_UNITNAMING__COMBAT_RECON_TEXT	Naming Convention: Combat[RECON]	
Unit Naming Options.xml	TXT_KEY_BUG_OPT_UNITNAMING__COMBAT_RECON_HOVER	Enter the user defined naming convention for combat units 'RECON'.	
Unit Naming Options.xml	TXT_KEY_BUG_OPT_UNITNAMING__COMBAT_SIEGE_TEXT	Naming Convention: Combat[SIEGE]	
Unit Naming Options.xml	TXT_KEY_BUG_OPT_UNITNAMING__COMBAT_SIEGE_HOVER	Enter the user defined naming convention for combat units 'SIEGE'.	
Unit Naming Options.xml	TXT_KEY_BUG_OPT_UNITNAMING__COMBAT_DISCIPLE_TEXT	Naming Convention: Combat[DISCIPLE]	
Unit Naming Options.xml	TXT_KEY_BUG_OPT_UNITNAMING__COMBAT_DISCIPLE_HOVER	Enter the user defined naming convention for combat units 'DISCIPLE'.	
Unit Naming Options.xml	TXT_KEY_BUG_OPT_UNITNAMING__COMBAT_ADEPT_TEXT	Naming Convention: Combat[ADEPT]	
Unit Naming Options.xml	TXT_KEY_BUG_OPT_UNITNAMING__COMBAT_ADEPT_HOVER	Enter the user defined naming convention for combat units 'ADEPT'.	
Unit Naming Options.xml	TXT_KEY_BUG_OPT_UNITNAMING__COMBAT_ANIMAL_TEXT	Naming Convention: Combat[ANIMAL]	
Unit Naming Options.xml	TXT_KEY_BUG_OPT_UNITNAMING__COMBAT_ANIMAL_HOVER	Enter the user defined naming convention for combat units 'ANIMAL'.	
Unit Naming.xml	TXT_KEY_BUG_UNIT_NAMING_DOMAIN_LAND	Land	
Unit Naming.xml	TXT_KEY_BUG_UNIT_NAMING_DOMAIN_SEA	Naval	
Unit Naming.xml	TXT_KEY_BUG_UNIT_NAMING_DOMAIN_AIR	Air	
Unit Naming.xml	TXT_KEY_BUG_UNIT_NAMING_DOMAIN_IMMOBILE	Stationary	
UnitHelp.xml	TXT_KEY_UNIT_AUTORAZE	[ICON_BULLET]Destroys improvements (in enemy territory) and terrain features when it enters a tile	
UnitHelp.xml	TXT_KEY_MISSION_CREATE_GREAT_WORK_HELP	This order will have the unit create a Great Work and end revolts in the city they are currently in. It consumes the unit.	
UnitHelp.xml	TXT_KEY_UNIT_CANNOT_CAPTURE	[ICON_BULLET]Unit cannot capture	
UnitHelp.xml	TXT_KEY_UNIT_CANNOT_PILLAGE	[ICON_BULLET]Unit cannot pillage	
UnitHelp.xml	TXT_KEY_UNIT_CANNOT_PROTECT_CITY	[ICON_BULLET]Unit doesn't provide military happiness	
UnitHelp.xml	TXT_KEY_UNIT_DURATION	Duration: Will die in %d1 [NUM1:turn:turns].	
UnitHelp.xml	TXT_KEY_UNIT_FREE_PROMOTION_PICK	[ICON_BULLET]Unit starts with %D1 free [NUM1:promotion:promotions]	
UnitHelp.xml	TXT_KEY_UNIT_HAS_CASTED	Has already cast this turn	
UnitHelp.xml	TXT_KEY_UNIT_HELP_DELAYED_CASTING	Casting %s1_Spell (%d2_TurnsRemaining [NUM2:Turn:Turns] Remaining)	
UnitHelp.xml	TXT_KEY_UNIT_HELP_NO_UPKEEP	[ICON_BULLET]Costs no upkeep	
UnitHelp.xml	TXT_KEY_UNIT_INVESTIGATE_CITY	[ICON_BULLET]Can Investigate Rival City	
UnitHelp.xml	TXT_KEY_UNIT_MIN_LEVEL	[ICON_BULLET]Must be upgraded from a unit of level %d1 or higher	
Units.xml	TXT_KEY_UNIT_ABASHI_STRATEGY	The Sheaim hero is able to breathe fire, and her roar will cause fear in the surrounding enemy units. She is also immune to magic and weaker units will often be too afraid to attack her.	
Units.xml	TXT_KEY_UNIT_AIR_ELEMENTAL_STRATEGY	Although weak for a rank 3 summon, an Air Elemental can pass over any terrain, including water tiles, and it can see 2 tiles further than other units. Upon winning a combat, Air Elementals will summon [LINK=UNIT_LIGHTNING_ELEMENTAL]Lightning Elementals[\\LINK].	
Units.xml	TXT_KEY_UNIT_ARTHENDAIN_PEDIA	An entire company was wiped out by her. She wore a ragged white dress and matted red hair, both of which clung to her like grease on a pan. She didn't carry any weapons, she didn't need them. Her claws were like iron, she was stronger than any girl. But she was just a girl, or at least once she had been. She clawed and bit at them, coughed and wheezed and fled. One of their number was dead and several were injured.[PARAGRAPH:1]Arthendain began applying healing poultices to the wounds, but they were already growing green with infection. The finger sized gashes broke open, skin and muscle peeled back as if it was trying to escape the bone. They writhed in pain, and in minutes they looked as if they had been flogged with a whip; after a few more, they appeared as fresh zombies, still screaming, minds alive as their bodies died. Then finally, mercifully, they died.[PARAGRAPH:1]Arthendain was uninjured from the fight, but still the disease spread. He grabbed his crossbow intent on making sure the girl didn't spread her disease any further. As he gripped the polished handle of his crossbow, he noticed his own hands had begun to redden and swell. He hurried to water; they were in the sewers beneath Prespur and normally he wouldn't touch the water here, but it had to be better than what was on him. He scrubbed his hands, but it just got worse, then the coughing began.[PARAGRAPH:1]He heard himself screaming, exactly as the others. He fell into the water and died.[PARAGRAPH:1]The disease spread in the water; the next morning, the city would have awoken to a Plague. There would be barely any left by nightfall, if Sucellus had not interfered. His shadow passed through the sewers and gathered the disease into a earthen flask. He spoke to the water and it brought Arthendain from its depths and laid him at the god's feet. Sucellus asked for the dwarf's spirit and Arawn consented.[PARAGRAPH:1]Arthendain doesn't remember much, everything from scrubbing his hands to waking up that next morning in a local tavern is little more than a blur. He remembers a man who healed him. He remembers being given the flask and told to keep it safe, and never open it. He remembers being told that he must find that girl. And to this day he has worked toward that goal.	
Units.xml	TXT_KEY_UNIT_BOAR_RIDER_STRATEGY	Boar Riders are the worst Horseman in the game. But it's a dwarf on a pig, what do you expect?	
Units.xml	TXT_KEY_UNIT_DONAL_PEDIA	Donal is the hero of the Bannor and a legendary slayer of demons and the undead. He is able to recruit units in cities and, unlike the Great Commander, is not sacrificed by doing so. If Donal proves the legends true, and kills demons and the undead, he will regain the ability to recruit and can build a huge army if he survives his own battles.[PARAGRAPH:2]The hound that tracked him almost looked normal, until it turned and growled. Half of the face was rotted away, and the skull beneath was scratched and chipped, with a dark pit for an eye socket. But it had no trouble seeing its prey. It leapt for Donal's throat.[PARAGRAPH:1]This was far from the first Hellhound Donal had seen. Reflex took over, and he dropped and rolled to avoid the fangs. His crude weapons flew to his hands. Donal and the hound circled each other, feinting and pulling back, until in a flash it was over. Donal dodged the lunge, and sunk his blade into the demon's neck, pinning it to the ground. It growled and thrashed about almost comically, trying to free itself and continue the attack.[PARAGRAPH:1]"C'mon, boy, play dead," Donal said, slamming his shield down upon the hound's skull. Both shattered, and the thrashing stopped. "That's a good dog."[PARAGRAPH:1]He didn't laugh at his jokes any longer. He had stopped amusing himself some time ago. Ten years or a thousand, he had no idea and had stopped caring. Since his people left Hell, there was no one else to laugh either, and yet still he quipped as he grimly fought the inhabitants of this realm. In the home of the King of Despair, his biggest battle was maintaining the one thing that sustained him, hope.[PARAGRAPH:2]"We have no hope, Capria. We must abandon the siege."[PARAGRAPH:1]"Capria turned to face her nephew. "We cannot, Mattius! You heard what I heard from Fanariel's lips. &#145;The Sheaim have made a breakthrough. With Agares' guidance.' We must press on!" Capria trembled as she spoke, her aging frame failing her more and more lately. Perhaps she would be steadier if she met her council without full battle armor on, but to be war leader of the Bannor and not be ever battle ready?[PARAGRAPH:1]"Indeed we must," agreed the High Priest. He was young, much younger than the regent he addressed, but he spoke with supreme confidence. "The heresies stemming from Galveholm are provocation enough to mobilize. Sabathiel therefore sees no reason for us to even associate with elven brigands like this Fanariel."[PARAGRAPH:1]Mattius snorted. "I'm sure Sabathiel knows a better way to get a spy into Sheaim lands, but he hasn't been exactly forthcoming lately."[PARAGRAPH:1]"Does the Head of House Venerat doubt the authority of the priesthood to speak for..."[PARAGRAPH:1]"What Mattius was pointing out, Elmin," Capria jumped in, "is that we need to prioritize our missions. The Clans have been building strength, our ambassadors have been expelled from the Lanun capital, and"[PARAGRAPH:1]The war council was interrupted by a tremendous quake, throwing them all to the ground. Capria's reflexes triumphed over the limitations of age; she bounced to her feet and raced out of the tent. The camp was showing the benefits of Bannor discipline and were in formation around the commanders' tent, ready to repel the attack.[PARAGRAPH:1]But it was not an opening magical salvo for an attack. The army watched as the trees and brush on the hillside below them withered and died, the sun was obscured by a dreary haze, and fires erupted on the horizon. It was a scene Capria remembered well from her childhood, and nightmares ever since. 70 years ago they had escaped Hell, and now it had come for them.[PARAGRAPH:2]He had scoured this Hell looking for an escape. Never mind that it was an infinite plane, he swore he'd seen every inch of it twice. He had been chased every step of the way by the minions of Agares and Bhall, and managed to either elude them, or fend them off. All to see this day.[PARAGRAPH:1]Donal saw a portal to the mortal realm stretching out in the valley below him. A rift in dimensions, fluctuating wildly. And around it was arrayed an army of demons. Cavorting Imps, a contingent of Ruhin, a virtual city of manes... and the biggest Balor Donal had seen. And they were leaving. "Oh, not without me, you don't," he muttered as he started down the hillside. "I don't know where you're going, but it's got to be better than here."[PARAGRAPH:1]The demons marched through, as the rift slowly began to close.[PARAGRAPH:2]The demons were on the march. The first battle with them had caused the Bannor army to rout, and since then they had been pushed back to Tor Lehan, the nearest settlement to the corrupted lands. From its battlements Capria could see flames at the border to the Infernal lands all through the night. So far the priests' blessings had kept the corruption at bay, but not the corrupted. They surrounded the settlement, the demons that had haunted her in her youth. Only the most courageous soldiers remained to stand against them.[PARAGRAPH:1]The battle was joined at dawn. It quickly turned against them.[PARAGRAPH:1]Mattius stood alongside his aunt at the battle lines. "If I'm to die, I'm honored to do so beside one of the heroes of legends."[PARAGRAPH:1]Capria nodded, swinging her two-handed sword. "I'd rather live. But if the Bannor do not stand to face this dire threat, who will?" An image at the edge of her field of vision made her turn, coming face to face with a monstrous pit beast.[PARAGRAPH:1]"The trick to these beasties is to get them from behind," shouted an old friend as the Pit Beast was felled. "The wings limit their peripheral vision."[PARAGRAPH:1]"Who... my god, is that you? Donal Lugh?"[PARAGRAPH:1]"In the flesh, for a pleasant change."[PARAGRAPH:1]Mattius gasped. "Then the legends... are all true? We are the Bannor of Sabathiel!"[PARAGRAPH:1]The tide of battle turned. The Bannor lost as many as survived, but the town was saved, and the forces of Hell pushed back for today. The news of the victory spread, shaming those who had fled, and inspiring a new generation. This was the war that Sabathiel had saved them for, and it was only beginning. But the first victory was theirs.	
Units.xml	TXT_KEY_UNIT_EIDOLON_PEDIA	For here, apart, dwells one whose hands have wrought[NEWLINE]Strange eidola that chill the world with fear;[NEWLINE]Whose graven runes in tomes of dread have taught[NEWLINE]What things beyond the star-gulfs lurk and leer.[NEWLINE]Dark Lord of Averoigne-whose windows stare[NEWLINE]On pits of dream no other gaze could bear![NEWLINE][NEWLINE]Eidolon serve no master but willingly enlist in any deadly conflict. Good religions shun these demonic creatures, or seek them out for destruction, but those who tolerate their vile presence find them to be fearless, deadly warriors, nearly unmatched on any battlefield.[NEWLINE][NEWLINE]Only evil players can build Eidolon's.	
Units.xml	TXT_KEY_UNIT_ENGINEER_21	Techmage Errod	
Units.xml	TXT_KEY_UNIT_GILDEN_STRATEGY	The Ljosalfar hero is one of the earliest, allowing the elves to go on the offensive before city defense of their opponents forces them to bring along arcane units. If built after the Ljosalfar archery range, he should benefit from the +1 bonus attack strength it supplies to archers.	
Units.xml	TXT_KEY_UNIT_HIGH_PRIEST_OF_LEAVES_STRATEGY	High Priests of Leaves have all the abilities of Priests of Leaves as well as being able to summon [LINK=literal]Treant[\\LINK]s when they are in Forest of Ancient forest tiles.	
Units.xml	TXT_KEY_UNIT_HIGH_PRIEST_OF_THE_EMPYREAN_STRATEGY	The High Priests of the Empyrean, the Luridus, have all the abilities of a Vicar as well as being able to use the [LINK=literal]Crown of Brilliance[\\LINK] spell. The crown does damage to all surrounding enemies and allows the caster to see invisible units.	
Units.xml	TXT_KEY_UNIT_LIZARDMAN_STRATEGY	Lizardmen are identical to hunters, except for their race.	
