file	key	english	chinese
Magister_CIV4GameText_FFH2.xml	TXT_KEY_EQUIPMENT_ANGELORUM_CAVEA_PEDIA	Basium's maul is a block of Carcerem bound within rune-inscribed Living Ivory. Living Ivory is a divine metal that heals and repairs itself, as well as helping its bearers heal faster. Carcerem is a crystal that captures and stores souls through Dimensional magic. The Fifth Law of The Compact strictly forbids using this to prevent a soul of any son of Nemed from passing freely into the vault of his god. The runes Basium inscribed on his maul shields mortal souls from being absorbed, but leave both Angels and Demons vunerable. This does not break The Compact as flagrantly as did the Sawol Cavea dagger, which Sabathiel had destroyed, should still be forbidden as once-mortal souls may still be captured after being processed in the heavens or the hells. A summoner of sufficient talent could release myriad demons from the Angelorum Cavea to do her bidding. [PARAGRAPH:4]Basium and the Boiling Sea[PARAGRAPH:2]At the end of the Age of Rebirth, the demon plagued lands of the Fane of Lessers were conquered and the Throne of Hell destroyed. Not content to just cleanse creation, the archangel Basium lead his angelic army into hell to continue his war. [PARAGRAPH]Decades passed and in that time the Bannor used the Crucible to weaken the world's magic. Powerful artifacts of past ages became dusty relics, and those with the talent to be mages in prior ages were rarely able to manifest their power. The Age of Invention had started. [PARAGRAPH]During this age three new goddesses appeared on creation, they were known as the Matronae. Morrigan was the goddess of fate and a great white temple was built to her on the cliffs of the Elohim city of Niveus. From Niveus came the gas Effluvium, which powered city lamp posts and caused divine visions (and would also be used by the Kuriotates to build airships). Sarabride was the goddess of vengeance and her temple was a great foundry built in the reclaimed city of Braduk the Burning. From her city came all sorts of wonders including coal powered trains. The citizens of Braduk built rail systems to connect the major cities of men. The last was Cliodna, the goddess of dreams, and her temple was built on the docks of the Bay of Laurus. From her temple came great steam powered ships that opened up travel to the distant shores of creation. [PARAGRAPH]All three goddesses were active in creation and their religions grew quickly. The religions of ages past, of distant gods who might answer occasional prayers were forgotten, or destroyed by the followers of the Matronae. What use is myth when gods walk among us?[PARAGRAPH]While this was happening Basium's angelic army battled through hell. They fought their way down the frozen slopes of the Throne of Hell, they waged war with frost giants, aquilan and the nive. They pushed through the draining swamps at the mountain's base and past the demonic locusts and the strange things that live beneath those dark pools. They laid siege to the iron city of Dis. Eventually they broke through the walls and Basium called to the citizens. [PARAGRAPH]"You are born of the gods. Do not sacrifice this for trivial rewards. Your immortal soul is worth more than safety, pleasure or power. "[PARAGRAPH]And though most cowered before the archangel, some cast aside their fear and joined him. [PARAGRAPH]Then Basium destroyed the Balor's that guarded the gate at the heart of the iron city. He trapped their souls in his great maul and walked through into the Bloodfield, and his army followed. [PARAGRAPH]Basium's army fought for years in the Bloodfield. And though they were tempted, none of them betrayed him. Yet one by one they died, torn apart by the Tormentors, the Umbral Horrors, the Pit Beasts and the Hell Wyrms. And this was Agares's plan. To draw Basium into hell, where no god could help him. Where he would be beaten, trapped and corrupted. [PARAGRAPH]Eventually Basium stood alone against the demonic hordes of the Bloodfield, countless demons trapped within his maul, his arms straining with the weight of it. It was then that the unholy god Camulos appeared. [PARAGRAPH]Camulos was a mountain of flesh, a creature with parts of a gorilla, snake and vulture. He had a hundred arms and screaming mouths scattered over his giant body. Their locations constantly changed as his flesh twisted, split and reformed. Hundreds of eyes covered him, those of animals and others never seen in creation. Barbed chains wrapped around his body and cut deeply into his skin, causing rivers of blood to pour from him and leaving his skin slick and red as if the spilled blood from every battle on Erebus flowed through him. As hideous as the demonic hordes were, they were nothing but dim reflections of the madness of the dark god of rage and war. [PARAGRAPH]All of Camulos's mouths roared and his roars were echoed by demons across the Bloodfield. He towered over the archangel, and without warning Camulos attacked. [PARAGRAPH]Basium could do little against the fury of a god. Basium was grabbed and pulled, beaten and slammed into the ground. Camulous beat him until Basium's chest collapsed, until his arms broke and his hips were crushed. All while a growing swarm of demons howled in triumph, and bit and tore at the battered archangel. [PARAGRAPH]Until a ring of golden fire sprung up around the broken Basium. Fire so hot it burnt demonic flesh. And even Camulous paused in his attack. [PARAGRAPH]A great rumble was heard across the Bloodfield. The ground shook and everything stopped. A great wave, so large that it dwarfed even the mountainous god, rolled across the Bloodfield, and it crashed down on them. Demons were scattered like dried leaves before the storm, many falling into the pits and ravines of the Bloodfield. Only Basium was unaffected as the golden fire turned all the water that struck it to steam. Camulous was knocked back, shocked and surprised as three masked goddesses flew overhead. [PARAGRAPH]Cliodna summoned up the water again and a dozen long tendrils of water stretched out from her, each with a dragon like face on the end. Together they bit and tore apart any demons that came close. Sarabride floated over the Bloodfield, glowing like a new sun, and cast down javelins of golden fire that destroyed demons and caused the new sea to boil. [PARAGRAPH]Morrigan landed over the broken Basium. She glared up at the raging god of war. [PARAGRAPH]"Come at me. " Morrigan said. "And I will show you that even gods die. "[PARAGRAPH]Camulous charged and Morrigan raised her hand, a stone so black it looked like a hole in creation was set in her palm. Out of it came a beam that consumed all it touched. Even the air of hell was destroyed by the beam. As the air was consumed more air rushed in and was destroyed as well, creating a screeching that grew louder as ebon tendrils and arcs twisted out from the beam. [PARAGRAPH]The beam struck the shoulder of the charging god. Any part the beam touched was simply gone. Not rotted, not burnt, not stabbed but unmade as simply as a candle being put out. [PARAGRAPH]And Camulous fled. [PARAGRAPH]As shocked as the demons were by the mountain sized tidal wave and the appearance of the three goddesses. The sight of Camulous running from battle shocked them even more. Across the Bloodfield demons crawling out of the flooded pits or even those on fire stopped to watch as Camulous disappeared. [PARAGRAPH]Sarabride and Cliodna landed by where Morrigan stood over Basium. [PARAGRAPH]"We have to go. " Cliodna warned. [PARAGRAPH]"We could go deeper. " Sarabride said. But the comment only received disapproving glances from the other two. [PARAGRAPH]Morrigan reached down to pick up Basium. [PARAGRAPH]"Who are you?" Basium asked, though his crushed chest made the words difficult. [PARAGRAPH]"Calm yourself my brother. " Morrigan whispered. "I have you. "[PARAGRAPH]And together the goddesses flew up and out of hell with Basium in their arms. [PARAGRAPH:3]Epilogue[PARAGRAPH]Gosea the Dwindling wandered through the wastes of hell. Once a withdrawn and abused girl in a Sheamic asylum, the voices had drawn her out. They had been the first ones to talk to her, to comfort her and to possess her. They transformed her from a quiet, terrified girl to a fearless summoner and mage. Until a battle on the streets of Bourne the Gleaming forced her to sacrifice those voices, to become once again timid and afraid. To be captured and executed for her crimes. [PARAGRAPH]Which brought her here, to the endless torments of hell. To be hunted and tortured until all mercy was lost, not that Gosea had much to give. [PARAGRAPH]Until a battle waged on the Bloodfield unlike any the eternal battleground had ever seen. In the wake of that battle the Bloodfield was eerily calm. Water still filled the fissures, the sun that briefly lit up the world was gone, blackened earth and burnt demonic corpses lay scattered about. The blood soaked ground showed where Camulos once stood. [PARAGRAPH]It was almost perfectly quiet. Almost. [PARAGRAPH]Gosea could hear whispering voices, so faint she thought it might just be the memories of the voices from the asylum. [PARAGRAPH]Following them lead her slowly through the battlefield. Past the remains of Basium's angelic army, past a shattered gore fiend, to a place where a perfect circle was burnt in the ground. [PARAGRAPH]But the voices weren't from the circle, but a short way off. From a small dip between the rough terrain that was still filled with water. [PARAGRAPH]Gosea waded into the pool. It was dark and muddy with the overturned earth. The water came nearly to her waist and she reached in, feeling rocks and the slick corpses of destroyed demons. But she reached beneath and felt something cool and hard, and in the instant she touched it, the voices flooded her mind with strength, purpose and power. [PARAGRAPH]She lifted the Angelorum Cavea, the great maul of Basium, out of the pool. She could feel the tens of thousands of demons trapped within the weapon. Centuries of demons defeated by Basium. Creatures from the Godswar, armies defeated right here in hell, all held within the rune inscribed weapon. And all available for her to channel. 	
Magister_CIV4GameText_FFH2.xml	TXT_KEY_EQUIPMENT_ANGELORUM_CAVEA_HELP	[ICON_BULLET]The Maul wielded by [LINK=literal]Basium[\\LINK] is more than an instrument for slaying [LINK=PROMOTION_DEMON]Demons[\\LINK]; it is a cage for Demonic (or [LINK=PROMOTION_ANGEL]Angelic[\\LINK]) souls, preventing them from returning to trouble Erebus again. So long as this weapon exists, anyone seeking to [LINK=SPELL_RESURRECTION_GRAVEYARD]Resurrect[\\LINK] anyone it has slain must be holding the Angelorum Caveam. [LINK=SPELL_DESTROY_ANGELORUM_CAVEA]Destroying[\\LINK] it upon a [LINK=BUILDING_TEMPLE_OF_THE_VEIL]Demons' Altar[\\LINK] can bring all of the prisoners back. 	
Magister_CIV4GameText_FFH2.xml	TXT_KEY_EQUIPMENT_HEARTSTONE	The Heartstone	
Magister_CIV4GameText_FFH2.xml	TXT_KEY_EQUIPMENT_HEARTSTONE_PEDIA	Anesidora is the only human soul who isn't descended from Nemed. She was given an immortal soul but without a true divine birthright the ages have worn heavily on her. Though trapped in Arawn's realm since her death early in the Age of Dragons, her cold heart was secreted out of the afterworld in the Age of Rebirth and she now exists as a dark draconic shadow under the sway of her heart's possessor. Though she isn't evil, she is destructive and manifests such sorrow that most enemies fall into despair when confronted by her. [PARAGRAPH]The Heartstone was among the items taken from the Netherworld by The Once-Elves when they escaped from bondage under Laroth and set up their own kingdom in the rift between that world and the world of the living. It was stolen from them and brought into Erebus itself by Gosea the Dwindling. During her escape she passed through a small Illian village called Brigdarrow. Here she was stopped and had her possessions searched due to suspicions that she was involved in the disappearance of three local children, who had actually just stayed out late trying to rescue an injured dog and his elven master. These were the only survivors after she hired three tribes of goblin mercenaries to burn the town and murder everyone who might have witnessed what she was carrying. Led by the elf's map and Auric Ulvin's innate ability to navigate by mana, the children fled through the Whispering Woods and into the Vale of Shadows to take refuge in the Once-Elves' City of Barathrum. There they were captured and imprisoned along with Talia, an elven druidess and witch whom King Haerlond Gosam's chief advisor (Waldrun, a Necromancer secretly in the employ of Laroth) had framed for Gosea's crimes. [PARAGRAPH:3]Mikel Alaunus grew up in a brutal Sheaim orphanage Mikel before fleeing to Bourne the Gleaming. Through devotion and talent Mikel became a soldier and a knight of the Empyrean. His most notable accomplishment was in defeating Gosea the Dwindling. [PARAGRAPH]When the War of the Deadlands began, Mikel was enlisted. He was killed in that war, and raised as an Undead Knight. After the Black Tower fell, Mikel became a leader of Marrowstone, the city of the sentient dead. He recovered the Heartstone from the rubble of the Black Tower and had it set in his breastplate. [PARAGRAPH]During the Age of Invention his daughter, Anna Alaunus came to the Deadlands to purge it. She was saved from the ravages of the mindless dead by Mikel. Mikel argued that the Lilim, the sentient dead, have as much right to "life" as the living, while Anna argued that he dishonors the memory of her father. [PARAGRAPH]In the end, Mikel gave the Heartstone to his daughter and she used it to open the Well of Souls, ending the curse of the Deadlands. But no sooner had it opened, than the Gossamer Legion matched out of it, lead by Ethne the White. [PARAGRAPH]The Lilim were not destroyed when the well was opened, but they ceased growing as those who died in their realm were no longer raised as undead. 	
Magister_CIV4GameText_FFH2.xml	TXT_KEY_EQUIPMENT_KANNAS_WHIP	Kanna's Whip	
Magister_CIV4GameText_FFH2.xml	TXT_KEY_EQUIPMENT_MATRON_ESSENDI	Matron Essendi	
Magister_CIV4GameText_FFH2.xml	TXT_KEY_EQUIPMENT_MOKKAS_CAULDRON	Mokka's Cauldron	
Magister_CIV4GameText_FFH2.xml	TXT_KEY_EQUIPMENT_NETHER_BLADE_PEDIA	[ICON_BULLET]This otherworldly weapon not only strikes strongest against great [LINK=PROMOTION_HERO]heroes[\\LINK], but also binds souls to the world from whence it came. This negates its victims' [LINK=PROMOTION_IMMORTAL]immortality[\\LINK] and makes it impossible to [LINK=SPELL_RESURRECTION_GRAVEYARD]resurrect[\\LINK] them until the sword itself is [LINK=SPELL_DESTROY_NETHER_BLADE]destroyed[\\LINK]. 	
Magister_CIV4GameText_FFH2.xml	TXT_KEY_EQUIPMENT_ORTHUSS_AXE_PEDIA	[ICON_BULLET]This most feared battleaxe consists of a rather crude blade hafted onto what was once the Matron Essendi, a holy scepter given to the Kings of Old Braduk by the then righteous Goddess Bhall. It is still filled with a remnant of her divine essence, which maintains its holders passion and stamina no matter how long a battle may last. 	
Magister_CIV4GameText_FFH2.xml	TXT_KEY_EQUIPMENT_PIECES_OF_MITHRIL_GOLEM	Pieces of The Mithril Golem	
Magister_CIV4GameText_FFH2.xml	TXT_KEY_EQUIPMENT_PIECES_OF_WAR_MACHINE	Pieces of the War Machine	
Magister_CIV4GameText_FFH2.xml	TXT_KEY_EQUIPMENT_SHIELD_OF_BALANCE	Shield of Balance	
Magister_CIV4GameText_FFH2.xml	TXT_KEY_EQUIPMENT_SPEAR_OF_MAJOSI	Trenton's Trident	
Magister_CIV4GameText_FFH2.xml	TXT_KEY_EQUIPMENT_SEVEN_LEAGUE_BOOTS	Seven League Boots	
Magister_CIV4GameText_FFH2.xml	TXT_KEY_EQUIPMENT_MASK_OF_ESUS_PEDIA	The Coven of the Black Candle believed Wode made Masks for his fellow members, but he was never in the Coven and never touched a Mask until he stole one from Alexis. Esus impersonated Wode to take his place. The Masks are the Aspects of Esus, seven True Angels whom not even the Compact can stop from working their god's will. No power in creation can detect the identity, read the mind, or compel the actions of whoever wears one. They can all appear in any form, but favor those used by the Coven members who originally wore them. 	
Magister_CIV4GameText_FFH2.xml	TXT_KEY_EQUIPMENT_SPELLSTAFF	Spellstaff	
Magister_CIV4GameText_FFH2.xml	TXT_KEY_EQUIPMENT_UMBRA_CLOAK	Umbra Cloak	
Magister_CIV4GameText_FFH2.xml	TXT_KEY_EQUIPMENT_PLAGUE_FLASK	Plague Flask	
Magister_CIV4GameText_FFH2.xml	TXT_KEY_EQUIPMENT_UROR_BAND	Uror Band	
Magister_CIV4GameText_FFH2.xml	TXT_KEY_EQUIPMENT_UROR_BAND_PEDIA	Os-Gabella fought the Norns and bound their souls in this necklace. It will kill any mortal who touches it. She has occasionally given it as a deadly gift and enjoys when men attempt to touch her neck and brush against it. The wearer can also communicate with the Norns through the necklace, and they with the wearer (assuming they are immortal and aren't killed by it). -- Kael on Reddit	
Magister_CIV4GameText_FFH2.xml	TXT_KEY_EQUIPMENT_UROR_BAND_HELP	[ICON_BULLET]Warning! Only immortal units, or those immune to Death damage, can survive having this equipment!	
Magister_CIV4GameText_FFH2.xml	TXT_KEY_EQUIPMENT_POTION_OF_RESTORATION_PEDIA	A Potion of Restoration is among the most difficult alchemical elixirs to produce. The recipe is long and complex, but also irrelevant. Those who mix these potions may think the power depends on the proper preparation of rare magical ingredients, but in truth all that matters is the alchemist's own Creation affinity. The power has a limited shelf life. 	
Magister_CIV4GameText_FFH2.xml	TXT_KEY_EQUIPMENT_DAHLIA_BAND	Dahlia Band	
Magister_CIV4GameText_FFH2.xml	TXT_KEY_EQUIPMENT_GODSLAYER_PEDIA	[ICON_BULLET]This sword negates its victims' [LINK=PROMOTION_IMMORTAL]immortality[\\LINK] and is guaranteed to kill any unit with the Avatar promotion (regardless of combat results)[NEWLINE][ICON_BULLET]When The Twenty-One (and their Archangels) assented to The Compact, their oaths were made manifest in this weapon. Mulcarn broke his vow and forfeited his life to this blade, but the word of a god transcends his person and constrains the very essence of his godhood. In his [LINK=literal]Ascension[\\LINK], [LINK=UNIT_AURIC_ASCENDED]the Heir of Winter[\\LINK] has sentenced himself to death. 	
Magister_CIV4GameText_FFH2.xml	TXT_KEY_EQUIPMENT_DEASIL_CHARM	Deasil Charm	
Magister_CIV4GameText_FFH2.xml	TXT_KEY_EQUIPMENT_APHELION_AMULET	Aphelion Amulet	
Magister_CIV4GameText_FFH2.xml	TXT_KEY_EQUIPMENT_SAWOL_CAVEA	Sawol Cavea	
Magister_CIV4GameText_FFH2.xml	TXT_KEY_EQUIPMENT_SAWOL_CAVEA_HELP	[ICON_BULLET]Captures victim's souls to prevent Resurrections or return as Angels or Manes[NEWLINE][ICON_BULLET]The Compact will not let Angels or Demons use this	
Magister_CIV4GameText_FFH2.xml	TXT_KEY_EQUIPMENT_SAWOL_CAVEA_PEDIA	[TAB]We marched through the wasteland of Agares' hell. We marched through the razor glass plains of Naraka, past the black waters of the Wraithsea and crossed the Westen Wall, a mountain range so foreboding even the balors gave up rather than follow us across. [PARAGRAPH]In hell we don't age, we don't thirst or hunger. The children at the time of the fall are still young, the few elderly that remain are still old. There is no death here, only torment eternal and the promise of escape. [PARAGRAPH]Sabathiel was the only one who scouted alone, and his trips took him further and further from our lines. In the beginning he scouted for a few hours, but now he was frequently gone for days. Today it was three weeks since the last time we saw him. Hundreds have been disappearing from our camp and I am no longer willing to wait for his return. [PARAGRAPH]"Capria, I suspect they were taken into Duke Eligos' lands. " Thom reported. Though he appeared a seven year old boy Thom had, like all of us, spent the past century in hell. He barely remembered a time before the fall. And he was one of our best scouts. [PARAGRAPH]"Then we will search for them. " I said. "Get Revelin and Donal, tell them to meet us at the gate. "[PARAGRAPH]It wasn't a real gate, we had no time to build walls. But the only place the Bannor were allowed to enter and exit the camp, it was where those entering the camp were blessed and prayed over, to make sure they weren't possessed. Anyone who approached from a different direction was killed. Knowledge of the gate was the first test to prove you were a friend. [PARAGRAPH]Which made the missing Bannor more puzzling. Over the decades we had endured attacks from underground, from the sky, or simply out of the darkness. But to have this many simply disappear. Some while on guard, often whole families and clans. We have never had an attack like this. [PARAGRAPH]Donal looked like a wildman compared to the austere Bannor. His beard was full and untrimmed, his smile jovial and his arms thicker than my legs. We had replaced at least a dozen of his shields, they would be beaten past repair in battle. But still Donal survived. [PARAGRAPH]Revelin had become an accomplished archer, scout and was my most trusted advisor after Sabathiel. [PARAGRAPH]"Has Sabathiel returned?" Revelin asked. [PARAGRAPH]"I'm done waiting for him. " I answered. "This time we will need to save ourselves. "[PARAGRAPH]We received blessing and atonement from the gate wardens, and though Revelin had more faith in his bow than the gods, he accepted the warden's prayer. [PARAGRAPH]Then we were off across the wastes. The ground was rough, with strange cilia just beneath the surface that moved and tensed as we passed, causing the ground to shift unexpectedly. Thom led the way, his knife in his hand and far enough ahead that we could barely see him in the world's perpetual gloom. If he raised his hand, we stopped and crouched to the ground. When he moved we moved with him. He led us as we avoided packs of wandering Dybbuk and Zabulus haunts. [PARAGRAPH]We hid, crept and ran for hours before Thom signaled for us to stop and crept back to us. [PARAGRAPH]"There's what looks to be an empty lake ahead. " Thom said. "All mud and drowned corpses, but no water. In the center there is a ruined tower, maybe twelve stories tall. We are clear to move closer if you would like to see. "[PARAGRAPH]We circled the lake for hours, looking for some way to approach the tower without passing by the hundreds of bodies half submerged in the lake bed. We didn't find on, but we did find the trail of hundreds of people meeting at the lake's shore. We spread out to investigate the tracks. [PARAGRAPH]"I'm not seeing any signs of a struggle. " Donal said, obscuring as many of the tracks as he uncovered as he tamped around the site. [PARAGRAPH]"Me either. " Thom said. "I assume these are the Bannor, but they aren't running, they aren't huddled together, there aren't impressions of them falling or being drug across the ground. "[PARAGRAPH]"There are demon tracks too. " Revelin said. "Harpazein, I think. Maybe they picked the people up here and flew them to the tower. "[PARAGRAPH]"Sounds like we are going after them. " I said. "Take a few minutes to rest, then we will cross the lake. "[PARAGRAPH]We sat at the edge of the lake, counting the bloated corpses, looking for handholds in the tower base that we would have to scale and signs of harpazein or worse flying into or out of the tower. [PARAGRAPH]"Are you taking the Sawol Cavea into the tower?" Revelin asked. [PARAGRAPH]I considered. The dagger hung inside my vest, as it has since I found it. We retrieved it from a Caducus that Sabathiel defeated. The dagger had the power to imprison souls. I used it whenever one of the Bannor couldn't be healed, would suffer forever, or simply wouldn't go on. [PARAGRAPH]"Everyone I trust to hold it is here. " I said. It was one of the reasons I never left the camp with Sabathiel, we could lose any individual life, even my own. But the Sawol Cavea held over six thousand Bannor souls. Souls I would, one day, release on Erebus so they could have a chance at heaven. [PARAGRAPH]"Why does Sabathiel make you carry it?" Donal asked. [PARAGRAPH]"I don't know. " I said. "He refuses to touch it, but I asked him if I shouldn't use it, he always avoids the question. Maybe one of his orders keeps him from interfering, or maybe he doesn't know what should be done with it any more than we do. "[PARAGRAPH]"Do we really need Thom?" Revelin asked. [PARAGRAPH]"You are right. " I said. "Thom, you have already done your part guiding us here. Take the Sawol Cavea back to the camp. Don't let anyone know you have it until Sabathiel returns, then give it him, or whoever he appoints as the new leader. "[PARAGRAPH]But Thom withdrew from the dagger. [PARAGRAPH]"No, I'm not going back without you. " Thom said, his look of determination, and the darkness in his eyes was unnatural on his smooth, small face. [PARAGRAPH]I tried again but it was useless. [PARAGRAPH]"Fine, then let us be quick, and careful. " I said, starting into the lake bed. [PARAGRAPH]The corpses we passed stirred and rose, angered at the interruption. Most got barely past their knees before one or two of us was on them cutting and chopping them back into another temporary sleep. It was a disgusting, gruesome business. Swollen flesh, bodies thick with black water and thin blood. Trudging through knee deep mud and body parts as we inched toward the tower. [PARAGRAPH]But eventually we made the tower, a rocky climb nearly four stories to the tower entrance that was once at the surface of the lake. Thom was easily up the rough wall, and thankfully the jagged rock provided enough handholds that it wasn't difficult for Revelin or I. But Donal was not made for climbing. His thick fingers found little purchase in the rocks, and his boots even less. Eventually the three of us climbed to the top and lowered a rope to help Donal follow behind us. [PARAGRAPH]The tower itself looked like a parapet that had been ripped off of a magnificent palace and stabbed into the center of the empty lake. Crumbling remains of the palace walls still clung to the tower, though they were nearly worn off. All the edges were worn smooth by time. The tower was topped by an open belfry, though it was impossible to see if anything was in it from here. [PARAGRAPH]There was a slight earthen base around the tower, and a few stone steps leading up to open entranceway. [PARAGRAPH]There are no intentional guards or locks in Hell, there is no reason for them. There are no thieves or enemy armies here. If someone more powerful than you wants something, which was rare in the sullen darkness before the fall, they simply took it. If someone less powerful than you wanted something of yours, they weren't fool enough to try to take it, not matter how openly you left it. We were more likely to come across a harpazein delivering a message to Eligos than to find one guarding the tower. [PARAGRAPH]The foyer was vaulted and faded mosaics were barely visible in the canopy, a map of an ancient city dressed in black and gold. The city's streets were laid out in perfect symmetry, and a series of monuments on all the streets directed the attention to the cities center. But that part of the mosaic was missing. [PARAGRAPH]Thom pulled me back a stair that spiraled up to the next level and signaled for me to be quiet. We all held still, somewhere above us something shifted in the darkness. We recognized the distant screeches and flutters of the harpazein, the scratching of imps claws across stone, and something more musical and seductive. A whispered voice, too quiet to be able to tell the words, but alluring. [PARAGRAPH]"Can you boys control yourself if we find a morrigain?" I asked. [PARAGRAPH]"Maybe what's leading the people away from the camp. " Donal said. Then as if realizing he didn't answer my question he added, "No different than any other demon in my mind, cut her down and move on. "[PARAGRAPH]Thom and Revelin nodded their agreement. But just in case I took lead on the stairs up. Let her try to entrance them after I lop her head off. [PARAGRAPH]The towers second level was a single hallway with rooms on each side. At the end of the hall a staircase continued up. There was less light here, in the first level open windows had filtered enough light into the large room, but here the windows were only in the side rooms. A small amount of light trickled out of the side rooms into the hallway, but even our well adjusted eyes were having problems seeing anything in the hall. [PARAGRAPH]After checking the first room was empty, I crept into the first thin shaft of light and signaled for the others to follow. Thom was up with me so quickly and quietly that I nearly stabbed him. Revelin followed, also quietly, he had his bow drawn and ready should the morrigain show herself. Donal lagged behind, making sure he wouldn't give us away. [PARAGRAPH]I checked each room as we passed them. They looked to be old studies, I could see the marks in the walls where bookcases and shelves once hung. The rooms were clear, even without the dust that covered everything in this world. [PARAGRAPH]"Did someone clean these rooms?" I whispered to Thom. [PARAGRAPH]He shrugged, also confused to see the rooms empty, but clean. [PARAGRAPH]When I reached the stairs at the other end of the hall I saw her. She was descending like a queen coming down to a grand ball. I could almost hear the musicians playing, the quiet of the crowd, the focus of the room on her. Her skin was pale and smooth, slight freckles played across her face like constellations in the night sky. And her eyes made the night sky envious. She wore only jewelry, emeralds and amethysts bound by thin gold chains to her perfect form. Though she didn't speak I could hear her voice echoing through the hall, whispers of pleasure, temptation, desire. [PARAGRAPH]Revelin's bow fired and it flickered harmlessly through the morrigain and splintered off the wall behind her. I shook myself, she continued down the stairs, but I realized the trap. [PARAGRAPH]"It's an illusion. " I said turning. [PARAGRAPH]At that Duke Eligos fell out of the shadowed recesses of the ceiling. He was massive, easily as heavy as an ox and he landed directly on Donal, slamming him onto the ground and placing one thick fist over Donal's head. Eligos resembled an ox in more than his size, long flat horns jutted out both sides of his head, his skin was course and reddish-brown, his eyes large and empty. He appeared to be a mix between a musk ox and a deviant child, happy to have cornered an animal to torment. [PARAGRAPH]Donal struggled beneath the duke's weight, but he couldn't move. [PARAGRAPH]Revelin spung his aim around at the duke, but didn't fire. [PARAGRAPH]"You have stolen our people. " I said, inching closer to the Duke. [PARAGRAPH]"I've stolen nothing. " he said, where I expected to see the cold intelligence of a predator in his eyes I saw only juvenile glee. "They came to me willingly, they traded your war for the comforts of my home. "[PARAGRAPH]"Where are they?" I asked. [PARAGRAPH]"I was an angel once. " he said, avoiding my question. "A son of Amathaon, I created the first plum. You have never seen beauty like his gardens. And I lived with others. Now I live with others again. "[PARAGRAPH]"They are not your playthings. "[PARAGRAPH]Eligos snarled at me and put his weight on Donal's head, causing him to howl in pain. I stopped moving. [PARAGRAPH]"I saved them. " Eligos said. "They came to me, begged me to allow them to live in my tower. They are all here, we will create a new garden here. "[PARAGRAPH]"No one came to you. " I said. [PARAGRAPH]"Oh yes, one did. Then he went back to your camp and told them of my offer. And they came, hundreds of them came. "[PARAGRAPH]"Who?" I asked. [PARAGRAPH]The hallway was quiet, Eligos savored the tension, but he was not the one who broke it. [PARAGRAPH]"Capria. " Revelin began. "We have given a century to Sabathiel. How many more should we give? We are trapped in hell, why can't we make the best of our prison?"[PARAGRAPH]I blinked away tears of frustration and pain. When I spoke my voice was calm and emotionless. [PARAGRAPH]"You have been leading the people away from the camp, serving them up to demons?" I said. [PARAGRAPH]Donal's complaints were much more emphatic, "You rutting godless bite. "[PARAGRAPH]Donal struggled and nearly pushed Eligos off of his back. Revelin changed his aim from Eligos to Donal, for a second the demon seemed to be forgotten. Thom used that second to leap on Eligos, easily vaulting himself off the duke's think forearm and stabbing the duke in the chest with his knife. [PARAGRAPH]Eligos caught Thom in his free hand and smiled, the knife blade was half buried in the demon's chest, but it barely pierced his thick, rough skin. [PARAGRAPH]"A mere boy cannot kill me. " Eligos said. [PARAGRAPH]"I am not a mere boy. " Thom said, though he spoke with the voice of angels. [PARAGRAPH]The boy was gone. Sabathiel was held in the demon's hand instead, and the knife was Sabathiel's gleaming sword. Sabathiel shoved it through the demon's chest and Eligos crumbled into fractured pieces of flesh. Sabathiel pulled Donal out from underneath the disgusting pile while I turned on Revelin. [PARAGRAPH]"I'm sorry Capria. " Revelin said. "I am trying to save the Bannor too. I didn't believe Fanum when he said that we would be safe right on the other side of the mountain. There were only more demons there. And I don't believe that story now. We need to find a place where we will be safe, be reasonable. "[PARAGRAPH]"Fanatical opposition is the only reasonable response to the threat of hell. " I had parroted that line many times, sentenced many who would negotiate with demons to death. But none I cared for as much as Revelin. I drew the Sawol Cavea from beneath my breastplate. Sabathiel and Donal watched quietly. [PARAGRAPH]"You aren't the first to claim that. " Revelin begged. "Just leave me here. "[PARAGRAPH]"Though you are willing to doom your immortal soul, I am not. I will carry you out of hell and release your soul on Erebus, then you would have some chance to find peace. "[PARAGRAPH]At that I stabbed him. The effect of the Sawol Cavea was immediate, his features became gaunt and pained. His scream was choked short and his body fell to ash. The dagger felt as warm as fresh blood in my hand. [PARAGRAPH:3]Upon returning to Erebus, Capria personally performed a ceremony to destroy the Sawol Cavea. Sabathiel refused to touch the carcerem blade, as such use of dimensional magic to rob the gods of the souls they are owed violates the 5th Article of the Compact. After the conquest of the Fane, the Bannor would again turn to the use of such magic in order to build the prison of Judicium. 	
Magister_CIV4GameText_FFH2.xml	TXT_KEY_EQUIPMENT_PELIANS_PALLIUM	Pelian's Pallium	
Magister_CIV4GameText_FFH2.xml	TXT_KEY_EQUIPMENT_MIRROR_OF_WISHES	Mirror of Wishes	
Magister_CIV4GameText_FFH2.xml	TXT_KEY_EQUIPMENT_MIST	Mist	
Magister_CIV4GameText_FFH2.xml	TXT_KEY_EQUIPMENT_METRONOME	Divine Metronome	
Magister_CIV4GameText_FFH2.xml	TXT_KEY_EQUIPMENT_RESOUNDING_SHIELD	Resounding Shield	
Magister_CIV4GameText_FFH2.xml	TXT_KEY_EQUIPMENT_STARLIGHT_AMULET	Starlight Amulet	
Magister_CIV4GameText_FFH2.xml	TXT_KEY_EQUIPMENT_WAR	The Murderer's Blade	
Magister_CIV4GameText_FFH2.xml	TXT_KEY_EQUIPMENT_URNS	The Urns of Rotting Flesh	
Magister_CIV4GameText_FFH2.xml	TXT_KEY_EQUIPMENT_APRICUS_PEDIA	Once Belphegor is vanquished, Basium passes into the Infinite Garden. All the guardians and hosts of the Garden stand aside as the archangel walks to the center of the world, where the Font of Life rests in the Garden's cradle. Sucellus stands watch over the Font. Basium sets down his weapon and asks for Sucellus's permission to take the Font into Creation and resurrect Yggdrasil. Sucellus answers:[PARAGRAPH]"If I gave it, would you lay down power? The ability to resurrect the army that marched into hell with you and every enemy of the fallen? You, who broke the Compact, the laws of your dominion and god? You, the archangel of life that has killed more than any demon? You, who has refused to serve the god of your dominion? Would you return the Adamans Animans so easily?"[PARAGRAPH]Basium simply offers that he will and Sucellus allows him to take the Font of Life from the Infinite Garden and into Creation. [PARAGRAPH]Basium returns to the burnt husk of Yggdrasil and uses the Font of Life to resurrect the tree. Across Creation the effect can be felt as the health of all people, plants and animals improve. Plants bloom, pregnancies sweep all manner of life across creation (many immaculate) and the children born of these pregnancies are gifted with talent, health and life that hasn't been seen since the Age of Magic. [PARAGRAPH]The angel Gwenhwyfar approaches Basium after this miracle, begging him to use the Font to continue to strengthen creation. She warns that Ars Morendi, Buboes, Stephanoes and Yersinia still plague Creation and that the Font can be used to destroy them. [PARAGRAPH]Basium refuses, saying that he must return the Font. But Gwenhwyfar's phoenix lands on the archangel's arm. Basium speaks to the phoenix, then transforms him into the sword Apricus, also known as the Sword of Life, or Demonsbane. Apricus glows brightly and is so powerful lesser demons will be killed by the touch of its light alone. Basium places an arda on Apricus, that it may only be wielded by mortal hands. [PARAGRAPH]Basium leaves Apricus by Yggdrasil, for Gwenhwyfar to watch over (as an angel she can not wield it) and returns to the Infinite Garden where he places the Font of Life back in its cradle. 	
Magister_CIV4GameText_FFH2.xml	TXT_KEY_EQUIPMENT_APRICUS	Apricus	
Magister_CIV4GameText_FFH2.xml	TXT_KEY_EQUIPMENT_BURNING_BLADE	Burning Blade	
Magister_CIV4GameText_FFH2.xml	TXT_KEY_EQUIPMENT_BLOODY_AXE	Bloody Axe	
Magister_CIV4GameText_FFH2.xml	TXT_KEY_EQUIPMENT_BONE_CIRCLET	Bone Circlet	
Magister_CIV4GameText_FFH2.xml	TXT_KEY_EQUIPMENT_BONE_CIRCLET_HELP	[ICON_BULLET]Warning! The Bone Circlet attracts hostile Wraiths! Also, if it gets too close to Apophis it will transform the relatively harmless goat back into a world-consuming serpent	
Magister_CIV4GameText_FFH2.xml	TXT_KEY_EQUIPMENT_TANELYN	Tan'elyn, the Fey Crown	
Magister_CIV4GameText_FFH2.xml	TXT_KEY_EQUIPMENT_MASK_OF_ESUS	Mask of Esus	
Magister_CIV4GameText_FFH2.xml	TXT_KEY_EQUIPMENT_MASK_KYLORIN	Mask of Kylorin	
Magister_CIV4GameText_FFH2.xml	TXT_KEY_EQUIPMENT_MASK_GABELLA	Mask of Os-Gabella	
Magister_CIV4GameText_FFH2.xml	TXT_KEY_EQUIPMENT_MASK_ASMODAY	Mask of Asmoday	
Magister_CIV4GameText_FFH2.xml	TXT_KEY_EQUIPMENT_MASK_FAERYL	Mask of Faeryl Vicona	
Magister_CIV4GameText_FFH2.xml	TXT_KEY_EQUIPMENT_MASK_ALEXIS	Mask of Alexis	
Magister_CIV4GameText_FFH2.xml	TXT_KEY_EQUIPMENT_MASK_BARBATOS	Mask of Barbatos	
Magister_CIV4GameText_FFH2.xml	TXT_KEY_EQUIPMENT_LODE_PICK	Lode Pick	
Magister_CIV4GameText_FFH2.xml	TXT_KEY_EQUIPMENT_LODE_PICK_PEDIA	The Priests of Kilmorph consider the teeth, horns, and scales of Chthonic Dragons to be sacred. Crafters and enchanters find them invaluable, as they can form tools that can pass through rock almost as easily as the dragons themselves and even help manipulate magnetic fields. 	
Magister_CIV4GameText_FFH2.xml	TXT_KEY_EQUIPMENT_AQUAMARINE_AMULET	Aquamarine Amulet	
Magister_CIV4GameText_FFH2.xml	TXT_KEY_EQUIPMENT_GRAVEDIGGER_SHOVEL	Gravedigger Shovel	
Magister_CIV4GameText_FFH2.xml	TXT_KEY_EQUIPMENT_RING_OF_RUST	Ring of Rust	
Magister_CIV4GameText_FFH2.xml	TXT_KEY_EQUIPMENT_RAZOR_GLASS_FLAIL	Razor Glass Flail	
Magister_CIV4GameText_FFH2.xml	TXT_KEY_EQUIPMENT_CANNIBAL_CUDGEL	Cannibal Cudgel	
Magister_CIV4GameText_FFH2.xml	TXT_KEY_EQUIPMENT_ICE_SICKLE	Ice Sickle	
Magister_CIV4GameText_FFH2.xml	TXT_KEY_EVENT_HOLY_CHILD_4	A dreamer will be able to clarify the vision; have them identify the child and allow the Undertow to raise him.	
Magister_CIV4GameText_FFH2.xml	TXT_KEY_EVENT_SIGN_EVANGELIST	This is a sign that it is time to teach our people to worship properly. Let us recruit a skilled Evangelist at once. 	
Magister_CIV4GameText_FFH2.xml	TXT_KEY_EVENT_SIGN_AERON_1	The Lord of Murder has chosen us to be his children. Let us rejoice in the power he grants us over the weak. 	
Magister_CIV4GameText_FFH2.xml	TXT_KEY_EVENT_SIGN_ARAWN	Astrologers report that the Shroud has moved into prominence. This constellation is sacred to Arawn and it is said to be a good time to visit gravesites and remember those that have passed on. Although The God of Death himself does nothing to honor this alignment, his archangel Gyra works to make sure that the dead may rest in peace. She hallows the ground so that Necromancers may not disturb them. 	
Magister_CIV4GameText_FFH2.xml	TXT_KEY_EVENT_SIGN_ARAWN_1	Let us honor the Lord of the Otherworld, though he cares not what we do in this life. 	
Magister_CIV4GameText_FFH2.xml	TXT_KEY_EVENT_SIGN_SIRONA_1	Let us be the instrument of mercy that our Lady of Wisdom uses to establish a more enduring peace. 	
Magister_CIV4GameText_FFH2.xml	TXT_KEY_EVENT_SIGN_NANTOSUELTA_1	May Nantosuelta teach us to perfect all our arts, especially the art of living virtuously. 	
Magister_CIV4GameText_FFH2.xml	TXT_KEY_EVENT_SIGN_CAMULOS_1	There is no need for diplomacy. Let nothing restrain our power to do what we will to whomever we will, even against their will!	
Magister_CIV4GameText_FFH2.xml	TXT_KEY_EVENT_SIGN_DAGDA_1	Couldn't we just agree that astronomy is a silly superstition, and that we mortals ought to make our own fates?	
Magister_CIV4GameText_FFH2.xml	TXT_KEY_EVENT_SIGN_BHALL_1	Bring forth the sacrifices! Let the Firebrands fuel the Sacred Flame with the blood of our enemies, and ignite us with the passion of our mistress!	
Magister_CIV4GameText_FFH2.xml	TXT_KEY_EVENT_STRANGE_ADVISOR_2	She's lost her mind, assign a new agriculture advisor. 	
Magister_CIV4GameText_FFH2.xml	TXT_KEY_EVENT_TRAIT_SCAVENGER	Scavenger	
Magister_CIV4GameText_FFH2.xml	TXT_KEY_EVENT_TRAIT_PHILOSOPHICAL_HELP	[NEWLINE][SPACE][SPACE][ICON_BULLET]Allows building [LINK=BUILDING_ACADEMY]Academies[\\LINK] without using a Great Sage	
Magister_CIV4GameText_FFH2.xml	TXT_KEY_EVENTTRIGGER_ASHEN_VEIL_GIGGLES	Your oldest friend in all the world, the Imp you call Puppy, has a favor to ask. He says that his boss would very much like to meet you. Could we invite this Prince of Hell to our next tea party?	
Magister_CIV4GameText_FFH2.xml	TXT_KEY_EVENT_ASHEN_VEIL_GIGGLES	That sounds like a great idea! Do I have time to order a dress big enough to fit a Balor, or will he have to settle for just wearing a nice pink bow?	
Magister_CIV4GameText_FFH2.xml	TXT_KEY_EVENT_GIGGLES_HELP	Gain "Giggles, Prince of Hell," a Balor with the Hero, Strong, Mobility, and Summoner promotions	
Magister_CIV4GameText_FFH2.xml	TXT_KEY_EVENT_REFUSE_GIGGLES	Sorry, but the table just isn't big enough. The teddy bears have all RSVP'd already, and it would be very rude to uninvite them now. He'll just have to wait his turn. 	
Magister_CIV4GameText_FFH2.xml	TXT_KEY_EVENT_RUNEWYN	Dagda apparently believes that our Arcane might threatens the balance of Erebus; he has sent a Runewyn to eliminate the threat. 	
Magister_CIV4GameText_FFH2.xml	TXT_KEY_EVENT_LUONNOTAR	Men have appeared in our city preaching a most abhorrent blasphemy against all the gods. Our priests attempted to make an example of them by invoking the divine to carry out their public executions, but it went horribly wrong. Only the blasphemers have survived, and their message is spreading. 	
Magister_CIV4GameText_FFH2.xml	TXT_KEY_EVENTTRIGGER_LUONNOTAR	A new an abhorrent blasphemy against all the gods has arisen. The priests tasked with destroying it have themselves been destroyed, ostensibly by the very divine power they invoked against the condemned. This has fueled the blasphemy to spread like wildfire. 	
Magister_CIV4GameText_FFH2.xml	TXT_KEY_EVENT_WB_LORD_OF_THE_BALORS_TEMPT_HYBOREM	The Lord of the Balors himself appears, resplendent in a dark glory that you can scarcely imagine even a god surpassing. You feel your faith fade as he fills you with despair. He calls you a fool for resisting corruption, for it is inevitable. You ought to instead embrace the darkness, and the power it provides. With Hyborem's favor you may enjoy a long life and then avoid the worst of hell. Without it you are doomed to perish soon, never to escape the torments of Camulos's battlefield. He asks only that you worship him, and give your soul willingly to the King of Hope. 	
Magister_CIV4GameText_FFH2.xml	TXT_KEY_EVENT_HIRE_MERCENARY	Hire Mercenary	
Magister_CIV4GameText_FFH2.xml	TXT_KEY_EVENT_HIRE_MERCENARY_UNIT_UNAVAILABLE	Unavailable in this culture	
Magister_CIV4GameText_FFH2.xml	TXT_KEY_EVENT_HUNTER_WOLF	Purchase a Wolf	
Magister_CIV4GameText_FFH2.xml	TXT_KEY_EVENT_HUNTER_LION	Purchase a Lion	
Magister_CIV4GameText_FFH2.xml	TXT_KEY_EVENT_HUNTER_BEAR	Purchase a Bear	
Magister_CIV4GameText_FFH2.xml	TXT_KEY_EVENT_HUNTER_GORILLA	Purchase a Gorilla	
Magister_CIV4GameText_FFH2.xml	TXT_KEY_EVENT_HUNTER_BABOON	Purchase a Baboon	
Magister_CIV4GameText_FFH2.xml	TXT_KEY_EVENT_HUNTER_TIGER	Purchase a Tiger	
Magister_CIV4GameText_FFH2.xml	TXT_KEY_EVENT_HUNTER_PANTHER	Purchase a Panther	
Magister_CIV4GameText_FFH2.xml	TXT_KEY_EVENT_HUNTER_SCORPION	Purchase a Scorpion	
Magister_CIV4GameText_FFH2.xml	TXT_KEY_EVENT_HUNTER_GIANT_SPIDER	Purchase a Giant Spider	
Magister_CIV4GameText_FFH2.xml	TXT_KEY_EVENT_HUNTER_ELEPHANT	Purchase an Elephant	
Magister_CIV4GameText_FFH2.xml	TXT_KEY_EVENT_HUNTER_HAWK	Purchase a Hawk	
Magister_CIV4GameText_FFH2.xml	TXT_KEY_EVENT_SICKNESS_3	We should use this disease to our advantage against our mortal enemies. 	
Magister_CIV4GameText_FFH2.xml	TXT_KEY_EVENT_FLARE_ICE_NODE	Our channelers have lost control of an ice node. It flared up, altering the weather in the surrounding area. 	
Magister_CIV4GameText_FFH2.xml	TXT_KEY_EVENTTRIGGER_FLARE_ICE_NODE	An Ice node in the %s1_civ_adjective lands has flared up. 	
Magister_CIV4GameText_FFH2.xml	TXT_KEY_EVENTTRIGGER_GUARDIAN_VINES	Our priests report that a very special vine has begun to grow at the heart of this city's Grove. They believe it to be an offshoot of the that most sacred plant which grows far beneath the heart of the Umbrawood. This shoot is now so weak that it seems unlikely to survive, but with your support they hope to tend it until it matures into a guardian as reliable of that which Sucellus sent to protect the elves of old from the horrors of the Godswar. 	
Magister_CIV4GameText_FFH2.xml	TXT_KEY_EVENT_GUARDIAN_VINES	By all means, we must guard this sacred growth that it may someday guard us in turn. 	
Magister_CIV4GameText_FFH2.xml	TXT_KEY_EVENT_INFERNAL_PACT	To complete your Infernal Pact, you must make a covenant with one of the rulers of Hell. Which Demon Lord do you wish to permit entry into Erebus?	
Magister_CIV4GameText_FFH2.xml	TXT_KEY_EVENT_SLAYER_OF_ENEMY_RACE	We have discovered a weakness shared by all members of our enemy's race. Some of your advisers suggest teaching our soldiers to exploit this inferiority in combat, but others warn that doing so will provoke animosity from those members of the same race who currently mean us no harm. Should we proceed?	
Magister_CIV4GameText_FFH2.xml	TXT_KEY_EVENT_CULT_OF_DRAGON_BONES	A new sect has begun to gather around ancient bones and pray to the spirit which once animated them. They blaspheme every god and prophesy a day when this great beast will rise again to annihilate all their foes. 	
Magister_CIV4GameText_FFH2.xml	TXT_KEY_EVENT_DRAGON_FANATIC	Let's encourage these Fanatics. Their Blasphemous Cult could prove useful. 	
Magister_CIV4GameText_FFH2.xml	TXT_KEY_EVENT_DRAGON_FANATIC_ACHERON	Let's encourage the Cult of Acheron. Fiery Fanatics could prove useful. 	
Magister_CIV4GameText_FFH2.xml	TXT_KEY_EVENT_DRAGON_FANATIC_ABASHI	Let's encourage the Cult of Abashi. Unholy Fanatics could prove useful. 	
Magister_CIV4GameText_FFH2.xml	TXT_KEY_EVENT_DRAGON_FANATIC_DRIFA	Let's encourage the Cult of Drifa. Icy Fanatics could prove useful. 	
Magister_CIV4GameText_FFH2.xml	TXT_KEY_EVENT_DRAGON_FANATIC_EURABATRES	Let's encourage the cult of Eurabatres. Creative Fanatics could prove useful. 	
Magister_CIV4GameText_FFH2.xml	TXT_KEY_EVENT_DRAGON_FANATIC_THALATTH	Let's encourage the Cult of Thalatth. Wet Fanatics could prove useful. 	
Magister_CIV4GameText_FFH2.xml	TXT_KEY_EVENT_FLARE_PLANAR_GATE	Our Planar Gate has pulled a hostile unit through into our lands. 	
Magister_CIV4GameText_FFH2.xml	TXT_KEY_EVENT_WITCH_3	There are ways of telling whether she is a witch. If. . . she. . . weighs. . . the same as a duck,. . . she's made of wood. And therefore? A witch! We shall use my largest scales!	
Magister_CIV4GameText_FFH2.xml	TXT_KEY_EVENT_WITCH_4	Executing an innocent to appease the mob would be fine, but this women seems to have some useful talent. We should recruit her and kill her accusers instead. 	
Magister_CIV4GameText_FFH2.xml	TXT_KEY_EVENTTRIGGER_GOVANNONS_LEGACY	The followers of Govannon have grown more radical since their master's death. They now demand we require all Mage Guilds to indoctrinate their adepts in Govannon's Ethics. The arcane establishment of course adamantly opposes this, insisting that magic is too dangerous for amateurs to practice. 	
Magister_CIV4GameText_FFH2.xml	TXT_KEY_EVENT_GOVANNONS_LEGACY_MANDATE	Who cares what the senile Wizards of the Mage Guilds think? Embracing Govannon's legacy would be great for our military and our economy. 	
Magister_CIV4GameText_FFH2.xml	TXT_KEY_EVENT_GOVANNONS_LEGACY_OUTLAW	The Mage Guilds are right. Unlicensed lessons must be stopped. 	
Magister_CIV4GameText_FFH2.xml	TXT_KEY_EVENT_GOVANNONS_LEGACY_IGNORE	We should just keep looking the other way rather than risk the ire of either the guilds or the common people. 	
Magister_CIV4GameText_FFH2.xml	TXT_KEY_EVENT_FORM_PERMANENT_ALLIANCE	The %s1_playerName empire offers you a Permanent Alliance in appreciation for your service. Do you accept?	
Magister_CIV4GameText_FFH2.xml	TXT_KEY_EVENT_FORM_PERMANENT_ALLIANCE_YES	Yes, let us rule the world together. 	
Magister_CIV4GameText_FFH2.xml	TXT_KEY_EVENT_MERCENARY	A mercenary recruiter offers his services in %s2_city. 	
Magister_CIV4GameText_FFH2.xml	TXT_KEY_EVENT_OCCISOR	Your %s3_unit wakes from dreams of blood. Aeron, the God of Hate, has chosen him to be his advocate in Erebus. 	
Magister_CIV4GameText_FFH2.xml	TXT_KEY_EVENT_DISCOVER_CHANGELING	Grave news! We have reason to believe that Esus has replaced this unit with a changeling!	
Magister_CIV4GameText_FFH2.xml	TXT_KEY_EVENT_RECRUIT_CHANGELING	Why should this trouble us? It is a blessing from our god. Changelings are far more useful to our cause than mere mortals. 	
Magister_CIV4GameText_FFH2.xml	TXT_KEY_EVENT_EXECUTE_CHANGELING	By now its victim is surely dead. Justice demands we make this monster pay for the murder. 	
Magister_CIV4GameText_FFH2.xml	TXT_KEY_EVENT_RESCUE_CHANGELING_VICTIM	Pray to Lugus. Only he can compel the creature to reveal where he hid his victim before he escapes back into the shadows of Esus's realm. 	
Magister_CIV4GameText_FFH2.xml	TXT_KEY_EVENT_IGNORE_CHANGELING	A changeling? Seriously? You think such accusations are worth my time? The common folk think everyone is a changeling, but never have a shred of proof to back up their superstitious paranoia. This is worse than a witch-hunt. Why do you bring me tales of such nonsense?	
Magister_CIV4GameText_FFH2.xml	TXT_KEY_EVENT_IGNORE_CHANGELING_INFO	[ICON_BULLET]May cause the unit to become a Barbarian Changeling, or might have no effect	
Magister_CIV4GameText_FFH2.xml	TXT_KEY_EVENT_ANGRY_TREANTS	An army of Treants has risen to destroy your Lumbermill and avenge the death of every tree slaughtered by your reckless industry. 	
Magister_CIV4GameText_FFH2.xml	TXT_KEY_EVENT_CITY_FEUD_MERC	The conflicts between the merchants in %s2_city and your capital have escalated. This time the merchants in your capital have hired mercenary raiders to prey on the trade routes of their rival. 	
Magister_CIV4GameText_FFH2.xml	TXT_KEY_EVENT_TRADE_BARATHRUM	A caravan heading to Barathrum has offered to sell us a charm to guide us through the Whispering Woods, and help us establish relations with the Once-Elves of the Hidden City	
Magister_CIV4GameText_FFH2.xml	TXT_KEY_EVENT_TRADE_BARATHRUM_ACCEPT	By all means, accept! We may never get another chance to see the wonders of the liminal realm. 	
Magister_CIV4GameText_FFH2.xml	TXT_KEY_EVENTTRIGGER_ARMAGEDDON_APOPHIS	A very hungry Goat has been seen wandering around causing a nuisance, eating several times his body mass without ever getting full. Some claim this could be one of the Unraveling, the greatest demons of Agares. We should be alright though, so long as the Bone Circlet remains at the bottom of the black sea beyond the razor-glass plains of Naraka. 	
Magister_CIV4GameText_FFH2.xml	TXT_KEY_EVENT_SHRINE_CAMULOS_1	Do nothing, it is best not to anger the Sons of Discord. 	
Magister_CIV4GameText_FFH2.xml	TXT_KEY_EVENT_TRIGGER_GREAT_MEDIATOR_1	An Adjudicator of the Grey Council has emerged, offering to impartially mediate the dispute between %s1_civ_adjective leadership and our nation. This could be a chance for peace. 	
Magister_CIV4GameText_FFH2.xml	TXT_KEY_EVENT_GREAT_MEDIATOR_1	We do not want peace! Let the Church of Dadga be damned! This war will continue. 	
Magister_CIV4GameText_FFH2.xml	TXT_KEY_EVENT_GREAT_MEDIATOR_2	Peace would benefit both sides. Give our blessing to this mediator, and may his words prove sharper than their hatreds. 	
Magister_CIV4GameText_FFH2.xml	TXT_KEY_EVENT_GREAT_MEDIATOR_OTHER_3	An Adjudicator of the Grey Council has offered to arbitrate our grievance with the %s1_civ_adjective Empire. This opens the door to a possible peace treaty. Do you wish to end the war?	
Magister_CIV4GameText_FFH2.xml	TXT_KEY_EVENT_MEDIATOR_WORLD_2	An Adjudicator of the Grey Council has attempted to broker peace between the %s1_civ_adjective and %s3_adjective Empires!	
Magister_CIV4GameText_FFH2.xml	TXT_KEY_EVENT_SIGN_NANTOSUELTA	Astrologers report that the Eye of Heaven has moved into prominence. This constellation is sacred to Nantosuelta, the Queen of Bells, Keymaker, and Mother of Knights. The Ring-Givers claim that any skill practiced during this time is sure to improve. Most agree that this the best time to start a marriage. 	
Magister_CIV4GameText_FFH2.xml	TXT_KEY_ERA_HAND	System use	
Magister_CIV4GameText_FFH2.xml	TXT_KEY_FEATURE_FOREST_ANCIENT_PEDIA	Those who disturb Ancient Forests may have to deal with Treants rising to defend them. 	
Magister_CIV4GameText_FFH2.xml	TXT_KEY_FEATURE_BLIZZARD_PEDIA	[LINK=PROMOTION_WINTERBORN]Winterborn[\\LINK] units are immune, but other units suffer from Cold damage when they enter a Blizzard. [PARAGRAPH]Blizzards may be created by [LINK=UNIT_AQUILAN]Aquilans[\\LINK], [LINK=UNIT_HIGH_PRIEST_OF_WINTER]High Priests of Winter[\\LINK], and [LINK=PROJECT_THE_DEEPENING]The Deepening Ritual[\\LINK]. [LINK=UNIT_PRIEST_OF_WINTER]Priests of Winter[\\LINK] can move Blizzards into adjacent tiles. Blizzards may be removed by the [LINK=SPELL_SCORCH]Scorch[\\LINK] spell. 	
Magister_CIV4GameText_FFH2.xml	TXT_KEY_FEATURE_ICE_PEDIA	Polar Ice makes a tile impassable and unworkable. It can be removed by the [LINK=SPELL_SCORCH]Scorch[\\LINK] spell. spell, but the caster would need to have [LINK=PROMOTION_FLYING]Flying[\\LINK] to get to the tile to cast it. 	
Magister_CIV4GameText_FFH2.xml	TXT_KEY_FEATURE_JUNGLE_PEDIA	Jungles cause [ICON_UNHEALTHY], but can upgrade to [LINK=FEATURE_FOREST_ANCIENT]Ancient Forests[\\LINK] providing [ICON_HEALTHY] with the Fellowship of the Leaves religion. They are also changed to Forests by [LINK=BUILDING_TEMPLE_OF_THE_HAND]Temples of the Hand[\\LINK], and return as forests after being burned down. 	
Magister_CIV4GameText_FFH2.xml	TXT_KEY_FEATURE_TORMENTED_SOULS_PEDIA	[ICON_BULLET]Those who disturb Tormented Souls may end up facing [LINK=PROMOTION_CRAZED]Crazed[\\LINK] [LINK=UNIT_SPECTRE]Spectres[\\LINK]. The [LINK=SPELL_SANCTIFY]Sanctify[\\LINK] spell can calm these spirit. 	
Magister_CIV4GameText_FFH2.xml	TXT_KEY_FEATURE_FRESH_WATER	Fresh Water	
Magister_CIV4GameText_FFH2.xml	TXT_KEY_FEATURE_FRESH_WATER_PEDIA	This dummy feature is just here to allow Aqueducts to provide fresh water and allow irrigation	
Magister_CIV4GameText_FFH2.xml	TXT_KEY_FEATURE_HALLOWED_GROUND_PEDIA	The Hallowed Ground feature stops the spread of [LINK=CONCEPT_HELL_TERRAIN]Hell[\\LINK]. It is impassible to most Demons and Undead units. Those who do manage to enter such tiles are stopped in their tracks and hurt by Holy Damage. Undeath spells will not work while on Hallowed Ground. [LINK=UNIT_TOMB]Tomb Wardens[\\LINK] may emerge to defend [LINK=IMPROVEMENT_GRAVEYARD]Graveyards[\\LINK] on Hallowed Ground. Where the feature is only temporary, their presence extends its duration. Hallowed Ground is most commonly found on Graveyards, where it can be created by the [LINK=SPELL_HALLOW_GRAVEYARD]Hallow Graveyard[\\LINK] spell, the [LINK=SPELL_SANCTIFY]Sanctify[\\LINK] spell, or Arawn's Constellation event. Such Hallowed Ground is always temporary, reverting after a few turns to the tile's previous feature type. The [LINK=SPELL_ASSUAGE]Assuage[\\LINK] spell transforms [LINK=FEATURE_TORMENTED_SOUL]Tormented Souls[\\LINK] into Hallowed Ground. The [LINK=SPELL_UNSEAL_WELL]Unseal Well[\\LINK] spell creatures permanent Hallowed Ground around [LINK=IMPROVEMENT_BRADELINES_WELL]Bradeline's Well[\\LINK]	
Magister_CIV4GameText_FFH2.xml	TXT_KEY_FEATURE_HALLOWED_GROUND	Hallowed Ground	
Magister_CIV4GameText_FFH2.xml	TXT_KEY_GAME_OPTION_NO_PROJECTS	Remove Rituals	
Magister_CIV4GameText_FFH2.xml	TXT_KEY_GAME_OPTION_NO_PROJECTS_HELP	Prevents any Rituals from being completed. Note that this prevents Hyborem from entering the world and prevents The White Hand religion from being founded. 	
Magister_CIV4GameText_FFH2.xml	TXT_KEY_GAME_OPTION_NO_MAINTENANCE	No Maintenance	
Magister_CIV4GameText_FFH2.xml	TXT_KEY_GAME_OPTION_NO_MAINTENANCE_HELP	Units do not cost gold to maintain	
Magister_CIV4GameText_FFH2.xml	TXT_KEY_GAME_OPTION_NO_WAR_WEARINESS	No War Weariness	
Magister_CIV4GameText_FFH2.xml	TXT_KEY_GAME_OPTION_NO_WAR_WEARINESS_HELP	Cities will not suffer the unhappiness penalty for waging war	
Magister_CIV4GameText_FFH2.xml	TXT_KEY_GAME_OPTION_ALWAYS_OPEN_BORDERS	Always Open Borders	
Magister_CIV4GameText_FFH2.xml	TXT_KEY_GAME_OPTION_ALWAYS_OPEN_BORDERS_HELP	All players will always have Open Border Agreements with all other players	
Magister_CIV4GameText_FFH2.xml	TXT_KEY_GAME_OPTION_ALWAYS_RAZE	Always Raze	
Magister_CIV4GameText_FFH2.xml	TXT_KEY_GAME_OPTION_ALWAYS_RAZE_HELP	Conquered cities must always be razed to the ground rather than captured	
Magister_CIV4GameText_FFH2.xml	TXT_KEY_GAME_OPTION_NO_HEALING_FOR_HUMANS	No Healing for Humans	
Magister_CIV4GameText_FFH2.xml	TXT_KEY_GAME_OPTION_NO_HEALING_FOR_HUMANS_HELP	Living units will not heal automatically over time, but can still be healed by the Medic 3 spell	
Magister_CIV4GameText_FFH2.xml	TXT_KEY_GAME_OPTION_NO_INFLATION	No Inflation	
Magister_CIV4GameText_FFH2.xml	TXT_KEY_GAME_OPTION_NO_INFLATION_HELP	No Inflation	
Magister_CIV4GameText_FFH2.xml	TXT_KEY_GAME_OPTION_PUPPET_STATES	Puppet States	
Magister_CIV4GameText_FFH2.xml	TXT_KEY_GAME_OPTION_PUPPET_STATES_HELP	Allows the creation of Puppet States	
Magister_CIV4GameText_FFH2.xml	TXT_KEY_GAME_OPTION_REVOLUTIONS	Revolutions	
Magister_CIV4GameText_FFH2.xml	TXT_KEY_GAME_OPTION_REVOLUTIONS_HELP	Allows the possibility of Revolutions	
Magister_CIV4GameText_FFH2.xml	TXT_KEY_GAME_OPTION_ADVANCED_TACTICS	Advanced Tactics	
Magister_CIV4GameText_FFH2.xml	TXT_KEY_GAME_OPTION_ADVANCED_TACTICS_HELP	Adds new Combat Results, Diplomacy Options and Great Generals	
Magister_CIV4GameText_FFH2.xml	TXT_KEY_GAME_OPTION_ADVENTURE_MODE	Adventure Mode	
Magister_CIV4GameText_FFH2.xml	TXT_KEY_GAME_OPTION_WB_LOAD_SCREEN	Control Whole Team	
Magister_CIV4GameText_FFH2.xml	TXT_KEY_GAME_OPTION_WB_LOAD_SCREEN_HELP	When the human player is part of a larger team, and it is no a hotseat game, this option reassigns the player at the end of his turn so that he can control his AI teammates too. 	
Magister_CIV4GameText_FFH2.xml	TXT_KEY_GAME_OPTION_NO_RELIGION_0	Remove Religion- The Empyrean	
Magister_CIV4GameText_FFH2.xml	TXT_KEY_GAME_OPTION_NO_RELIGION_0_HELP	Removes the Empyrean religion from the game	
Magister_CIV4GameText_FFH2.xml	TXT_KEY_GAME_OPTION_NO_RELIGION_1	Remove Religion- The Brotherhood of Wardens	
Magister_CIV4GameText_FFH2.xml	TXT_KEY_GAME_OPTION_NO_RELIGION_1_HELP	Removes The Brotherhood of Wardens religion from the game	
Magister_CIV4GameText_FFH2.xml	TXT_KEY_GAME_OPTION_NO_RELIGION_2	Remove Religion- The Ring Givers	
Magister_CIV4GameText_FFH2.xml	TXT_KEY_GAME_OPTION_NO_RELIGION_2_HELP	Removes The Ring Givers religion from the game	
Magister_CIV4GameText_FFH2.xml	TXT_KEY_GAME_OPTION_NO_RELIGION_3	Remove Religion- The Unblemished	
Magister_CIV4GameText_FFH2.xml	TXT_KEY_GAME_OPTION_NO_RELIGION_3_HELP	Removes The Unblemished religion from the game	
Magister_CIV4GameText_FFH2.xml	TXT_KEY_GAME_OPTION_NO_RELIGION_4	Remove Religion- The House of Plenty	
Magister_CIV4GameText_FFH2.xml	TXT_KEY_GAME_OPTION_NO_RELIGION_4_HELP	Removes The House of Plenty religion from the game	
Magister_CIV4GameText_FFH2.xml	TXT_KEY_GAME_OPTION_NO_RELIGION_5	Remove Religion- The Order	
Magister_CIV4GameText_FFH2.xml	TXT_KEY_GAME_OPTION_NO_RELIGION_5_HELP	Removes the Order religion from the game	
Magister_CIV4GameText_FFH2.xml	TXT_KEY_GAME_OPTION_NO_RELIGION_6	Remove Religion- The Matronae	
Magister_CIV4GameText_FFH2.xml	TXT_KEY_GAME_OPTION_NO_RELIGION_6_HELP	Removes The Matronae religion from the game	
Magister_CIV4GameText_FFH2.xml	TXT_KEY_GAME_OPTION_NO_RELIGION_7	Remove Religion- The Children of The One	
Magister_CIV4GameText_FFH2.xml	TXT_KEY_GAME_OPTION_NO_RELIGION_7_HELP	Removes The Children of The One religion from the game	
Magister_CIV4GameText_FFH2.xml	TXT_KEY_GAME_OPTION_NO_RELIGION_8	Remove Religion- The Eternal Cabal	
Magister_CIV4GameText_FFH2.xml	TXT_KEY_GAME_OPTION_NO_RELIGION_8_HELP	Removes The Eternal Cabal religion from the game	
Magister_CIV4GameText_FFH2.xml	TXT_KEY_GAME_OPTION_NO_RELIGION_9	Remove Religion- the Laeran Cord 	
Magister_CIV4GameText_FFH2.xml	TXT_KEY_GAME_OPTION_NO_RELIGION_9_HELP	Removes the Laeran Cord religion from the game	
Magister_CIV4GameText_FFH2.xml	TXT_KEY_GAME_OPTION_NO_RELIGION_10	Remove Religion- The Undertow	
Magister_CIV4GameText_FFH2.xml	TXT_KEY_GAME_OPTION_NO_RELIGION_10_HELP	Removes The Undertow religion from the game	
Magister_CIV4GameText_FFH2.xml	TXT_KEY_GAME_OPTION_NO_RELIGION_11	Remove Religion- The Grey Council	
Magister_CIV4GameText_FFH2.xml	TXT_KEY_GAME_OPTION_NO_RELIGION_11_HELP	Removes The Grey Council religion from the game	
Magister_CIV4GameText_FFH2.xml	TXT_KEY_GAME_OPTION_NO_RELIGION_12	Remove Religion- Runes of Kilmorph	
Magister_CIV4GameText_FFH2.xml	TXT_KEY_GAME_OPTION_NO_RELIGION_12_HELP	Removes the Runes of Kilmorph religion from the game	
Magister_CIV4GameText_FFH2.xml	TXT_KEY_GAME_OPTION_NO_RELIGION_13	Remove Religion- Fellowship of Leaves	
Magister_CIV4GameText_FFH2.xml	TXT_KEY_GAME_OPTION_NO_RELIGION_13_HELP	Removes the Fellowship of Leaves religion from the game	
Magister_CIV4GameText_FFH2.xml	TXT_KEY_GAME_OPTION_NO_RELIGION_14	Remove Religion- The Foxmen	
Magister_CIV4GameText_FFH2.xml	TXT_KEY_GAME_OPTION_NO_RELIGION_14_HELP	Removes The Foxmen religion from the game	
Magister_CIV4GameText_FFH2.xml	TXT_KEY_GAME_OPTION_NO_RELIGION_15	Remove Religion- The Cult of the Dragon	
Magister_CIV4GameText_FFH2.xml	TXT_KEY_GAME_OPTION_NO_RELIGION_15_HELP	Removes The Cult of the Dragon religion from the game	
Magister_CIV4GameText_FFH2.xml	TXT_KEY_GAME_OPTION_NO_RELIGION_16	Remove Religion- The Council of Esus	
Magister_CIV4GameText_FFH2.xml	TXT_KEY_GAME_OPTION_NO_RELIGION_16_HELP	Removes the Council of Esus religion from the game	
Magister_CIV4GameText_FFH2.xml	TXT_KEY_GAME_OPTION_NO_RELIGION_17	Remove Religion- The White Hand	
Magister_CIV4GameText_FFH2.xml	TXT_KEY_GAME_OPTION_NO_RELIGION_17_HELP	Removes The White Hand religion from the game	
Magister_CIV4GameText_FFH2.xml	TXT_KEY_GAME_OPTION_NO_RELIGION_18	Remove Religion- The Stewards of Inequity	
Magister_CIV4GameText_FFH2.xml	TXT_KEY_GAME_OPTION_NO_RELIGION_18_HELP	Removes The Stewards of Inequity religion from the game	
Magister_CIV4GameText_FFH2.xml	TXT_KEY_GAME_OPTION_NO_RELIGION_19	Remove Religion- The Sons of Discord	
Magister_CIV4GameText_FFH2.xml	TXT_KEY_GAME_OPTION_NO_RELIGION_19_HELP	Removes The Sons of Discord religion from the game	
Magister_CIV4GameText_FFH2.xml	TXT_KEY_GAME_OPTION_NO_RELIGION_20	Remove Religion- The Anointed	
Magister_CIV4GameText_FFH2.xml	TXT_KEY_GAME_OPTION_NO_RELIGION_20_HELP	Removes The Anointed religion from the game	
Magister_CIV4GameText_FFH2.xml	TXT_KEY_GAME_OPTION_NO_RELIGION_21	Remove Religion- The Ashen Veil	
Magister_CIV4GameText_FFH2.xml	TXT_KEY_GAME_OPTION_NO_RELIGION_21_HELP	Removes The Ashen Veil religion from the game (Hyborem can't enter the game when this option is selected)	
Magister_CIV4GameText_FFH2.xml	TXT_KEY_GAME_OPTION_NO_RELIGION_22	Remove Religion- The Ember Legion	
Magister_CIV4GameText_FFH2.xml	TXT_KEY_GAME_OPTION_NO_RELIGION_22_HELP	Removes The Ember Legion religion from the game	
Magister_CIV4GameText_FFH2.xml	TXT_KEY_GAME_OPTION_NO_RELIGION_23	Remove Religion- The Between	
Magister_CIV4GameText_FFH2.xml	TXT_KEY_GAME_OPTION_NO_RELIGION_23_HELP	Removes The Between religion from the game	
Magister_CIV4GameText_FFH2.xml	TXT_KEY_GOODY_EXPLORE_LAIR_ITEM_KANNAS_WHIP	Your unit discovers an ancient artifact, the Whip of the Mistress of Pain. Despite warnings of its evil taint, our conjurers crave the power it would give to their summons. 	
Magister_CIV4GameText_FFH2.xml	TXT_KEY_GOODY_EXPLORE_LAIR_ITEM_SEVEN_LEAGUE_BOOTS	Your unit discovers an ancient artifact, the Seven League Boots, which will allow a unit to travel much faster and use enemy roads. 	
Magister_CIV4GameText_FFH2.xml	TXT_KEY_GOODY_EXPLORE_LAIR_ITEM_MASK_OF_ESUS	Your unit discovers an ancient artifact, a Mask of Esus. Its wearer will always remain invisible, hidden nationality, unable to be captured, and immune to Mind Magic or Death damage. 	
Magister_CIV4GameText_FFH2.xml	TXT_KEY_GOODY_EXPLORE_LAIR_ITEM_SHIELD_OF_BALANCE	Your unit discovers an ancient artifact, a Shield of the champion of Dagda. This is a stalwart defense, especially against angels, demons, and the supernatural. 	
Magister_CIV4GameText_FFH2.xml	TXT_KEY_GOODY_EXPLORE_LAIR_ITEM_SAWOL_CAVEA	Your unit discovers an ancient artifact, the Sawol Cavea. This carcerem blade captures mortal souls, which technically violates the 5th Article of The Compact. Those killed by this dagger will not return as Angels or Manes. Until this item is destroyed, they cannot be resurrected unless the caster is holding it. 	
Magister_CIV4GameText_FFH2.xml	TXT_KEY_GOODY_EXPLORE_LAIR_ITEM_APHELION_AMULET	Your unit discovers an artifact, the Aphelion Amulet. This charm was fashioned by Rivanna the Wraith Lord to help her usurp Queen Faeryl Viconia's throne. When activated on Yule, it allows the user to perfectly impersonate a target for a full year. Unfortunately the effect cannot be reversed until the next Yule, which is why the Ljosalfar executed Rivanna in Faeryl's place. 	
Magister_CIV4GameText_FFH2.xml	TXT_KEY_GOODY_EXPLORE_LAIR_ITEM_PELIANS_PALLIUM	Your unit discovers an ancient artifact, Pelian's Pallium. It is imbued with the Archangel's power but also his pacifism, preventing its wearer from attacking anyone. 	
Magister_CIV4GameText_FFH2.xml	TXT_KEY_GOODY_EXPLORE_LAIR_ITEM_RESOUNDING_SHIELD	Your unit discovers an ancient artifact, the Resounding Shield!	
Magister_CIV4GameText_FFH2.xml	TXT_KEY_GOODY_EXPLORE_LAIR_ITEM_MIST	Your unit discovers an ancient artifact, the elven blade called Mist. It is said to phase through metal and stone but strike spirits as if they were flesh. 	
Magister_CIV4GameText_FFH2.xml	TXT_KEY_GOODY_EXPLORE_LAIR_ITEM_METRONOME	Your unit discovers an ancient artifact, a Divine Metronome. It beats in harmony with the heart of the Halls of Honor, sending fear into the hearts of chaotic or demonic enemies keeping evil spirits at bay. 	
Magister_CIV4GameText_FFH2.xml	TXT_KEY_GOODY_EXPLORE_LAIR_ITEM_CROWN_OF_AKHARIEN	Your unit discovers an ancient artifact, the Crown of Akharien! This relic of the ancient Laeran Cord is haunted by the ghost of its last priest, who lingers in the world hoping to restore his faith to its former glory and bring back all of its lost knowledge. Units wearing the crown main gain a mastery of magic that lets Mages learn Affinity. Dropping it in a city will found or spread the new Laeran Cord religion. 	
Magister_CIV4GameText_FFH2.xml	TXT_KEY_GOODY_EXPLORE_LAIR_ITEM_HERON_THRONE	Your unit discovers an ancient artifact, the Heron Throne! During the Age of Magic, this throne of brilliant white marble was the seat of Soqed Hozi from which she ruled The Order and judged all the laws of Patia. Legend says that the throne was not crafted by the Patrians, but uncovered by explorers who did not realize its true purpose is imprisoning the spirit of Stephanos, one of the Unravelling whom The Compact forced Agares to lock away.	
Magister_CIV4GameText_FFH2.xml	TXT_KEY_GOODY_EXPLORE_LAIR_ITEM_SPEAR_OF_MAJOSI	Your unit discovers an ancient artifact, the Trident of Trenton Majosi. The beasts of the sea still respect the power of the old Aifon archmage, and may be bent to the will of whoever bears his relic. 	
Magister_CIV4GameText_FFH2.xml	TXT_KEY_GOODY_EXPLORE_LAIR_PRISONER_DISCIPLE_OVERLORDS	You find a prisoner trapped within the lair, a Dreamer who agrees to join you if you release him.	
Magister_CIV4GameText_FFH2.xml	TXT_KEY_GOODY_EXPLORE_LAIR_PRISONER_SHADE	You find a prisoner trapped within the lair, a Shade who agrees to join you if you release him. 	
Magister_CIV4GameText_FFH2.xml	TXT_KEY_GOODY_EXPLORE_LAIR_PRISONER_PRIEST_ORDER	You find a prisoner trapped within the lair, an Confessor who agrees to join you if you release him. 	
Magister_CIV4GameText_FFH2.xml	TXT_KEY_GOODY_EXPLORE_LAIR_PRISONER_CRUSADER_ORDER	You find a prisoner trapped within the lair, an Crusader who agrees to join you if you release him. 	
Magister_CIV4GameText_FFH2.xml	TXT_KEY_GOODY_EXPLORE_LAIR_PRISONER_PRIEST_EMPYREAN	You find a prisoner trapped within the lair, a Vicar who agrees to join you if you release him. 	
Magister_CIV4GameText_FFH2.xml	TXT_KEY_GOODY_EXPLORE_LAIR_PRISONER_RADIANT_GUARD_EMPYREAN	You find a prisoner trapped within the lair, a Radiant Guard who agrees to join you if you release him. 	
Magister_CIV4GameText_FFH2.xml	TXT_KEY_GOODY_EXPLORE_LAIR_PRISONER_PRIEST_RUNES	You find a prisoner trapped within the lair, a Priest of Kilmorph who agrees to join you if you release him. 	
Magister_CIV4GameText_FFH2.xml	TXT_KEY_GOODY_EXPLORE_LAIR_PRISONER_PARAMANDER_RUNES	You find a prisoner trapped within the lair, a Paramander who agrees to join you if you release him. 	
Magister_CIV4GameText_FFH2.xml	TXT_KEY_GOODY_EXPLORE_LAIR_PRISONER_DISCIPLE_GREY	You find a prisoner trapped within the lair, an Bailiff of the Grey Council who agrees to join you if you release him. 	
Magister_CIV4GameText_FFH2.xml	TXT_KEY_GOODY_EXPLORE_LAIR_PRISONER_PRIEST_GREY	You find a prisoner trapped within the lair, a Juror of the Grey Council who agrees to join you if you release him. 	
Magister_CIV4GameText_FFH2.xml	TXT_KEY_GOODY_EXPLORE_LAIR_PRISONER_PRIEST_LEAVES	You find a prisoner trapped within the lair, a Priest of the Leaves who agrees to join you if you release him. 	
Magister_CIV4GameText_FFH2.xml	TXT_KEY_GOODY_EXPLORE_LAIR_PRISONER_SATYR_LEAVES	You find a prisoner trapped within the lair, a Satyr who agrees to join you if you release him. 	
Magister_CIV4GameText_FFH2.xml	TXT_KEY_GOODY_EXPLORE_LAIR_PRISONER_PRIEST_OVERLORDS	You find a prisoner trapped within the lair, a Cultist who agrees to join you if you release him. 	
Magister_CIV4GameText_FFH2.xml	TXT_KEY_GOODY_EXPLORE_LAIR_PRISONER_STYGIAN_GUARD_OVERLORDS	You find a prisoner trapped within the lair, a Stygian Guard who agrees to join you if you release him. 	
Magister_CIV4GameText_FFH2.xml	TXT_KEY_GOODY_EXPLORE_LAIR_PRISONER_PRIEST_ASHEN	You find a prisoner trapped within the lair, a Ritualist who agrees to join you if you release him. 	
Magister_CIV4GameText_FFH2.xml	TXT_KEY_GOODY_EXPLORE_LAIR_PRISONER_DISEASED_CORPSE_ASHEN	You find a prisoner trapped within the lair, a Diseased Corpse who agrees to join you if you release him. 	
Magister_CIV4GameText_FFH2.xml	TXT_KEY_GOODY_EXPLORE_LAIR_PRISONER_DISCIPLE_HAND	You find a prisoner trapped within the lair, a Frostspeaker who agrees to join you if you release him. 	
Magister_CIV4GameText_FFH2.xml	TXT_KEY_GOODY_EXPLORE_LAIR_PRISONER_PRIEST_OF_WINTER	You find a prisoner trapped within the lair, a Priest of Winter who agrees to join you if you release him. 	
Magister_CIV4GameText_FFH2.xml	TXT_KEY_GOODY_EXPLORE_LAIR_PRISONER_HOLLOW_MAN	You find a prisoner trapped within the lair, a Hollow Man who agrees to join you if you release him. 	
Magister_CIV4GameText_FFH2.xml	TXT_KEY_GOODY_EXPLORE_LAIR_PRISONER_DRAGON_FANATIC	You find a prisoner trapped within the lair, a Dragon Fanatic who agrees to join you if you release him. 	
Magister_CIV4GameText_FFH2.xml	TXT_KEY_GOODY_EXPLORE_LAIR_PRISONER_LUONNOTAR	You find a prisoner trapped within the lair, a Luonnotar who agrees to join you if you release him. 	
Magister_CIV4GameText_FFH2.xml	TXT_KEY_GOODY_EXPLORE_LAIR_PRISONER_DISCIPLE_ARAWN	You find a prisoner trapped within the lair, a Sexton who agrees to join you if you release him. 	
Magister_CIV4GameText_FFH2.xml	TXT_KEY_GOODY_EXPLORE_LAIR_PRISONER_PRIEST_ARAWN	You find a prisoner trapped within the lair, an Undertaker who agrees to join you if you release him. 	
Magister_CIV4GameText_FFH2.xml	TXT_KEY_GOODY_EXPLORE_LAIR_PRISONER_DISCIPLE_COVEN	You find a prisoner trapped within the lair, a Lacune of Ceridwen who agrees to join you if you release him. 	
Magister_CIV4GameText_FFH2.xml	TXT_KEY_GOODY_EXPLORE_LAIR_PRISONER_MOBIUS_WITCH	You find a prisoner trapped within the lair, a Mobius Witch who agrees to join you if you release him. 	
Magister_CIV4GameText_FFH2.xml	TXT_KEY_GOODY_EXPLORE_LAIR_PRISONER_DISCIPLE_EMBER_LEGION	You find a prisoner trapped within the lair, a Zealot who agrees to join you if you release him. 	
Magister_CIV4GameText_FFH2.xml	TXT_KEY_GOODY_EXPLORE_LAIR_PRISONER_PRIEST_EMBER_LEGION	You find a prisoner trapped within the lair, a Firebrand who agrees to join you if you release him. 	
Magister_CIV4GameText_FFH2.xml	TXT_KEY_GOODY_EXPLORE_LAIR_PRISONER_SALAMANDER	You find a prisoner trapped within the lair, a Salamander who agrees to join you if you release him. 	
Magister_CIV4GameText_FFH2.xml	TXT_KEY_GOODY_EXPLORE_LAIR_PRISONER_DISCIPLE_ANOINTED	You find a prisoner trapped within the lair, a Corporal of Aeron who agrees to join you if you release him. 	
Magister_CIV4GameText_FFH2.xml	TXT_KEY_GOODY_EXPLORE_LAIR_PRISONER_PRIEST_ANOINTED	You find a prisoner trapped within the lair, a Sanguinary who agrees to join you if you release him. 	
Magister_CIV4GameText_FFH2.xml	TXT_KEY_GOODY_EXPLORE_LAIR_PRISONER_DISCIPLE_DISCORD	You find a prisoner trapped within the lair, an Eristic who agrees to join your struggle if you release him. 	
Magister_CIV4GameText_FFH2.xml	TXT_KEY_GOODY_EXPLORE_LAIR_PRISONER_PRIEST_DISCORD	You find a prisoner trapped within the lair, an Agonist who agrees to join your struggle if you release him. 	
Magister_CIV4GameText_FFH2.xml	TXT_KEY_GOODY_EXPLORE_LAIR_PRISONER_NIGHTWATCH	You find a prisoner trapped within the lair, a Nightwatch who agrees to join you if you release him. 	
Magister_CIV4GameText_FFH2.xml	TXT_KEY_GOODY_EXPLORE_LAIR_PRISONER_PRIEST_ESUS	You find a prisoner trapped within the lair, an Thief who agrees to join you if you release him. 	
Magister_CIV4GameText_FFH2.xml	TXT_KEY_GOODY_EXPLORE_LAIR_PRISONER_APOSTATE	You find a prisoner trapped within the lair, an Apostate who agrees to join you if you release him. 	
Magister_CIV4GameText_FFH2.xml	TXT_KEY_GOODY_EXPLORE_LAIR_PRISONER_WITCH_HUNTER	You find a prisoner trapped within the lair, a Witch Hunter who agrees to join you if you release him. 	
Magister_CIV4GameText_FFH2.xml	TXT_KEY_GOODY_EXPLORE_LAIR_SUPPLIES	The site is abandoned, but contains supplies you could use in your cities. 	
Magister_CIV4GameText_FFH2.xml	TXT_KEY_GOODY_EXPLORE_LAIR_ITEM_DEASIL_CHARM	Your unit discovers an ancient artifact, a Deasil Charm	
Magister_CIV4GameText_FFH2.xml	TXT_KEY_GOODY_GRAVE_TOMB_WARDEN	Tomb Wardens guard this area!	
Magister_CIV4GameText_FFH2.xml	TXT_KEY_GOODY_EXPLORE_LAIR_ITEM_MIRROR_OF_WISHES	Your unit discovers an ancient artifact, The Mirror of Wishes. Shortly before the break between the Seelie and Unseelie Courts, Faeryl Viconia acquired the mirror from what she thought was a Luchuirp enchanter but was actually Esus in disguise. The Mirror always shows her an image of Arendel Phaedra, but shows her more beautiful, more perfect and more heroic than she actually is. To others it shows the greatest object of their own envy. Whoever holds the mirror has Shadow Affinity until she sets it down. 	
Magister_CIV4GameText_FFH2.xml	TXT_KEY_GOODY_EXPLORE_LAIR_ITEM_UMBRA_CLOAK	Your unit discovers an ancient artifact, The Umbra Cloak. It grants the wearer Shadow Affinity, so long as no one knows they have it, but the affinity is lost when the Cloak passes to a new owner. 	
Magister_CIV4GameText_FFH2.xml	TXT_KEY_GOODY_EXPLORE_LAIR_ITEM_STARLIGHT_AMULET	Your unit discovers an ancient artifact, The Starlight Amulet. This allows the wearer to transform into light, becoming incorporeal long enough to escape nearly any trap. 	
Magister_CIV4GameText_FFH2.xml	TXT_KEY_GOODY_GRAVE_SUCCUBUS	Succubi guard this area!	
Magister_CIV4GameText_FFH2.xml	TXT_KEY_GOODY_EXPLORE_LAIR_PRISONER_DISCIPLE_STEWARD	You find a prisoner trapped within the lair, a Gambler who agrees to join you if you release him. 	
Magister_CIV4GameText_FFH2.xml	TXT_KEY_GOODY_EXPLORE_LAIR_PRISONER_PRIEST_STEWARD	You find a prisoner trapped within the lair, a Rentier who agrees to join you if you release him. 	
Magister_CIV4GameText_FFH2.xml	TXT_KEY_GOODY_EXPLORE_LAIR_PRISONER_CONDOTTIERO	You find a prisoner trapped within the lair, a Condottiero who agrees to waive the usual signing bonus of his mercenary fighting contract in exchange for releasing him	
Magister_CIV4GameText_FFH2.xml	TXT_KEY_GOODY_EXPLORE_LAIR_PRISONER_PRIEST_FOXMEN	You find a prisoner trapped within the lair, a Drifter who agrees to join you if you release him. 	
Magister_CIV4GameText_FFH2.xml	TXT_KEY_GOODY_EXPLORE_LAIR_PRISONER_DISCIPLE_FOXMEN	You find a prisoner trapped within the lair, a Vagrant who agrees to join you if you release him. 	
Magister_CIV4GameText_FFH2.xml	TXT_KEY_GOODY_EXPLORE_LAIR_PRISONER_CHAINBREAKER	You find a prisoner trapped within the lair, a Chainbreaker who agrees to join you if you release him. 	
Magister_CIV4GameText_FFH2.xml	TXT_KEY_GOODY_EXPLORE_LAIR_PRISONER_DISCIPLE_LAERAN	You find a prisoner trapped within the lair, a Scribe who agrees to join you if you release him. 	
Magister_CIV4GameText_FFH2.xml	TXT_KEY_GOODY_EXPLORE_LAIR_PRISONER_PRIEST_LAERAN	You find a prisoner trapped within the lair, a Sapere who agrees to join you if you release him. 	
Magister_CIV4GameText_FFH2.xml	TXT_KEY_GOODY_EXPLORE_LAIR_PRISONER_HOSPITALLER	You find a prisoner trapped within the lair, an Unblemished Hospitaller who agrees to join you if you release him. 	
Magister_CIV4GameText_FFH2.xml	TXT_KEY_GOODY_EXPLORE_LAIR_PRISONER_DISCIPLE_RINGGIVER	You find a prisoner trapped within the lair, a Tinker who agrees to join you if you release him. 	
Magister_CIV4GameText_FFH2.xml	TXT_KEY_GOODY_EXPLORE_LAIR_PRISONER_PRIEST_RINGGIVER	You find a prisoner trapped within the lair, an Artificer who agrees to join you if you release him. 	
Magister_CIV4GameText_FFH2.xml	TXT_KEY_GOODY_EXPLORE_LAIR_PRISONER_DISCIPLE_UNBLEMISHED	You find a prisoner trapped within the lair, a Healer who agrees to join you if you release him. 	
Magister_CIV4GameText_FFH2.xml	TXT_KEY_GOODY_EXPLORE_LAIR_PRISONER_DRUID	You find a prisoner trapped within the lair, a Druid who agrees to join you if you release him. 	
Magister_CIV4GameText_FFH2.xml	TXT_KEY_GOODY_EXPLORE_LAIR_PRISONER_DISCIPLE_PLENTY	You find a prisoner trapped within the lair, a Patron who agrees to join you if you release him. 	
Magister_CIV4GameText_FFH2.xml	TXT_KEY_GOODY_EXPLORE_LAIR_PRISONER_PRIEST_PLENTY	You find a prisoner trapped within the lair, a Curator who agrees to join you if you release him. 	
Magister_CIV4GameText_FFH2.xml	TXT_KEY_GOODY_EXPLORE_LAIR_PRISONER_DISCIPLE_SIRONA	You find a prisoner trapped within the lair, a Devout who agrees to join you if you release him. 	
Magister_CIV4GameText_FFH2.xml	TXT_KEY_GOODY_EXPLORE_LAIR_PRISONER_PRIEST_SIRONA	You find a prisoner trapped within the lair, a Priest of Sirona who agrees to join you if you release him. 	
Magister_CIV4GameText_FFH2.xml	TXT_KEY_GOODY_EXPLORE_LAIR_ITEM_UROR_BAND	Your unit discovers an ancient artifact, The Uror Band! Os-Gabella made to imprison the Norns after failed to kill her. The wearer can command the power of all Seven Aspects of Arawn, but Beware! No mortal may touch it and live. 	
Magister_CIV4GameText_FFH2.xml	TXT_KEY_GOODY_EXPLORE_LAIR_ITEM_TANELYN	Your unit discovers an artifact, the Fey Crown! Tan'elyn was worn by the Queens Arendel Phaedra and Queen Faeryl Viconia in turn as as symbol of their complete authority of the Summer or Winter Courts over the whole elven nation. Many Elves respect this crown more than either queen who wore it, and may betray their own faction to follow whoever wears it. 	
Magister_CIV4GameText_FFH2.xml	TXT_KEY_GOODY_EXPLORE_LAIR_ITEM_BONE_CIRCLET	We have found the Bone Circlet from the Black Sea beyond razor-glass plains of Naraka! This could be bad. The Wraiths set as guards for the Circlet will try to retrieve it, lest it find its way to Apophis the Endless Hunger and change him from a relatively harmless goat to a world-devouring serpent. 	
Magister_CIV4GameText_FFH2.xml	TXT_KEY_GREYCOUNCIL_LEADER	Primus Inter Pares	
Magister_CIV4GameText_FFH2.xml	TXT_KEY_HELP_SUMMON_GUARDIAN_VINES	[ICON_BULLET]This summon is purely defensive. They are powerful, but immobile. [NEWLINE][ICON_BULLET]They defend first against most enemies, and may immobilize hostiles through their [LINK=SPELL_ENTANGE]Entangle[\\LINK] ability. [NEWLINE][ICON_BULLET]When defeated, they may split in two. [NEWLINE][ICON_BULLET]When they defeat other units, their duration is extended[NEWLINE][ICON_BULLET]Guardian Vines can draw enough power from their summoner to extend their duration indefinitely, so long as the summoner stays relatively close by and their mana supply if not divided up between too many Guardian Vines at the same time. [NEWLINE][ICON_BULLET]Summoners with[LINK=PROMOTION_AFFINITY_NATURE]Nature Affinity[\\LINK] + [LINK=PROMOTION_CHANNELING3]Channeling III[\\LINK], unlike those with only [LINK=PROMOTION_NATURE]Nature III[\\LINK], are not limited in the summoner of Guardian Vines they may summon at a time, although they need more Nature mana to sustain a larger number of vines. 	
Magister_CIV4GameText_FFH2.xml	TXT_KEY_HELP_SUMMON_RIFT	[ICON_BULLET]A Warp Bubble acts like an ICBM from vanilla Civ IV, but with the added bonus of being able to carry a cargo of up to 7 units to nearly any tile on the map and teleport back to your capital to retrieve them	
Magister_CIV4GameText_FFH2.xml	TXT_KEY_HELP_RESSURECT_THIS	[COLOR_HIGHLIGHT_TEXT]Resurrect %s1[COLOR_REVERT]	
Magister_CIV4GameText_FFH2.xml	TXT_KEY_HELP_REMOVE_PROMOTION	[ICON_BULLET]Removes [COLOR_HIGHLIGHT_TEXT]%s1[COLOR_REVERT] from all units	
Magister_CIV4GameText_FFH2.xml	TXT_KEY_HELP_SPELL_INELIGIBLE	[NEWLINE][ICON_BULLET]Not eligible to cast this spell	
Magister_CIV4GameText_FFH2.xml	TXT_KEY_HELP_SPELL_STEAL_EQUIPMENT	[NEWLINE][ICON_BULLET]May steal the following equipment: %s1	
Magister_CIV4GameText_FFH2.xml	TXT_KEY_HELP_SPELL_TAKE_EQUIPMENT	[NEWLINE][ICON_BULLET]Takes %s1 from %s2	
Magister_CIV4GameText_FFH2.xml	TXT_KEY_HELP_SPELL_DESTROY_ANGELORUM_CAVEA	[NEWLINE][ICON_BULLET]Lets these %d1 demons escape: %s2	
Magister_CIV4GameText_FFH2.xml	TXT_KEY_HELP_SPELL_DESTROY_NETHER_BLADE	[NEWLINE][ICON_BULLET]Lets these %d1 units be resurrected: %s2	
Magister_CIV4GameText_FFH2.xml	TXT_KEY_HELP_SPELL_KIDNAP	[NEWLINE][ICON_BULLET]Kidnaps one of these: %s1	
Magister_CIV4GameText_FFH2.xml	TXT_KEY_HELP_SPELL_RECRUIT	[NEWLINE][ICON_BULLET]Recruits %d1 of these: %s2	
Magister_CIV4GameText_FFH2.xml	TXT_KEY_HELP_SPELL_SACRIFICE_FOR_RESEARCH	[NEWLINE][ICON_BULLET]Provides %d1 research towards %s2	
Magister_CIV4GameText_FFH2.xml	TXT_KEY_HELP_SPELL_IMPROVE_RELATIONS	[NEWLINE][ICON_BULLET]Improves relations with %s1 by %d2	
Magister_CIV4GameText_FFH2.xml	TXT_KEY_HELP_SPELL_GRANT_PROMOTIONS_TO_SPECIFIC_UNIT	[NEWLINE][ICON_BULLET]Grants %s1 these promotions: %s2	
Magister_CIV4GameText_FFH2.xml	TXT_KEY_HELP_SPELL_MAY_GRANT_PROMOTIONS_TO_SPECIFIC_UNIT	[NEWLINE][ICON_BULLET]May grant %s1 these promotions: %s2	
Magister_CIV4GameText_FFH2.xml	TXT_KEY_HELP_SPELL_ADD_TO_FLESH_GOLEM_COMBAT	[NEWLINE][ICON_BULLET]Increases the Flesh Golem's strength	
Magister_CIV4GameText_FFH2.xml	TXT_KEY_HELP_SPELL_ADD_TO_FLESH_GOLEM_COMBAT_DEFENSE	[NEWLINE][ICON_BULLET]Increases the Flesh Golem's defensive strength	
Magister_CIV4GameText_FFH2.xml	TXT_KEY_HELP_SPELL_ARCANE_LACUNA	[NEWLINE][ICON_BULLET]Grants %d1 experience to all your Arcane units[NEWLINE][ICON_BULLET]Blocks your enemies from spellcasting for %d2 turns	
Magister_CIV4GameText_FFH2.xml	TXT_KEY_HELP_SPELL_RIVER_OF_BLOOD	[NEWLINE][ICON_BULLET]Grants %d1 experience to all your living Vampiric units	
Magister_CIV4GameText_FFH2.xml	TXT_KEY_HELP_SPELL_SANCTUARY	[NEWLINE][ICON_BULLET]Keeps them out for %d1 turns	
Magister_CIV4GameText_FFH2.xml	TXT_KEY_HELP_SPELL_STASIS	[NEWLINE][ICON_BULLET]Prevents rivals from researching or producing anything for %d1 turns	
Magister_CIV4GameText_FFH2.xml	TXT_KEY_HELP_SPELL_SUMMON_FROM_LIST	[NEWLINE][ICON_BULLET]Summons one of these units: %s1	
Magister_CIV4GameText_FFH2.xml	TXT_KEY_HELP_SPELL_CALL_BLIZZARD	[NEWLINE][ICON_BULLET]Moves blizzard here from the %s1	
Magister_CIV4GameText_FFH2.xml	TXT_KEY_HELP_SPELL_PASSIVE_ODDS	[NEWLINE][ICON_BULLET]%d1% chance of running this turn	
Magister_CIV4GameText_FFH2.xml	TXT_KEY_HELP_SPELL_TEACH	[NEWLINE][ICON_BULLET]May teach %s1 %s2	
Magister_CIV4GameText_FFH2.xml	TXT_KEY_HELP_SPELL_CHALLENGE_ACCEPT	[NEWLINE][ICON_BULLET]Accept the challenge to duel %s1's[NEWLINE][ICON_BULLET]The odds are %d2% in your favor	
Magister_CIV4GameText_FFH2.xml	TXT_KEY_HELP_SPELL_REMOVES_PROMOTIONS	[NEWLINE][ICON_BULLET]Removes these %d1 promotions: %s2	
Magister_CIV4GameText_FFH2.xml	TXT_KEY_HELP_SPELL_CHANGE_XP	[NEWLINE][ICON_BULLET]Changes %s1's XP by %d2	
Magister_CIV4GameText_FFH2.xml	TXT_KEY_HELP_SPELL_CHANGE_XP_CHANCE	[NEWLINE][ICON_BULLET]Changes %s1's XP by up to %d2	
Magister_CIV4GameText_FFH2.xml	TXT_KEY_HELP_SPELL_NEW_POP	[NEWLINE][ICON_BULLET]Changes %s1's population to %d2	
Magister_CIV4GameText_FFH2.xml	TXT_KEY_HELP_SPELL_CHANGE_ALIGNMENT	[NEWLINE][ICON_BULLET]Changes the owner's alignment to 	
Magister_CIV4GameText_FFH2.xml	TXT_KEY_HELP_SPELL_CHANGE_RELIGION_UNIT	[NEWLINE][ICON_BULLET]Changes the unit's religion to %s1 	
Magister_CIV4GameText_FFH2.xml	TXT_KEY_HELP_SPELL_CHANGE_STATE_RELIGION	[NEWLINE][ICON_BULLET]Changes your State Religion to %s1 	
Magister_CIV4GameText_FFH2.xml	TXT_KEY_HELP_SPELL_TRIGGER_REVOLT	[NEWLINE][ICON_BULLET]May cause the city of %s1 to revolt for up to %d2 turns	
Magister_CIV4GameText_FFH2.xml	TXT_KEY_HELP_SPELL_DIPLOMATIC_PENALTY_WITH_PLAYERS	[NEWLINE][ICON_BULLET]Causes a diplomatic penalty with %s1	
Magister_CIV4GameText_FFH2.xml	TXT_KEY_HELP_SPELL_POSSIBLE_DIPLOMATIC_PENALTY_WITH_PLAYERS	[NEWLINE][ICON_BULLET]May causes a diplomatic penalty with %s1	
Magister_CIV4GameText_FFH2.xml	TXT_KEY_HELP_SPELL_DIPLOMATIC_BONUS_WITH_PLAYERS	[NEWLINE][ICON_BULLET]Grants a diplomatic bonus with %s1	
Magister_CIV4GameText_FFH2.xml	TXT_KEY_HELP_SPELL_POSSIBLE_DIPLOMATIC_BONUS_WITH_PLAYERS	[NEWLINE][ICON_BULLET]May grant a diplomatic bonus with %s1	
Magister_CIV4GameText_FFH2.xml	TXT_KEY_HELP_SPELL_MAY_REMOVE_STUFF	[NEWLINE][ICON_BULLET]May remove %s1	
Magister_CIV4GameText_FFH2.xml	TXT_KEY_HELP_SPELL_CHANGE_PRODUCTION	[NEWLINE][ICON_BULLET]Adds %d1 [ICON_PRODUCTION] to the city	
Magister_CIV4GameText_FFH2.xml	TXT_KEY_HELP_SPELL_CHANGE_CULTURE	[NEWLINE][ICON_BULLET]Adds %d1 [ICON_CULTURE] to the city	
Magister_CIV4GameText_FFH2.xml	TXT_KEY_HELP_SPELL_CHANGE_CIVIC	[NEWLINE][ICON_BULLET]Forces the adoption of the %s1 %s2 civic	
Magister_CIV4GameText_FFH2.xml	TXT_KEY_HELP_SPELL_END_ANARCHY	[NEWLINE][ICON_BULLET]Ends your period of Anarchy	
Magister_CIV4GameText_FFH2.xml	TXT_KEY_HELP_SPELL_CHANGES_PLOTS_TO_FROM	[NEWLINE][ICON_BULLET]Changes %d1 plots from %s2s to %s3s	
Magister_CIV4GameText_FFH2.xml	TXT_KEY_HELP_SPELL_COUNT_EFFECTED_PLOTS	[NEWLINE][ICON_BULLET]Effects %d1 plots	
Magister_CIV4GameText_FFH2.xml	TXT_KEY_HELP_SPELL_GOLD_RANGE	[NEWLINE][ICON_BULLET]Grants between %d1 and %d2 gold	
Magister_CIV4GameText_FFH2.xml	TXT_KEY_HELP_SPELL_GOLD_COST_RANGE	[NEWLINE][ICON_BULLET]Costs between %d1 and %d2 gold	
Magister_CIV4GameText_FFH2.xml	TXT_KEY_HELP_SPELL_GOLD_COST_UP_TO	[NEWLINE][ICON_BULLET]Costs up to %d1 gold	
Magister_CIV4GameText_FFH2.xml	TXT_KEY_HELP_SPELL_STEAL_GOLD	[NEWLINE][ICON_BULLET]Steals %d1 gold from %s2	
Magister_CIV4GameText_FFH2.xml	TXT_KEY_HELP_SPELL_STEAL_MAX_GOLD	[NEWLINE][ICON_BULLET]Steals up to %d1 gold from %s2	
Magister_CIV4GameText_FFH2.xml	TXT_KEY_HELP_SPELL_PAY_GOLD	[NEWLINE][ICON_BULLET]Pays %d1 gold to %s2	
Magister_CIV4GameText_FFH2.xml	TXT_KEY_HELP_SPELL_CONVERT	[NEWLINE][ICON_BULLET]May convert units to your cause	
Magister_CIV4GameText_FFH2.xml	TXT_KEY_HELP_SPELL_SCATTER	[NEWLINE][ICON_BULLET]May scatter units in fear	
Magister_CIV4GameText_FFH2.xml	TXT_KEY_HELP_SPELL_CHANGE_A_TO_B	[NEWLINE][ICON_BULLET]Changes %s1 to %s2	
Magister_CIV4GameText_FFH2.xml	TXT_KEY_HELP_SPELL_MAY_CHANGE_A_TO_B	[NEWLINE][ICON_BULLET]May change %s1 to %s2	
Magister_CIV4GameText_FFH2.xml	TXT_KEY_HELP_MAY_CAUSE_WAR	[NEWLINE][ICON_BULLET]May cause a war with %s1	
Magister_CIV4GameText_FFH2.xml	TXT_KEY_HELP_SPELL_REMOVES_STUFF	[NEWLINE][ICON_BULLET]Removes %s1	
Magister_CIV4GameText_FFH2.xml	TXT_KEY_HELP_TEACH_MAX	[NEWLINE][ICON_BULLET]May teach up to %d1 units this turn	
Magister_CIV4GameText_FFH2.xml	TXT_KEY_HELP_CAVE_TRIALS_CASWALLAWN_INELIGIBLE	[NEWLINE][ICON_BULLET]The Caswallawn cannot lower himself to undergo the trials again	
Magister_CIV4GameText_FFH2.xml	TXT_KEY_HELP_CAVE_TRIALS_INELIGIBLE	[NEWLINE][ICON_BULLET]There is nothing left for the %s1 to learn from the trials	
Magister_CIV4GameText_FFH2.xml	TXT_KEY_HELP_CAVE_TRIALS_CHALLENGE_CASWALLAWN	[NEWLINE][ICON_BULLET]Your %s1 must duel %s2 for the rank of Caswallawn	
Magister_CIV4GameText_FFH2.xml	TXT_KEY_HELP_SPELL_SMOKE	[NEWLINE][ICON_BULLET]May kindle a fire %s1	
Magister_CIV4GameText_FFH2.xml	TXT_KEY_HELP_MOVE_UNIT	[NEWLINE][ICON_BULLET]Moves %s1 %d2 plots %s3	
Magister_CIV4GameText_FFH2.xml	TXT_KEY_HELP_SPELL_IMPERSONATE	[NEWLINE][ICON_BULLET]Take control of %s1 for between %d2 and %d3 turns	
Magister_CIV4GameText_FFH2.xml	TXT_KEY_HELP_SPELL_PIRATE_COVE	[NEWLINE][ICON_BULLET]This naval super-fort will expand your territorial waters	
Magister_CIV4GameText_FFH2.xml	TXT_KEY_HELP_SPELL_WONDER_SPELL	[NEWLINE][ICON_BULLET]May cast %s1 of these spells: %s2	
Magister_CIV4GameText_FFH2.xml	TXT_KEY_HELP_SPELL_MERCURIAN_REINFORCEMENTS	[NEWLINE][ICON_BULLET]Summons these Mercurian units into Erebus: %s1	
Magister_CIV4GameText_FFH2.xml	TXT_KEY_HELP_SPELL_ILLUSION	[NEWLINE][ICON_BULLET]Creates up to %d1 Illusions of these types: %s2	
Magister_CIV4GameText_FFH2.xml	TXT_KEY_HELP_SPELL_TARGETS_THIS	[NEWLINE][ICON_BULLET]Targets %s1	
Magister_CIV4GameText_FFH2.xml	TXT_KEY_HELP_SPELL_TARGETS_THESE_COUNT_LIST	[NEWLINE][ICON_BULLET]Targets these %d1 units: %s2	
Magister_CIV4GameText_FFH2.xml	TXT_KEY_HELP_SPELL_ADDS	[COLOR_GREEN][NEWLINE][ICON_BULLET]Adds: [COLOR_REVERT]	
Magister_CIV4GameText_FFH2.xml	TXT_KEY_HELP_SPELL_MAY_ADD	[COLOR_GREEN][NEWLINE][ICON_BULLET]May Add: [COLOR_REVERT]	
Magister_CIV4GameText_FFH2.xml	TXT_KEY_HELP_SPELL_REMOVES	[COLOR_RED][NEWLINE][ICON_BULLET]Removes: [COLOR_REVERT]	
Magister_CIV4GameText_FFH2.xml	TXT_KEY_HELP_SPELL_MAY_REMOVE	[COLOR_RED][NEWLINE][ICON_BULLET]May Remove [COLOR_REVERT]	
Magister_CIV4GameText_FFH2.xml	TXT_KEY_HELP_SPELL_HEALS_UP_TO	[NEWLINE][ICON_BULLET]Heals up to %d1 % damage 	
Magister_CIV4GameText_FFH2.xml	TXT_KEY_HELP_DISRUPT_CULTURE	[NEWLINE][ICON_BULLET]Reduces the %s1's [ICON_CULTURE] by up to %d2	
Magister_CIV4GameText_FFH2.xml	TXT_KEY_HELP_DISRUPT_ANGER	[NEWLINE][ICON_BULLET]Increases %s1's [ICON_UNHAPPY] by up to %d2	
Magister_CIV4GameText_FFH2.xml	TXT_KEY_HELP_DISRUPT_OCCUPY	[NEWLINE][ICON_BULLET]Causes %s1 up to %d2 turns [ICON_OCCUPATION]	
Magister_CIV4GameText_FFH2.xml	TXT_KEY_HELP_DISRUPT_REVOLT	[NEWLINE][ICON_BULLET]May cause %s1 to revolt and join your empire	
Magister_CIV4GameText_FFH2.xml	TXT_KEY_HELP_DISRUPT_REVOLT_BARBARIAN	[NEWLINE][ICON_BULLET]May cause %s1 to revolt and join the Barbarian State	
Magister_CIV4GameText_FFH2.xml	TXT_KEY_HELP_IN_CITY	[NEWLINE]In this Cities: %s1	
Magister_CIV4GameText_FFH2.xml	TXT_KEY_HELP_IN_CITY_LIST	[NEWLINE]In these %d1 Cities: %s2	
Magister_CIV4GameText_FFH2.xml	TXT_KEY_HELP_NOT_ADJACENT_CITY	[ICON_BULLET]May only be cast in or adjacent to a city	
Magister_CIV4GameText_FFH2.xml	TXT_KEY_HELP_RECRUIT_NONE	[ICON_BULLET]There are no willing recruits here	
Magister_CIV4GameText_FFH2.xml	TXT_KEY_HELP_TEACH_MAGIC_ODDS	[NEWLINE][ICON_BULLET]%d1% chance of %s2 teaching magic this turn	
Magister_CIV4GameText_FFH2.xml	TXT_KEY_HELP_RAISE_UNDEAD_THIS	[COLOR_HIGHLIGHT_TEXT]Raise %s1 as Undead[COLOR_REVERT]	
Magister_CIV4GameText_FFH2.xml	TXT_KEY_HELP_TARGET_PLOT	[NEWLINE][ICON_BULLET]Targets the plot to the %s1	
Magister_CIV4GameText_FFH2.xml	TXT_KEY_HELP_SPELL_LOAD_CARGO	[NEWLINE][ICON_BULLET]Loads %s1 as cargo of %s2	
Magister_CIV4GameText_FFH2.xml	TXT_KEY_HINT_19	When trying to capture a mature city, bring plenty of siege weapons. You will want to bombard the defenses and to soften up the defenders. If you don't have siege available, fireball-casting mages make a good substitute. Treants and especially Earth Elementals work well too. 	
Magister_CIV4GameText_FFH2.xml	TXT_KEY_HINT_2	Be aware of the strengths and weaknesses of units. For example, Crossbowmen and Longbowmen get a bonus when defending cities, while assassins and marksmen can choose to attack the weakest combat unit in a stack. Phalanxes excel at conquering cites, while Berserkers cause collateral damage. 	
Magister_CIV4GameText_FFH2.xml	TXT_KEY_HINT_22	Consider keeping one unit with the Medic promotion in every large stack-the bonus isn't cumulative, but it can make the difference in keeping an advance going. Disciple class units are the only ones who begin with this promotion, apart from The Grigori Civilization's Grigori medic unique unit. Recon, Arcane, and Disciple units can purchase Medic 1 once you know the Medicine technology. 	
Magister_CIV4GameText_FFH2.xml	TXT_KEY_HINT_24	Watch for announcements about religions being founded and wonders being completed-this can give you a hint as to how advanced your foes are. Should you build the Eyes and Ears network wonder you will be able to see what your rivals research, so long as you are in the Undercouncil. 	
Magister_CIV4GameText_FFH2.xml	TXT_KEY_HINT_30	Some religions do not get along very well. The Order has trouble coexisting in the same city with The Undertow or The Ashen Veil. The Empyrean has trouble coexisting in the same city with the Council of Esus or The Ashen Veil. The Children of the One have trouble coexisting with any other religion. 	
Magister_CIV4GameText_FFH2.xml	TXT_KEY_HINT_34	Unlike in normal Fall from Heaven 2, there are no technologies that have state religion prerequisites in Magister Modmod for FfH2	
Magister_CIV4GameText_FFH2.xml	TXT_KEY_HINT_43	Paladins are special units only available to Good nations and only nations with an Evil alignment can train Eidola. (Unlike in normal Fall from Heaven 2, Druids are not restricted to the Neutral Alignment as they are priests of the Unblemished. ) Alignment is displayed by score and modified by religion. 	
Magister_CIV4GameText_FFH2.xml	TXT_KEY_HINT_47	Mary Morbus, Yersinia, and Sects of the Flies can spread the plague. Sect of the Flies an Infernal unique unit than replaces Champions. Yersinia is a Barbarian hero. Mary Morbus may be given to a player who has built an Alchemy Lab. Units with Death Affinity and either Body Affinity or the Undead race may learn Plague Carrier in order to spread this illness too. 	
Magister_CIV4GameText_FFH2.xml	TXT_KEY_HINT_48	Immortals are reborn in the owner's capital after dying, with all their experience and promotions, but only once per turn. To kill Immortals forever you must kill them twice in a single turn, unless you use the Nether Blade, the Angelorum Cavea, an Angel of Death, or the Soul Shroud. 	
Magister_CIV4GameText_FFH2.xml	TXT_KEY_HINT_50	Units killed by werewolves might become werewolves too. Ravenous Werewolves are hard to control, but become more manageable as well as stronger once they have killed living units. A werewolf keeps the promotions it had before being infected with Lycanthropy, but is not able to cast spells. Assuage, the top level Spirit spell, is the only known cure for Lycanthropy. 	
Magister_CIV4GameText_FFH2.xml	TXT_KEY_HINT_55	The Hero promotion gives the unit 1 XP per turn until it reaches 500 XP. It also gives access to the Heroic Strength and Heroic Defense promotions, and makes the unit immune to becoming rebellious. 	
Magister_CIV4GameText_FFH2.xml	TXT_KEY_HINT_59	Some units can be trained only if you have the required state religion. You can't train Crusaders without the Order religion, and you can't train Satyrs without the Fellowship of the Leaves religion. Radiant Guards usually require The Empyrean and Nightwatches usually require the Council of Esus, but the Overcouncil and the Undercouncil can vote to waive these requirements for their members. 	
Magister_CIV4GameText_FFH2.xml	TXT_KEY_HINT_62	Civilizations with the Organized trait can build Command Posts even without Great Commanders. Other nations must use Great Commanders to construct them. Similarly, the Philosophical trait allows a player to build Academies without sacrificing Great Sages. 	
Magister_CIV4GameText_FFH2.xml	TXT_KEY_HINT_64	Heroes and Apocalypse units are World Units. Each World Unit can be created only once. If such a unit dies, it can not be recreated. It can however be resurrected using the Life 3 spell, which will bring the unit back with its promotions etc intact. 	
Magister_CIV4GameText_FFH2.xml	TXT_KEY_HINT_67	Mages' Fireballs cause collateral damage and can bombard city defenses. The duration of Fireballs will not be affected by the Summoner trait. 	
Magister_CIV4GameText_FFH2.xml	TXT_KEY_HINT_74	Blight will strike all players (except the Infernals) as the Armageddon Counter rises. It gives a large health penalty to every city and damages every unit. You can prepare for the penalty by building health-granting buildings, and not letting your cities grow too large until after it hits. Note that while Blight only hits once, the Pestilence event (which has a similar but smaller health penalty) can occur multiple times. 	
Magister_CIV4GameText_FFH2.xml	TXT_KEY_HINT_8	Never despair in the face of a large stack of units. A Mage's Fireball may not be strong, but it can do a lot of damage to an enemy stack. Other spells can deal damage directly to stacks of any size. A few spells, like Destroy Undead (Greater) or Snowfall (Greater), can even kill whole stacks of the right kinds of units. If you have no mages, use ranged units. 	
