file	key	english	chinese
Magister_CIV4GameText_FFH2.xml	TXT_KEY_RELIGION_CHILDREN_OF_THE_ONE_PEDIA	[TAB]Thus spoke the Martyr Mishahel, as the Luonnotar stood chained in the city plaza awaiting Junil's justice: [PARAGRAPH:1]"You ask us to repent? We ask you the same. We are all Children of The One, you, and I, and all your so-called gods alike, no matter who denies it. His angels may have made this world, but only by His leave. This warrants them no worship. We will adore only The One. The Twenty-One have all sinned and fallen short of the glory of The One, by far more than the vilest mortal falls short of your Junil's majesty. Our Elder Brothers, the angels, swore to guide us to enlightenment, to make us all their equals. Instead, like petulant children, they have turned their charges into pawns for petty squabbles among themselves. Now it falls to us to enlighten them. Fighting evil with evil can never be called justice. Junil is no better than Agares, only a greater hypocrite. Every "god" willing joined Agares' rebellion. They are all oath-breakers. The All-Father offered his children true freedom, but from fear and lust for power they have chosen bondage. Agares stole the Gems of Creation and forged their links to the infinite planes, but each "god" gladly enslaved his own soul to his to a separate precept. Our own sire, Nemed, came near to redemption when he surrendered his divinity, but in his folly defied The One and damned us all to "immortality. " Only The One should last forever. I endure only by his will. This world soon shall pass away. We will all be judged. Perhaps some shall escape Creation and enter into the True Heaven. Repent now while there is still a chance, lest you instead be punished along with your idols. "[PARAGRAPH:2]With this their trial was over. The Priors had heard enough. Such egregious blasphemy demanded special punishment. Hanging or decapitation would not suffice. These fools must be made an example to the public in the most dramatic way: a Pillar of Fire called down from the heavens. The Pontiff's prayers had been answered with the miracle on multiple occasions during the late war against The Ashen Veil, and he knew Junil would be eager to purge this greater scourge. [PARAGRAPH:2]Junil indeed hated the gospel of the Luonnotar, because he feared it might be true. How could any mortal know such things? The terms of The Compact forbid any angel from sharing such secrets with the living. One worry filled his soul with terror: could The One have returned, and revealed himself only to these mortals? Impossible. . . or was it? Junil was now forced to doubt his own righteousness. Was not Agares first great sin the creation of a world and people required to worship him, and kept in ignorance of the truth? This line of thought would have gone on, until he recalled an obscure clause that Dagda's Archangel had inserted into The Compact which precisely dictated his proper course action. He suppressed his existential angst by following the letter of the law as usual. [PARAGRAPH:2]The people watched in awe as they saw the flames descending from the sky, with greater force than had ever descended before. The Prior was certain of his victory, while the Luonnotar stoically accepted their unjust fate. No one predicted what came next. The pillar descended and engulfed them, but not a hair on their heads or a fiber of their clothing was singed. The same could not be said of the chains binding them, or the flesh of their persecutors, or the stones of the Basilica itself, which rapidly melted away. Half the city cried in anguish, and were reduced to ash. The only survivors within miles of the plaza were the condemned, and those who had hearkened to their words. [PARAGRAPH]Rumors spread that the basilica was burned by sorcery, and armies amassed to avenge the massacre. Assailed at every stop, the Luonnotar always proved invulnerable to divine magic yet often fell to mundane blades. They continued to preach and attract new converts, but were always on the verge of extinction until finding sanctuary among the Grigori. Cassiel sent word assuring them that they could live in peace within his realm so long as they never tried to emulate their persecutors. Refugees of all faiths were welcome to live in peace among the Grigori, if they could tolerate that blasphemy was the national pastime. The Luonnotar gained a base from which to organize evangelism abroad, but rarely won converts among their skeptical new compatriots. Mishahel continued to petition the fallen archangel for an audience and for some endorsement for his beliefs, but was always ignored. The one blasphemy Cassiel cannot tolerate is the notion that The One is petty enough to desire any cult of worshipers. [PARAGRAPH:3]The Children of The One religion may start in either one two ways: through a random event that may occur in any city under any state religion, or the Grigori civilization discovering [LINK=TECH_ARCANE_LORE]Arcane Lore[\\LINK]. [PARAGRAPH]Cities with this and another faith are both present have a chance of triggering a Monotheist Revolt, in which this faith will force its competitors out. If the religion removed was a state religion, then the city will revolt as if newly conquered. The Children of The One itself can never be a state religion. [PARAGRAPH]The [LINK=UNIT_LUONNOTAR]Luonnotar[\\LINK], the religion's only unique unit, can travel through rival territory without open boarder agreements in order to spread its faith among cities and units alike. Priests of other religions who adopt this faith are defrocked--the units are automatically deleted if anyone tries to use them. The Luonnotar unit is immune to magic and has no spells of its own, but is very strong against disciple units and will target them even in stacks with better defenders. Any unit which converts to this religion becomes [LINK=PROMOTION_MAGIC_RESISTANCE]resistant to magic[\\LINK] and also [LINK=PROMOTION_REBEL]rebellious[\\LINK] against any owner that is running any state religion. If a leader with a state religion orders such units to fight against the Grigori, they will most likely defect. The religion's only building is its holy shrine, [LINK=BUILDING_UNHARMED_MARTYRS]The Unmarred Martyrs[\\LINK]. This provides [LINK=BONUS_MANA_FORCE]Force mana[\\LINK], great person points towards [LINK=UNIT_ADVENTURER]Adventurers[\\LINK], and increased war weariness for your enemies. Units in the city are 100% resistant to magic, gain the Scourge promotion, and lose the [LINK=PROMOTION_DIVINE]Divine[\\LINK] promotion (priests loose access to their spells just by passing through the city). It makes other religious buildings cause a great deal of unhappiness. [PARAGRAPH]Units of this religion will never return as either [LINK=UNIT_ANGEL]Angels[\\LINK] or [LINK=UNIT_MANES]Manes[\\LINK]. \r\n[PARAGRAPH:3]All priests have their Ardas weakened by the presence of the Children of the One, especially in cities nearby.  Once the Children of the One have enough influence, priests may abandon their faith and become rebellious, possibly disbanding themselves of defecting to the Grigori.	
Magister_CIV4GameText_FFH2.xml	TXT_KEY_RELIGION_WHITE_HAND_PEDIA	[TAB]There have been men have worshiped The White Hand of Mulcarn in every era since before the time of the Godswar, but they have never been many. During the Age of Magic, his stoic Frost Speakers were tolerated but disrespected. Mulcarn was considered the least of the gods, at a time when his nemesis Bhall was considered the greatest. Although the least evil of all those who sided with Agares against The One, he was a supremely jealous god who grew to greatly hate humanity for their devotion to every god but himself. As Nostalgia is his very nature, he longed to return to how things were in the Godswar, when man was a primitive being subject to the whims of the divine and gods were not bound by the regulations of The Compact. [TAB]The Fall of Bhall gave him an opportunity to make this a reality. With no god to oppose him, he was able to maneuver the one people who honored him, the nearly destitute Illians, into completing a ritual that summoned him into the plane of Erebus. Sucellus was sent to enforce The Compact and prevent Mulcarn's conquest of the world, but he failed in his endeavor. His body was broken in seven pieces and buried in distant regions of the infinite plane, to prevent them from being reunited and allowing his spirit to return from the Netherworld to challenge The God of Winter again. Where a god failed, and man succeeded. Kylorin, Archmage of the Seventh Circle and former Emperor of All Mankind, was sent on a mission by Nantosuelta (the Goddess of Enchantment and Virtue, who loved Sucellus greatly) to end The Age of Ice and retrieve the Heart of Sucellus from within Mulcarn's citadel. (She had already managed to have the other six pieces of his body gathered together. ) He gathered and reforged the pieces of the Godslayer, a weapon created as a symbol and manifestation of The Compact, and destroyed Mulcarn once and for all. [PARAGRAPH]With their god vanquished, the followers of The Hand fell to an all time low. They were slow to adapt to a changing world, and reviled by more powerful nations who had been their subjects. The few who maintained the faith however were more fanatical than ever. They realized that the true object of worship was not the person of the god, but his precept. His precept remains, and possessed a powerful will to regain an avatar. It has chosen Auric Ulvin, an orphan from a small outlying Illian village called Brigdarrow, to lead it. He is the greatest magical prodigy born in the current age, and was a very good natured child before the precept claimed him. Driven mad with power, he may end up more evil than Mulcarn ever was by the time he completes his goal and ascends into godhood. [PARAGRAPH:1]This state religion is a prerequisite of [LINK=PROJECT_THE_DEEPENING]The Deepening[\\LINK], [LINK=PROJECT_THE_DRAW]The Draw[\\LINK], and the [LINK=PROJECT_ASCENSION]Ascension[\\LINK] rituals. \r\n\t\t\r\n\t\t\r\n\r\n[PARAGRAPH:3]Priests and Demons of [LINK=RELIGION_WHITE_HAND]The White Hand[\\LINK] will have their ardas most strengthened by the influence of [LINK=RELIGION_WHITE_HAND]The White Hand[\\LINK], but also strengthened to a lesser degree by the [LINK=RELIGION_RUNES_OF_KILMORPH]The Runes of Kilmorph[\\LINK], [LINK=RELIGION_STEWARDS_OF_INEQUITY]The Stewards of Inequity[\\LINK], [LINK=RELIGION_ANOINTED]The Anointed[\\LINK], [LINK=RELIGION_COUNCIL_OF_ESUS]The Council of Esus[\\LINK], [LINK=RELIGION_THE_ASHEN_VEIL]The Ashen Veil[\\LINK], [LINK=RELIGION_COVEN]The Between[\\LINK], and [LINK=RELIGION_SONS_OF_DISCORD]The Sons of Discord[\\LINK]. Its arda will be weakened by [LINK=RELIGION_CHILDREN_OF_THE_ONE]The Children of The One[\\LINK], [LINK=RELIGION_MATRONAE]The Matronae[\\LINK], [LINK=RELIGION_EMBER_LEGION]The Ember Legion[\\LINK], [LINK=RELIGION_UNBLEMISHED]The Unblemished[\\LINK], the Felllowship of the Leaves, [LINK=RELIGION_GREY_COUNCIL]The Grey Council[\\LINK], [LINK=RELIGION_BROTHERHOOD_OF_WARDENS]The Brotherhood of Wardens[\\LINK], [LINK=RELIGION_THE_EMPYREAN]The Empyrean[\\LINK], [LINK=RELIGION_RINGGIVER]The Ringgivers[\\LINK], [LINK=RELIGION_CULT_OF_THE_DRAGON]Cult of the Dragon[\\LINK], [LINK=RELIGION_THE_EMPYREAN]The Order[\\LINK], [LINK=RELIGION_HOUSE_OF_PLENTY]The House of Plenty[\\LINK], and [LINK=RELIGION_FOXMEN]The Foxmen[\\LINK]. It will be weakened in Good lands and strengthened in Evil lands. It will be strengthened by proximity to [LINK=BONUS_MANA_ICE]Ice Mana[\\LINK], Letum Frigus, the [LINK=IMPROVEMENT_WHISPERING_WOOD]Whispering Wood[\\LINK], [LINK=FEATURE_BLIZZARD]Blizzards[\\LINK], [LINK=FEATURE_ICE]Sea Ice[\\LINK], [LINK=TERRAIN_SNOW]Ice[\\LINK], [LINK=TERRAIN_GLACIER]Glacier[\\LINK], [LINK=TERRAIN_WASTELAND]Wasteland[\\LINK], or [LINK=TERRAIN_TUNDRA]Tundra[\\LINK] terrain. It is weakened by [LINK=BONUS_MANA_FIRE]Fire Mana[\\LINK], [LINK=BONUS_MANA_NATURE]Nature Mana[\\LINK], [LINK=TERRAIN_DESERT]Desert[\\LINK], or [LINK=TERRAIN_BURNING_SANDS]Burning Sands[\\LINK] terrain.\r\n	
Magister_CIV4GameText_FFH2.xml	TXT_KEY_RELIGION_CULT_OF_THE_DRAGON_PEDIA	[TAB]Forgotten and ignored by the gods, some mortals have turned to worshiping the great dragons who once fought over the land and now lie dormant beneath it. They do not form any unified faith, but are a collection of many conflicting minor cults devoted to different beasts. All agree that the gods' weapons of mass destruction are themselves divine, and find their draconic deities to be much more acceptable than empty prayers offered in temples. All seek to awaken these weapons of mass destruction and see them wreak havoc on their enemies. [PARAGRAPH]These cults can pop up in any land, but are most accepted among the [LINK=CIVILIZATION_KURIOTATES]Kuriotates[\\LINK] and [LINK=CIVILIZATION_SHEAIM]Sheaim[\\LINK]. Those civilizations can complete the [LINK=PROJECT_STIR_FROM_SLUMBER]Stir from Slumber[\\LINK] ritual in any city, spreading the Cult to that city, rather than only completing it in a city where the faith is already present. [PARAGRAPH:2]The Cult of the Dragon is unlike other religions. It is not founded by being the first to research a technology. It typically begins when the barbarians create [LINK=UNIT_ACHERON]Acheron's [\\LINK] [LINK=BUILDING_WYRMHOLD]Wyrmhold[\\LINK] in one of their cities and calls the great Furnace Dragon into the world. It can also be founded by the Kuriotates world spell [LINK=SPELL_LEGENDS]Legends[\\LINK], which moves the holy city to the site where it was cast and spreads the religion and the caster's culture to random cities, or by the [LINK=CIVILIZATION_KURIOTATES]Kuriotates[\\LINK] or [LINK=CIVILIZATION_SHEAIM]Sheaim[\\LINK]completing [LINK=PROJECT_STIR_FROM_SLUMBER]Stir from Slumber[\\LINK].[PARAGRAPH]The Dragon Cult has numerous disadvantages for most civilizations, although these do not apply to the Kuriotates, the Sheaim, or anyone whose team controls a Dragon. It makes an empire harder to manage and control. Cities that are home to a Dragon Cult are likely to revolt. Anyone with the Fanaticism technology can train a [LINK=UNIT_DRAGON_FANATIC]Dragon Fanatic[\\LINK] in a Cult city and use it to spread negative effects to rival cities. These Fanatics can be transformed into devotees of specific dragons when they visit their Wyrmholds or hear them [LINK=SPELL_ROAR]Roar[\\LINK]. A standard Fanatic will follow any dragon, but once devoted to a specific beast it will ignore the calls of other dragon species. Dragons generated by Wyrmholds start as sedentary lair guardians, but a Fanatic can use the [LINK=SPELL_BESEECH_DRAGON]Beseech Dragon[\\LINK] ability to call the beasts forth from their lairs and try to convince them to attack their enemies. There is a chance that a Dragon will spawn under your control, if you have the right mana, alignment, and follow the Cult of the Dragon as your State Religion. You cannot adopt this as your State religion unless you already have a Dragon. 	
Magister_CIV4GameText_FFH2.xml	TXT_KEY_RELIGION_CULT_OF_THE_DRAGON	Cult of the Dragon	
Magister_CIV4GameText_FFH2.xml	TXT_KEY_RELIGION_WHITE_HAND_ADJECTIVE	Hand	
Magister_CIV4GameText_FFH2.xml	TXT_KEY_RELIGION_CHILDREN_OF_THE_ONE_ADJECTIVE	Monotheist	
Magister_CIV4GameText_FFH2.xml	TXT_KEY_RELIGION_CULT_OF_THE_DRAGON_ADJECTIVE	Dragon Cultist	
Magister_CIV4GameText_FFH2.xml	TXT_KEY_RELIGION_THE_EMPYREAN	The Empyrean	
Magister_CIV4GameText_FFH2.xml	TXT_KEY_RELIGION_THE_ORDER	The Order	
Magister_CIV4GameText_FFH2.xml	TXT_KEY_RELIGION_RUNES_OF_KILMORPH_HELP	[ICON_BULLET]Allows [LINK=IMPROVEMENT_MINE]Mines[\\LINK] and [LINK=IMPROVEMENT_QUARRY]Quarries[\\LINK] to be built on [LINK=TERRAIN_PEAK]Peaks[\\LINK]	
Magister_CIV4GameText_FFH2.xml	TXT_KEY_RELIGION_LAERAN_CORD_PEDIA	[TAB]the Laeran Cord thrived throughout the Age of Magic, when the knowledge they curated was prized. These priests of Oghma were welcome in most realms, for they shared their lore freely with all who yearned to learn and stayed as neutral as the god they served. [PARAGRAPH:1]The Age of Ice spelled their ruin. Oghma ignored their prayers to save them. Embarr might have helped, but Ceridwen slayed and tore the archangel asunder, scattering his mind, flesh, and spirit across creation. [PARAGRAPH:1]All original research ceased as the order desperately labored to protect what humanity would need to know to rebuild civilization. The mages among in their ranks were not enough to save them as they fled back to ever fewer hidden libraries. The savage Doviello delighted in their demise, burning both books and men whenever found. [PARAGRAPH:1]In time their hunting parties stopped returning. Some priests went mad. Others died of starvation, or old age. the Laeran Cord dwindled to a single man: a scholar with nothing but a frozen world to study, a teacher without anyone to teach, a high priest only by default. His true name is forgotten. We know him now simply as "Akharien," which means "the last one" in the ancient tongue. [PARAGRAPH:1]In time, the Doviello came for him. Still a young man, born well into the Age of Ice, he knew nothing of world outside what he read in the last library's books. They offered a chance to flee, to survive as a wolf in the wilderness, to one day win the right to join the pack and hunt with them. [PARAGRAPH:1]Instead he threw himself on the books. He begged them to burn him but only spare the library. He promised to tell them all the stories contained within, and to teach them all about the medicinal uses of the few herb that survived in the region. [PARAGRAPH:1]They rejected his offer, believing as they did that the strong need no such knowledge and that the weak it helps preserve deserve to die. This last priest of the Laeran Cord was burned to death within his library. [PARAGRAPH:1]His spirit never passed to Oghma's vault. It lingered to haunt the ruins, fluttering among the dust and ashes which once were books. His ghost had more power than he ever did in life. It scared the Doviello away, but blessed other Vagrants with dreams of distant times and places to inspire them. [PARAGRAPH:1]A new Laeran Cord was refounded early in the Age of Rebirth. The new priests discovered the meager ruins of The Last One's library, but nothing of value remained within except the High Priest's Crown. This was taken to the new church that it might serve Oghma again. It is rumored that the spirit of Akharien followed, and continues to guide the order in relearning what was forgotten. [PARAGRAPH]There is a heresy that emerged within the Cord, rejecting the benevolent guidance of Akharien and wishing to risk experiments with darker forms of magic. Gaelan was a talented summoner and mage in the Laeran Cord. Frustrated with the slow progress within the Cord, Gaelan started the Circle of Gaelan. The Circle gained a reputation for dangerous acts followed by tragedy. While they still believed they were serving Oghma, the new faith in fact followed Ceridwen. There were escaped summoned creatures, death of livestock, a fire that nearly destroyed a village and human experimentation. The worst mistake of the Circle of Gaelan was an attempt to summon a True Angel of Prophecy. They managed to summon A Root of Fear, an Aspect of Mammon whose power had been changed from true Foresight to Foreboding of horrors that become self-fulfilling prophecies. Their greatest fear came true, and the confinement circle failed. The Root of Fear killed all the members except Gaelan himself, drowning them in fears until there was nothing left of them. The vision destroyed Gaelan's body and mind. His past was forgotten, his body horribly disfigured. The battle spread to Euphoria, the Dreamworld where Gaelan's Mind Palace was shattered by Caer lest it fall to Fear. This spread nightmares across Creation. Gaelan himself was reborn as a priest of the Undertow, known only as the Burnt Priest. [PARAGRAPH:2]State religion allows access to:[PARAGRAPH:1][TAB][LINK=UNIT_GAELAN]Gaelan Sedracious[\\LINK] (world unit)[PARAGRAPH:1][TAB][LINK=UNIT_HIGH_PRIEST_LAERAN]Hierophants [\\LINK] (unit)[PARAGRAPH:1][TAB][LINK=BUILDING_ARCHIVE]Archives [\\LINK] (building)[PARAGRAPH:1][TAB]Halves the production cost of: [PARAGRAPH:1][TAB][LINK=BUILDING_MAGE_GUILD]Mage Guilds[\\LINK] [PARAGRAPH:1][TAB][LINK=BUILDING_LIBRARY]Libraries[\\LINK] [PARAGRAPH:1][TAB][LINK=BUILDING_ACADEMY]Academies[\\LINK] [PARAGRAPH:1][TAB][LINK=BUILDING_GREAT_LIBRARY]The Library of Oghma[\\LINK][PARAGRAPH:1][TAB][LINK=BUILDING_CROWN_OF_AKHARIEN]The Crown of Akharien[\\LINK] [PARAGRAPH:1][TAB][LINK=BUILDING_PALACE_AMURITES]The Amurite Palace[\\LINK] [PARAGRAPH:2]Units of this faith are more likely to gain affinity for [LINK=BONUS_MANA_METAMAGIC]Metamagic[\\LINK] mana\r\n\t\t\r\n\t\t\r\n\t\t\r\n[PARAGRAPH:3]Priests and Angels of [LINK=RELIGION_LAERAN_CORD]The Laeran Cord[\\LINK] will have their ardas most strengthened by the influence of [LINK=RELIGION_LAERAN_CORD]The Laeran Cord[\\LINK], but also strengthened to a lesser degree by [LINK=RELIGION_THE_EMPYREAN]The Empyrean[\\LINK], [LINK=RELIGION_HOUSE_OF_PLENTY]The House of Plenty[\\LINK], [LINK=RELIGION_RINGGIVER]The Ringgivers[\\LINK], and Eternal Cabal. Its arda will be weakened by [LINK=RELIGION_CHILDREN_OF_THE_ONE]The Children of The One[\\LINK], [LINK=RELIGION_MATRONAE]The Matronae[\\LINK], [LINK=RELIGION_GREY_COUNCIL]The Grey Council[\\LINK], [LINK=RELIGION_SONS_OF_DISCORD]The Sons of Discord[\\LINK], [LINK=RELIGION_OCTOPUS_OVERLORDS]The Undertow[\\LINK], [LINK=RELIGION_CULT_OF_THE_DRAGON]Cult of the Dragon[\\LINK], [LINK=RELIGION_COVEN]The Between[\\LINK], and [LINK=RELIGION_STEWARDS_OF_INEQUITY]The Stewards of Inequity[\\LINK]. It will be strengthened in Neutral lands and slightly weakened in Good or Evil lands. It will be strengthened by proximity to [LINK=BONUS_MANA_METAMAGIC]Meta Magic Mana[\\LINK], [LINK=IMPROVEMENT_CAVE_OF_ANCESTORS]the Cave of the Ancestors[\\LINK], [LINK=IMPROVEMENT_REMNANTS_OF_PATRIA]the Remnants of Patria[\\LINK], [LINK=IMPROVEMENT_RUINS]Ruins[\\LINK], or [LINK=IMPROVEMENT_CITY_RUINS]City Ruins[\\LINK]. It is weakened by Mind Mana[\\LINK].\r\n	
Magister_CIV4GameText_FFH2.xml	TXT_KEY_RELIGION_MATRONAE	The Matronae	
Magister_CIV4GameText_FFH2.xml	TXT_KEY_RELIGION_MATRONAE_PEDIA	As the faith of the Matronae spreads, and other religions loose influence on the world, the ability of the old gods to act in Erebus wanes. If the Matronae faith reaches 100% of the world population, divine magic will die and all priests will be useless. [PARAGRAPH:2]History:[PARAGRAPH]At the end of the Age of Rebirth the demon plagued lands of the Fane of Lessers were conquered and the Throne of Hell destroyed. Not content to just cleanse creation, the archangel Basium lead his angelic army into hell to continue his war. Decades passed and in that time the Bannor used the Crucible to weaken the world's magic. Powerful artifacts of past ages became dusty relics, and those with the talent to be mages in prior ages were rarely able to manifest their power. The Age of Invention had started. [PARAGRAPH]During this age three new goddesses appeared on creation, they were known as the Matronae. Morrigan was the goddess of fate and a great white temple was built to her on the cliffs of the Elohim city of Niveus. From Niveus came the gas Effluvium, which powered city lamp posts and caused divine visions (and would also be used by the Kuriotates to build airships). Sarabride was the goddess of vengeance and her temple was a great foundry built in the reclaimed city of Braduk the Burning. From her city came all sorts of wonders including coal powered trains. The citizens of Braduk built rail systems to connect the major cities of men. The last was Cliodna, the goddess of dreams, and her temple was built on the docks of the Bay of Laurus. From her temple came great steam powered ships that opened up travel to the distant shores of creation. [PARAGRAPH]All three goddesses were active in creation and their religions grew quickly. The religions of ages past, of distant gods who might answer occasional prayers were forgotten, or destroyed by the followers of the Matronae. What use is myth when gods walk among us?[PARAGRAPH:2]The Matronae are the guises assumed by the archangels Gyra, Condatis, and Brigit, who acquired three Masks of the Coven of the Black Candle and used them to steal three Gems of Creation from their respective gods' vaults. They are not interested in becoming gods, or receiving worship. They cannot become avatars that embody their dominions. The compact does not bind them, so they don't need worshipers to permit their actions in any region. They cannot have priests with divine powers, since they don't control a dominion, don't have a fleet of angels to bless their followers, etc. But they are all archangels of fallen gods and they are worried about their dominions becoming corrupted. There is little they can do about it directly, though wars are beginning to start over it. Arak and the Gossamer Legion are coming for Morrigan. After the attack on hell, madness begins spreading through Lanun and Elohim lands as Hastur moves against Cliodna. And the battle between the Swanmay and Sarabride is a prelude to waking up Bhall. [PARAGRAPH]The goal of the Matronae is a lesson from Cassiel. They want to kill worship of the old gods so that the compact keeps them from being able to act in creation. But where Cassiel preached about how the old gods were unworthy, the Matronae have replaced those religions with new fake ones. If they can wipe out the old religions, the gods won't be able to impact creation and damage done by corrupted dominions will be mitigated. They are also reducing the ability of all the gods by claiming the gems. The gods no longer have infinite wells to draw from in three of the six materials. This doesn't mean they aren't powerful, but if the Godswar restarted the gods would be much weaker without the gems. [PARAGRAPH]The Matronae are working closely together. Sarabride and Cliodna are not opposed despite the fact that they are archangels from opposed dominions. They certainly don't agree on everything, but they are working toward the same plan. They rescued Basium from Hell with the hope that he could recover the Font of Life (and Gyra makes a habit of rescuing her idealistic brother), though Basium is nearly destroyed and the Font is guarded by an active god, and they don't currently have another mask (which wouldn't be absolutely necessary, but would certainly help). [PARAGRAPH:2]The Matronae wear Masks of the Coven of the Black Candle for a number of reasons. Protecting their identity is a big one, though in time powers will assume or know who they are. The more they can minimize this the better. Powerful sorcerers can summon and bind archangels (although the Crucible makes this difficult, if not impossible), so the Matronae do not want anyone knowing who they are. They also want to diminish any belief in the old religions, not support it by having people know they are a part of it. Most importantly the masks prevent detection. Anyone hunting, scrying, summoning them won't be able to find them with the masks on. In time, however, the truth will come out. [PARAGRAPH]It is not common knowledge that the Opalus Mortis, Corundum Ardens, and Beryllus Abyssi have been stolen in the first place. Other gods (much less mortals) cannot see into the vaults where Arawn, Bhall, and Danalin once kept them. The gods only knew that a new religion had started centered around some very powerful figures. The evil gods could however deduce the source of their powers and guess at their identities from what happened during their attack on hell. Arak (who has been fighting Gyra for centuries since she killed his wife) and Laroth are also onto Morrigan. [PARAGRAPH:3]All priests have their Ardas weakened by the presence of the Matronae in the world, especially in cities nearby. Once the Matronae influence is strong enough, priests in the vicinity of Apostates will abdondon their leaders and become Apostates themselves	
Magister_CIV4GameText_FFH2.xml	TXT_KEY_RACE_NONE	No Race	
Magister_CIV4GameText_FFH2.xml	TXT_KEY_REQUIRES_STIR_FROM_SLUMBER	[COLOR_RED][NEWLINE][ICON_BULLET]Requires Stir from Slumber[COLOR_REVERT]	
Magister_CIV4GameText_FFH2.xml	TXT_KEY_SPELL_BACKFIRE	%s1's attempt to use %s2 against %s3 has backfired	
Magister_CIV4GameText_FFH2.xml	TXT_KEY_SPELL_ARCANE_LACUNA_HELP	[ICON_BULLET]Disables your enemies' spell casting ability by some number of turns, and increases your arcane units' XP by some amount, dependent on the quantity of mana you control. 	
Magister_CIV4GameText_FFH2.xml	TXT_KEY_SPELL_FORCE_POSESSION	Force Possession	
Magister_CIV4GameText_FFH2.xml	TXT_KEY_SPELL_UNHIDE	Unhide	
Magister_CIV4GameText_FFH2.xml	TXT_KEY_SPELL_ABUNDANCE	Abundance	
Magister_CIV4GameText_FFH2.xml	TXT_KEY_SPELL_ASSUAGE	Assuage	
Magister_CIV4GameText_FFH2.xml	TXT_KEY_SPELL_EVANGELIZE_CITY	Evangelize to City	
Magister_CIV4GameText_FFH2.xml	TXT_KEY_SPELL_EVANGELIZE_UNITS	Evangelize to Units	
Magister_CIV4GameText_FFH2.xml	TXT_KEY_SPELL_EXORCISM	Exorcism	
Magister_CIV4GameText_FFH2.xml	TXT_KEY_SPELL_EXPLORE_WILDERNESS	Explore Wildnerness	
Magister_CIV4GameText_FFH2.xml	TXT_KEY_SPELL_HELP_EXPLORE_WILDERNESS	[ICON_BULLET]Foxmen have a way of finding trouble where no one else would look. They can treat any unoccupied wilderness tile like a minor lair to explore.	
Magister_CIV4GameText_FFH2.xml	TXT_KEY_SPELL_FERTILITY_LESSER	Fertility (Lesser)	
Magister_CIV4GameText_FFH2.xml	TXT_KEY_SPELL_FERTILITY	Fertility	
Magister_CIV4GameText_FFH2.xml	TXT_KEY_SPELL_LETTERS_OF_MARQUE	Letters of Marque	
Magister_CIV4GameText_FFH2.xml	TXT_KEY_SPELL_TARGET_WEAKEST_UNIT	Target Weakest	
Magister_CIV4GameText_FFH2.xml	TXT_KEY_SPELL_STOP_TARGETING_WEAKEST_UNIT	Stop Targeting Weakest	
Magister_CIV4GameText_FFH2.xml	TXT_KEY_SPELL_PROVOKE_HELP	[ICON_BULLET]Units within 1 tile are enraged and attack the casters stack	
Magister_CIV4GameText_FFH2.xml	TXT_KEY_SPELL_CALL_ANIMAL	Call Animal	
Magister_CIV4GameText_FFH2.xml	TXT_KEY_SPELL_CALL_ANIMAL_HELP	[ICON_BULLET]Summons a random animal[ICON_BULLET]May not be used while a previous animal summoned by the caster still lives	
Magister_CIV4GameText_FFH2.xml	TXT_KEY_SPELL_CAVE_TRIALS	Cave Trials	
Magister_CIV4GameText_FFH2.xml	TXT_KEY_SPELL_CHALLENGE_ACCEPT	Accept Challenge	
Magister_CIV4GameText_FFH2.xml	TXT_KEY_SPELL_CHALLENGE_ISSUE	Issue Challenge	
Magister_CIV4GameText_FFH2.xml	TXT_KEY_SPELL_CRAFT_ICE_GOLEM	Craft Ice Golem	
Magister_CIV4GameText_FFH2.xml	TXT_KEY_SPELL_CREATE_BLIZZARD	Create Blizzard	
Magister_CIV4GameText_FFH2.xml	TXT_KEY_SPELL_EREMITE	Eremite	
Magister_CIV4GameText_FFH2.xml	TXT_KEY_SPELL_DOMINATION_DEMON	Dominate Demon	
Magister_CIV4GameText_FFH2.xml	TXT_KEY_SPELL_DOMINATION_UNDEAD	Dominate Undead	
Magister_CIV4GameText_FFH2.xml	TXT_KEY_SPELL_DOMINATION_FROST	Dominate Frostling	
Magister_CIV4GameText_FFH2.xml	TXT_KEY_SPELL_DROP_MOKKAS_CAULDRON	Drop Mokka's Cauldron	
Magister_CIV4GameText_FFH2.xml	TXT_KEY_SPELL_ENLIGHTEN_CITY	Enlighten City	
Magister_CIV4GameText_FFH2.xml	TXT_KEY_SPELL_ENLIGHTEN_UNITS	Enlighten Units	
Magister_CIV4GameText_FFH2.xml	TXT_KEY_SPELL_EVANGELIZE	[ICON_BULLET]The unit attempts to share its religion	
Magister_CIV4GameText_FFH2.xml	TXT_KEY_SPELL_FEED_HELP	[ICON_BULLET]Sacrifice a lesser unit to a vampire in order to heal it and allow another chance to attack. If the unit is a Bloodpet the vampire will also keep a portion of its experience points and well as regain all its movement points. 	
Magister_CIV4GameText_FFH2.xml	TXT_KEY_SPELL_LAND	Alight	
Magister_CIV4GameText_FFH2.xml	TXT_KEY_SPELL_FLY	Take Flight	
Magister_CIV4GameText_FFH2.xml	TXT_KEY_SPELL_GALE	Gale	
Magister_CIV4GameText_FFH2.xml	TXT_KEY_SPELL_VAGRANCY	Vagrancy	
Magister_CIV4GameText_FFH2.xml	TXT_KEY_SPELL_BUILD_ALTAR_OF_LUONNOTAR	Build Altar of the Luonnotar	
Magister_CIV4GameText_FFH2.xml	TXT_KEY_SPELL_FOUND_TEMPLE_OF_THE_HAND	Found Temple of the Hand	
Magister_CIV4GameText_FFH2.xml	TXT_KEY_SPELL_FOUND_GAMBLING_HOUSE	Found Gambling House	
Magister_CIV4GameText_FFH2.xml	TXT_KEY_SPELL_FREE_BRIGIT	Free Brigit	
Magister_CIV4GameText_FFH2.xml	TXT_KEY_SPELL_FOUND_TEMPLE_OF_KILMORPH	Found Kilmorphian Grotto	
Magister_CIV4GameText_FFH2.xml	TXT_KEY_SPELL_FOUND_TEMPLE_OF_LEAVES	Found Sacred Grove	
Magister_CIV4GameText_FFH2.xml	TXT_KEY_SPELL_FOUND_TEMPLE_OF_THE_EMPYREAN	Found Fenestran Temple	
Magister_CIV4GameText_FFH2.xml	TXT_KEY_SPELL_FOUND_TEMPLE_OF_THE_ORDER	Found Basilica	
Magister_CIV4GameText_FFH2.xml	TXT_KEY_SPELL_FOUND_TEMPLE_OF_THE_OVERLORDS	Found Asylum	
Magister_CIV4GameText_FFH2.xml	TXT_KEY_SPELL_FOUND_TEMPLE_OF_THE_VEIL	Found Demons' Altar	
Magister_CIV4GameText_FFH2.xml	TXT_KEY_SPELL_FREE_ODIO	Free Odio	
Magister_CIV4GameText_FFH2.xml	TXT_KEY_SPELL_HELLFIRE_HELP	[ICON_BULLET]Creates a temporary Hellfire improvement, with a duration dependent on the caster's level and supply of both Entropy and Fire mana. [NEWLINE][ICON_BULLET]Turns this tile to Hell terrain and spreads the taint of hell to adjacent tiles[NEWLINE][ICON_BULLET]The Hellfire Improvement acts as a lair, damages units that enter it, and may spawn barbarian Balors	
Magister_CIV4GameText_FFH2.xml	TXT_KEY_SPELL_HIDE_STACK	Hide Stack	
Magister_CIV4GameText_FFH2.xml	TXT_KEY_SPELL_HOPE_PEDIA	[TAB]We gazed at the ruins of our city, and around it the slaughtered herds and salted fields. The crows circled overhead eagerly, and their stench of the scavengers feast reached insidiously into our noses. [PARAGRAPH:1]"Well, boys," the commander said at last, "things won't be getting any worse. ". "	
Magister_CIV4GameText_FFH2.xml	TXT_KEY_SPELL_HIDE_NATIONALITY	Hide Nationality	
Magister_CIV4GameText_FFH2.xml	TXT_KEY_SPELL_ILLUSION	Create Illusions	
Magister_CIV4GameText_FFH2.xml	TXT_KEY_SPELL_INTO_THE_MIST_HELP	[ICON_BULLET][LINK=PROMOTION_HIDDEN]Hides[\\LINK] all of your units[NEWLINE][ICON_BULLET]Changes all of your living units' race to [LINK=PROMOTION_GREY]Grey[\\LINK][NEWLINE][ICON_BULLET]May cause random units to [LINK=SPELL_WANE]Wane[\\LINK] into [LINK=UNIT_SHADE]Shades[\\LINK], ignoring the normal level prerequisite[NEWLINE][ICON_BULLET]Erases your rivals' memory of all events that transpired between you, making diplomacy function as if you just met[NEWLINE][ICON_BULLET]Erases your rivals' maps, causing them to forget everything they cannot currently see	
Magister_CIV4GameText_FFH2.xml	TXT_KEY_SPELL_MAGIC_RESISTANCE	Magic Resistance	
Magister_CIV4GameText_FFH2.xml	TXT_KEY_SPELL_MARCH_OF_THE_TREES_HELP	[ICON_BULLET]Transforms all the forests in your empire into [LINK=literal]Treant[\\LINK] 's for a few turns	
Magister_CIV4GameText_FFH2.xml	TXT_KEY_SPELL_MEZMERIZE_BEAST	Mesmerize Beast	
Magister_CIV4GameText_FFH2.xml	TXT_KEY_SPELL_MEZMERIZE_SEA	Mesmerize Sea Creature	
Magister_CIV4GameText_FFH2.xml	TXT_KEY_SPELL_OPEN_MERCURIAN_GATE	Open Mercurian Gate	
Magister_CIV4GameText_FFH2.xml	TXT_KEY_SPELL_MERCURIAN_REINFORCEMENTS	Call Mercurian Reinforcements	
Magister_CIV4GameText_FFH2.xml	TXT_KEY_SPELL_OPEN_PORTAL	Open Portal	
Magister_CIV4GameText_FFH2.xml	TXT_KEY_SPELL_REBUILD_MITHRIL_GOLEM	Rebuild The Mithril Golem	
Magister_CIV4GameText_FFH2.xml	TXT_KEY_SPELL_REBUILD_WAR_MACHINE	Rebuild The War Machine	
Magister_CIV4GameText_FFH2.xml	TXT_KEY_SPELL_RESURRECTION	Resurrection	
Magister_CIV4GameText_FFH2.xml	TXT_KEY_SPELL_RESURRECTION_HELP	[ICON_BULLET]May resurrect your civilization's or religion's fallen [LINK=PROMOTION_HERO]Hero[\\LINK] from any tile. [NEWLINE][ICON_BULLET]May resurrect a [LINK=PROMOTION_DRAGON]Dragons[\\LINK] at the site of [LINK=IMPROVEMENT_DRAGON_BONES]their bones[\\LINK], but only after the Stir from Slumber Ritual. [NEWLINE][ICON_BULLET]May resurrect a few other units from [LINK=IMPROVEMENT_GRAVEYARD]graveyards[\\LINK]. [NEWLINE][ICON_BULLET]May resurrect Imprimatur Council members from their gravesites, but only if you know Strength of Will and have an effective supply of at least 3 of the council member's prerequisite mana	
Magister_CIV4GameText_FFH2.xml	TXT_KEY_SPELL_DOOR_OF_ETHER	Door of Ether	
Magister_CIV4GameText_FFH2.xml	TXT_KEY_SPELL_SEAL_WELL	Seal Well	
Magister_CIV4GameText_FFH2.xml	TXT_KEY_SPELL_UNSEAL_WELL	Unseal Well	
Magister_CIV4GameText_FFH2.xml	TXT_KEY_SPELL_SHADOW_OF_SORROW	Shadow of Sorrow	
Magister_CIV4GameText_FFH2.xml	TXT_KEY_SPELL_SUMMON_ANGEL_OF_DEATH_LESSER	Summon Angel of Death (Lesser)	
Magister_CIV4GameText_FFH2.xml	TXT_KEY_SPELL_SUMMON_ANGEL_OF_DEATH	Summon Angel of Death	
Magister_CIV4GameText_FFH2.xml	TXT_KEY_SPELL_SUMMON_BEAST_OF_AGARES	Summon Beast of Agares	
Magister_CIV4GameText_FFH2.xml	TXT_KEY_SPELL_SUMMON_BEAST_OF_AGARES_HELP	[ICON_BULLET]May not be used while a Beast of Agares previously summoned by the caster still exists[NEWLINE][ICON_BULLET]Will cause the Beast to [LINK=SPELL_BEAST_FEAST]feast[\\LINK] on the local population, causing unhappiness and revolts but increasing the units duration, unless you have the [LINK=TRAIT_FALLOW]Fallow[\\LINK] trait	
Magister_CIV4GameText_FFH2.xml	TXT_KEY_UNIT_BEAST_OF_AGARES_PEDIA	A Beast of Agares is a living beast that has gone through an unholy ritual that strengthens it. The ritual involves massive human sacrifice. Beasts of Agares enjoy hunting paladins, and can sense the presence of one from miles away. -- The Bestiary of Erebus	
Magister_CIV4GameText_FFH2.xml	TXT_KEY_SPELL_SUMMON_GUARDIAN_VINES	Summon Guardian Vines	
Magister_CIV4GameText_FFH2.xml	TXT_KEY_SPELL_SUMMON_HOLLOW_MAN	Summon Hollow Man	
Magister_CIV4GameText_FFH2.xml	SPELL_SUMMON_HOLLOW_MAN_HELP	Requires either a Blizzard, Snow, Glacier, Tundra, or Wasteland	
Magister_CIV4GameText_FFH2.xml	TXT_KEY_SPELL_SUMMON_DEMON	Summon Demon	
Magister_CIV4GameText_FFH2.xml	TXT_KEY_SPELL_SUMMON_WARP_BUBBLE	Summon Warp Bubble	
Magister_CIV4GameText_FFH2.xml	TXT_KEY_SPELL_SUMMON_RUNEWYN	Summon Runewyn	
Magister_CIV4GameText_FFH2.xml	TXT_KEY_SUMMON_RUNEWYN_HELP	[ICON_BULLET]This summon is immune to all Magic[NEWLINE][ICON_BULLET]It destroys the opponent's spell sphere promotions and dispels promotions gained by magic, regardless of combat outcome[NEWLINE][ICON_BULLET]It targets arcane units in stacks of stronger units, except in cities. [NEWLINE][ICON_BULLET]It destroys buildings maintained by spells when it attacks a city[NEWLINE][ICON_BULLET]It destroys Rings of Warding when it attacks[NEWLINE][ICON_BULLET]Starts at level 7, so it may bypass all but the strongest Wards[NEWLINE][ICON_BULLET]It gets a free promotion pick for every source of Force mana you control if you have a Tower of Divination. 	
Magister_CIV4GameText_FFH2.xml	TXT_KEY_SPELL_TAKE_HEARTSTONE	Take Heartstone	
Magister_CIV4GameText_FFH2.xml	TXT_KEY_SPELL_TAKE_MASK_OF_ESUS	Take Mask of Esus	
Magister_CIV4GameText_FFH2.xml	TXT_KEY_SPELL_TAKE_KANNAS_WHIP	Take Kanna's Whip	
Magister_CIV4GameText_FFH2.xml	TXT_KEY_SPELL_TAKE_MATRON_ESSENDI	Take Matron Essendi	
Magister_CIV4GameText_FFH2.xml	TXT_KEY_SPELL_RESTORE_MATRON_ESSENDI	Restore Matron Essendi	
Magister_CIV4GameText_FFH2.xml	TXT_KEY_SPELL_RESTORE_MATRON_ESSENDI_HELP	[ICON_BULLET]Restore the power of Bhall's High Priestess's sceptre by discarding Orthus's crude axe blade and rededicating its desecrated haft to the goddess. 	
Magister_CIV4GameText_FFH2.xml	TXT_KEY_SPELL_TAKE_MOKKAS_CAULDRON	Take Mokka's Cauldron	
Magister_CIV4GameText_FFH2.xml	TXT_KEY_SPELL_DESTROY_ANGELORUM_CAVEA	Destroy Angelorum Cavea	
Magister_CIV4GameText_FFH2.xml	TXT_KEY_SPELL_DEFECT_TO_WINTER_HELP	[ICON_BULLET]Those who worship Auric will not stand against him. 	
Magister_CIV4GameText_FFH2.xml	TXT_KEY_SPELL_DEFECT_TO_WINTER	Defect to Winter	
Magister_CIV4GameText_FFH2.xml	TXT_KEY_SPELL_FOLLOW_DRAGON	Follow Dragon	
Magister_CIV4GameText_FFH2.xml	TXT_KEY_SPELL_FOLLOW_DRAGON_HELP	[ICON_BULLET]Dragon worshipers are notoriously disloyal to non-dragons	
Magister_CIV4GameText_FFH2.xml	TXT_KEY_SPELL_DEFROCK	Defrock	
Magister_CIV4GameText_FFH2.xml	TXT_KEY_SPELL_DEFROCK_HELP	[ICON_BULLET]When a priest of a false god becomes a monotheist, he must abandon both his office and your service	
Magister_CIV4GameText_FFH2.xml	TXT_KEY_SPELL_DEFECT_TO_LIGHT	Defect to Light	
Magister_CIV4GameText_FFH2.xml	TXT_KEY_SPELL_DEFECT_TO_LIGHT_HELP	[ICON_BULLET]Vampires and the Sun God do not get along	
Magister_CIV4GameText_FFH2.xml	TXT_KEY_SPELL_DESTROY_NETHER_BLADE	Destroy Nether Blade	
Magister_CIV4GameText_FFH2.xml	TXT_KEY_SPELL_TAKE_PIECES_OF_MITHRIL_GOLEM	Take Pieces of Mithril Golem	
Magister_CIV4GameText_FFH2.xml	TXT_KEY_SPELL_TAKE_PIECES_OF_WAR_MACHINE	Take Pieces of the War Machine	
Magister_CIV4GameText_FFH2.xml	TXT_KEY_SPELL_TAKE_SEVEN_LEAGUE_BOOTS	Take Seven League Boots	
Magister_CIV4GameText_FFH2.xml	TXT_KEY_SPELL_TAKE_SHIELD_OF_BALANCE	Take Shield of Balance	
Magister_CIV4GameText_FFH2.xml	TXT_KEY_SPELL_TAKE_SPEAR_OF_MAJOSI	Take Trenton's Trident	
Magister_CIV4GameText_FFH2.xml	TXT_KEY_SPELL_TAKE_SPELLSTAFF	Take Spellstaff	
Magister_CIV4GameText_FFH2.xml	TXT_KEY_SPELL_TEMPERANCE	Temperance	
Magister_CIV4GameText_FFH2.xml	TXT_KEY_SPELL_PARANOIA	Paranoia	
Magister_CIV4GameText_FFH2.xml	TXT_KEY_SPELL_UPGRADE_TO_X	Upgrade to %s1	
Magister_CIV4GameText_FFH2.xml	TXT_KEY_SPELL_UPGRADE_SPECTRE	Upgrade to Spectre	
Magister_CIV4GameText_FFH2.xml	TXT_KEY_SPELL_UPGRADE_WRAITH	Upgrade to Wraith	
Magister_CIV4GameText_FFH2.xml	TXT_KEY_SPELL_UPGRADE_DOVIELLO_WARRIOR	Upgrade to Beastman	
Magister_CIV4GameText_FFH2.xml	TXT_KEY_SPELL_UPGRADE_HIGH_PRIEST_OF_WINTER	Upgrade to High Priest of Winter	
Magister_CIV4GameText_FFH2.xml	TXT_KEY_SPELL_UPGRADE_HEIR_OF_TARANIS	Upgrade to Heir of Taranis	
Magister_CIV4GameText_FFH2.xml	TXT_KEY_SPELL_UPGRADE_EIDOLON	Upgrade to Eidolon	
Magister_CIV4GameText_FFH2.xml	TXT_KEY_SPELL_SOMETHING_DIFFERENT	And now, for something completely different	
Magister_CIV4GameText_FFH2.xml	TXT_KEY_SPELL_SUMMON_PIXIE	Summon Pixie	
Magister_CIV4GameText_FFH2.xml	TXT_KEY_SPELL_REVEAL_HELP	[ICON_BULLET]Allows the caster to disable the invisibility from the Sidar Palace. 	
Magister_CIV4GameText_FFH2.xml	TXT_KEY_SPELL_REVELATION_HELP	[ICON_BULLET]Reveals all tiles within a range of 3 tiles[NEWLINE][ICON_BULLET]Destroys rival [LINK=PROMOTION_ILLUSION]Illusions[\\LINK] and [LINK=PROMOTION_DARK_REFLECTION]Dark Reflections[\\LINK] within range[NEWLINE][ICON_BULLET]Removes [LINK=PROMOTION_PARANOID]Paranoid[\\LINK], [LINK=PROMOTION_INVISIBLE]Invisibility[\\LINK], [LINK=PROMOTION_HIDDEN]Hidden[\\LINK], [LINK=PROMOTION_HIDDEN_NATIONALITY]Hidden Nationality[\\LINK], [LINK=PROMOTION_BLUR]Blur[\\LINK], and [LINK=PROMOTION_SHADOWWALK]Shadowwalk[\\LINK] from rival units within range[NEWLINE][ICON_BULLET]Removes the [LINK=PROMOTION_BLIND]Blind[\\LINK] and [LINK=PROMOTION_PARANOID]Paranoid[\\LINK] promotions from friendly units within range[NEWLINE][ICON_BULLET]Deals Holy Damage to [LINK=PROMOTION_VAMPIRE]Vampiric[\\LINK] units within range[NEWLINE][ICON_BULLET]May cause [LINK=CIVILIZATION_CALABIM]Calabim[\\LINK] units of the Empyrean religion to rebel and defect to your side	
Magister_CIV4GameText_FFH2.xml	TXT_KEY_SPELL_DECLARE_BARBS	Declare War on the Barbarians	
Magister_CIV4GameText_FFH2.xml	TXT_KEY_SPELL_DECLARE_BARBS_HELP	[ICON_BULLET]Ends the truce between you and the Barbarian faction[NEWLINE][ICON_BULLET]If you have the Barbarian Trait, then the Barbarian State may make peace with you again if you are weak enough[NEWLINE][ICON_BULLET]Otherwise, you will have to complete the Infernal Pact ritual to end the war	
Magister_CIV4GameText_FFH2.xml	TXT_KEY_SPELL_COMMIT_TO_ASYLUM	Commit unit to Asylum	
Magister_CIV4GameText_FFH2.xml	TXT_KEY_SPELL_BERSERK	Berserk	
Magister_CIV4GameText_FFH2.xml	TXT_KEY_SPELL_GIFT_VAMPIRISM_HELP	[ICON_BULLET]Caster must be a living unit of at least level 7, or level 3 if a [LINK=UNIT_MOROI]Moroi[\\LINK][NEWLINE][ICON_BULLET]Requires either a [LINK=BUILDING_GOVERNORS_MANOR]Governor's Manor[\\LINK] or a [LINK=PROMOTION_VAMPIRE]Vampiric[\\LINK] unit on the caster's tile[NEWLINE][ICON_BULLET]If cast with an older Vampire on the tile, the new Vampire will be a Spawn and the old one its Sire. When a Spawn dies, its Sire automatically [LINK=SPELL_FEED]feeds[\\LINK] on it like a Bloodpet. [NEWLINE][ICON_BULLET]Any [LINK=BONUS_MANA_BODY]Body[\\LINK], [LINK=BONUS_MANA_DEATH]Death[\\LINK], [LINK=BONUS_MANA_MIND]Mind[\\LINK], or [LINK=BONUS_MANA_SHADOW]Shadow[\\LINK] magic that the Sire knows and the Spawn is able to learn will be granted to the Spawn automatically, without a need to spend xp and level up. [NEWLINE][ICON_BULLET]A Sire may also share [LINK=PROMOTION_ARCANE]Arcane[\\LINK], [LINK=PROMOTION_UNHOLY_TAINT]Unholy Taint[\\LINK], [LINK=PROMOTION_SUMMONER]Summoner[\\LINK], [LINK=PROMOTION_SUNDERED]Sundered[\\LINK], [LINK=PROMOTION_STIGMATA]Stigmata[\\LINK], [LINK=PROMOTION_STRONG]Strong[\\LINK], [LINK==PROMOTION_CANNIBALIZE]Cannibal[\\LINK], [LINK=PROMOTION_STEALTH]Stealth[\\LINK], [LINK=PROMOTION_ILLUSIONIST]Illusionist[\\LINK], [LINK=PROMOTION_TWINCAST]Twincast[\\LINK], [LINK=PROMOTION_EXTENSION1]Spell Extension I[\\LINK], and [LINK=PROMOTION_EXTENSION2]Spell Extension II[\\LINK] with its spawn	
Magister_CIV4GameText_FFH2.xml	TXT_KEY_SPELL_ADD_TO_FREAK_SHOW_ELF	Add Elf Cage to Freak Show	
Magister_CIV4GameText_FFH2.xml	TXT_KEY_SPELL_ADD_TO_FREAK_SHOW_DWARF	Add Dwarf Cage to Freak Show	
Magister_CIV4GameText_FFH2.xml	TXT_KEY_SPELL_ADD_TO_FREAK_SHOW_HUMAN	Add Human Cage to Freak Show	
Magister_CIV4GameText_FFH2.xml	TXT_KEY_SPELL_ADD_TO_FREAK_SHOW_ORC	Add Orc Cage to Freak Show	
Magister_CIV4GameText_FFH2.xml	TXT_KEY_SPELL_ADD_TO_FREAK_SHOW_FROSTLING	Add Frostling Cage to Freak Show	
Magister_CIV4GameText_FFH2.xml	TXT_KEY_SPELL_ADD_TO_FREAK_SHOW_LAMIA	Add Lamia Cage to Freak Show	
Magister_CIV4GameText_FFH2.xml	TXT_KEY_SPELL_ADD_TO_FREAK_SHOW_SATYR	Add Satyr Cage to Freak Show	
Magister_CIV4GameText_FFH2.xml	TXT_KEY_SPELL_ADD_TO_FREAK_SHOW_LIZARDMAN	Add Lizardman Cage to Freak Show	
Magister_CIV4GameText_FFH2.xml	TXT_KEY_SPELL_ADD_TO_FREAK_SHOW_CENTAUR	Add Centaur Cage to Freak Show	
Magister_CIV4GameText_FFH2.xml	TXT_KEY_SPELL_ADD_TO_FREAK_SHOW_WEREWOLF	Add Werewolf Cage to Freak Show	
Magister_CIV4GameText_FFH2.xml	TXT_KEY_SPELL_ADD_TO_FREAK_SHOW_MUSTEVAL	Add Musteval Cage to Freak Show	
Magister_CIV4GameText_FFH2.xml	TXT_KEY_SPELL_MOTHER_LODE_HELP	[ICON_BULLET]Increases the commerce yields of all Peaks within your cultural borders[NEWLINE][ICON_BULLET]Causes the discovery of Gold, Gems, Jewels, Mithril, Copper, Iron, Marble, or Gunpowder on most of these tiles[NEWLINE][ICON_BULLET]Connects these resources to your trade network with Roads, Mines, and Quarries[NEWLINE][ICON_BULLET]Grants 15 gold per mine you own	
Magister_CIV4GameText_FFH2.xml	TXT_KEY_SPELL_DROP_DRAGONS_HOARD	Drop Dragons Hoard	
Magister_CIV4GameText_FFH2.xml	TXT_KEY_SPELL_BOARD_PIRATE_SHIP	Board Pirate Ship	
Magister_CIV4GameText_FFH2.xml	TXT_KEY_SPELL_INITIATE_ESUS	Buy Aphotic Initiation	
Magister_CIV4GameText_FFH2.xml	TXT_KEY_SPELL_INITIATE_ESUS_HELP	[ICON_BULLET]Changes the caster's religion to [LINK=RELIGION_COUNCIL_OF_ESUS]Council of Esus[\\LINK]	
Magister_CIV4GameText_FFH2.xml	TXT_KEY_SPELL_EVANGELIZE_UNITS_HELP	[ICON_BULLET]Spreads the caster's [ICON_RELIGION] to the nearby units	
Magister_CIV4GameText_FFH2.xml	TXT_KEY_SPELL_BUY_INITIATION_HELP	[ICON_BULLET]Converts the caster to the [LINK=RELIGION_COUNCIL_OF_ESUS]Council of Esus[\\LINK] [ICON_RELIGION]	
Magister_CIV4GameText_FFH2.xml	TXT_KEY_SPELL_BUY_INITIATION_ANOINTED_HELP	[ICON_BULLET]Converts the caster to the [LINK=RELIGION_ANOINTED]Anointed[\\LINK] [ICON_RELIGION]	
Magister_CIV4GameText_FFH2.xml	TXT_KEY_SPELL_ILLUSION_PEDIA	[ICON_BULLET]Creates Illusionary decoys that appear to be duplicates of random nearby units	
Magister_CIV4GameText_FFH2.xml	TXT_KEY_SPELL_LEGENDS_HELP	[ICON_BULLET]Moves the [LINK=RELIGION_CULT_OF_THE_DRAGON]The Cult of the Dragon's[\\LINK] holy city to the caster's location[NEWLINE][ICON_BULLET]Spreads The Cult to all domestic and some random foreign cities[NEWLINE][ICON_BULLET]Ends revolts in your cities, and extends them in other cities effected[NEWLINE][ICON_BULLET]Spreads the caster's [ICON_CULTURE] in all cities where the Cult is present (based on the [ICON_CULTURE] in the city)[NEWLINE][ICON_BULLET]May hurry the [LINK=PROJECT_STIR_FROM_SLUMBER]Stir from Slumber[\\LINK] ritual[NEWLINE][ICON_BULLET]May not be cast in a Settlement[NEWLINE][ICON_BULLET]Unavailable when the game option to disable the Cult of the Dragon is selected	
Magister_CIV4GameText_FFH2.xml	TXT_KEY_SPELL_RIVER_OF_BLOOD_HELP	[ICON_BULLET]Reduces the population of all rival cities[NEWLINE][ICON_BULLET]Turns rival population into experience points for all of your [LINK=PROMOTION_VAMPIRE]Vampires[\\LINK] to share	
Magister_CIV4GameText_FFH2.xml	TXT_KEY_SPELL_FEAST_HELP	[ICON_BULLET]Reduces the population of the city and grants experience to the Vampire[NEWLINE][ICON_BULLET]Increases the caster's experience points by 2/3 of the city's population[NEWLINE][ICON_BULLET]May remove [LINK=RELIGION_THE_EMPYREAN]The Empyrean[\\LINK] from the city, or trigger the followers of Lugus to revolt	
Magister_CIV4GameText_FFH2.xml	TXT_KEY_SPELL_ADD_TO_CITY_HELP	[ICON_BULLET]Adds a population point to the city[NEWLINE][ICON_BULLET]Spreads the unit's [ICON_RELIGION] to the city[NEWLINE][ICON_BULLET]Turns the unit's experience points into [ICON_PRODUCTION] and [ICON_CULTURE]	
Magister_CIV4GameText_FFH2.xml	TXT_KEY_SPELL_UNYIELDING_ORDER_HELP	[ICON_BULLET]Ends [ICON_OCCUPATION] and prevents [ICON_UNHAPPY] so long as the caster remains in the city[NEWLINE][ICON_BULLET]Keeps the city safe from Revolts	
Magister_CIV4GameText_FFH2.xml	TXT_KEY_SPELL_REBUILD_BARNAXUS_HELP	[ICON_BULLET]Allows a player to rebuild [LINK=literal]Barnaxus[\\LINK] in a [LINK=literal]Luchuirp[\\LINK] city[NEWLINE][ICON_BULLET]Barnaxus will be controlled by the city's owner[NEWLINE][ICON_BULLET]Improves diplomacy with the owner	
Magister_CIV4GameText_FFH2.xml	TXT_KEY_SPELL_REBUILD_BARNAXUS_AURIC_HELP	[ICON_BULLET]Allows [LINK=literal]Auric Ulvin[\\LINK] to rebuild [LINK=literal]Barnaxus[\\LINK] and restore him to his role of building [LINK=literal]Ice Golem[\\LINK] s	
Magister_CIV4GameText_FFH2.xml	TXT_KEY_SPELL_INHALE_MULCARNS_LAST_BREATH	Inhale Mulcarn's Last Breath	
Magister_CIV4GameText_FFH2.xml	TXT_KEY_SPELL_INHALE_MULCARNS_LAST_BREATH_HELP	[ICON_BULLET]Allows Auric to hasten the [LINK=PROJECT_ASCENSION]Ascension[\\LINK] ritual	
Magister_CIV4GameText_FFH2.xml	TXT_KEY_SPELL_FREE_BRIGIT_HELP	[ICON_BULLET]Requires non-Evil Alignment[NEWLINE][ICON_BULLET]Grants control of the Archangel [LINK=literal]Brigit[\\LINK] [NEWLINE][ICON_BULLET]Destroys the [LINK=literal]Ring of Carcer[\\LINK] [NEWLINE][ICON_BULLET]Changes Alignment to Good	
Magister_CIV4GameText_FFH2.xml	TXT_KEY_SPELL_FREE_ODIO_HELP	[ICON_BULLET]Requires non-Good Alignment[NEWLINE][ICON_BULLET]Grants control of the [LINK=literal]Crazed[\\LINK] Archangel [LINK=literal]Odio[\\LINK] [NEWLINE][ICON_BULLET]Destroys [LINK=literal]Odio's Prison[\\LINK] [NEWLINE][ICON_BULLET]Changes Alignment to Evil	
Magister_CIV4GameText_FFH2.xml	TXT_KEY_SPELL_ASSUAGE_HELP	[ICON_BULLET]Removes the [LINK=PROMOTION_REBEL]Rebellious[\\LINK] promotion[NEWLINE][ICON_BULLET]Cures [LINK=PROMOTION_WEREWOLF]Lycanthropy[\\LINK], making a grateful ex-werewolf follow you instead of Duin. [NEWLINE][ICON_BULLET]Deals potentially lethal holy damage to the following rage-based demons: [LINK=UNIT_CHAOS_MARAUDER]Chaos Marauders[\\LINK], [LINK=UNIT_IRA]Iras[\\LINK], [LINK=UNIT_ODIO]Odio[\\LINK], and the [LINK=UNIT_WRATH]Avatar of Wrath[\\LINK]. 	
Magister_CIV4GameText_FFH2.xml	TXT_KEY_SPELL_DESTROY_NETHER_BLADE_HELP	[ICON_BULLET]Destroys the Nether Blade equipment and allows its victims to be [LINK=SPELL_RESURRECTION_GRAVEYARD]resurrected[\\LINK] as normal	
Magister_CIV4GameText_FFH2.xml	TXT_KEY_SPELL_DESTROY_ANGELORUM_CAVEA_HELP	[ICON_BULLET]Destroys the Angelorum Cavea and releases all of its victims back into Erebus as Infernal demons[NEWLINE][ICON_BULLET]Improves relations with the Infernals[NEWLINE][ICON_BULLET]Worsens diplomatic relations with Basium	
Magister_CIV4GameText_FFH2.xml	TXT_KEY_SPELL_CRAFT_ICE_GOLEM_HELP	[ICON_BULLET]Creates a Permanent [LINK=Literal]Ice Golem[\\LINK] [NEWLINE][ICON_BULLET]May only be used on Snow, Glacier, or Ice tiles[NEWLINE][ICON_BULLET]Ice Golems crafted on hell terrain start with the Stigmata promotion[NEWLINE][ICON_BULLET]The units do not get summon perks from their summoner, but Barnaxus can teach them the same as any other golem	
Magister_CIV4GameText_FFH2.xml	TXT_KEY_SPELL_UPGRADE	Upgrade	
Magister_CIV4GameText_FFH2.xml	TXT_KEY_SPELL_SEVER_SOUL_HELP	[ICON_BULLET][LINK=UNIT_SEVERED_SOUL]An Astral Body[\\LINK] may use the [LINK=SPELL_CALL_FORM]Call Form[\\LINK] ability to sacrifice itself in order to bring its summoner's physical body to its current location. [NEWLINE][ICON_BULLET]Each summoner can have only one of these at a time	
Magister_CIV4GameText_FFH2.xml	TXT_KEY_SPELL_DILIGENCE	Diligence	
Magister_CIV4GameText_FFH2.xml	TXT_KEY_SPELL_DILIGENCE_PEDIA	[TAB]The sphere of Earth does not pertain merely to its physical manifestations, the elements of rocks and dirt that make up the ground beneath us. Deep down, it is about valuing the virtues of honest labor and the benefits it allows us to reap. Those who exemplify this sphere are often considered too stuffy and conservative, but they prefer to think of themselves as well grounded. 	
Magister_CIV4GameText_FFH2.xml	TXT_KEY_SPELL_SUMMON_AUREALIS_HELP	[ICON_BULLET]This summon has [LINK=BONUS_MANA_SUN]Sun[\\LINK] [LINK=CONCEPT_AFFINITY]affinity[\\LINK] and is an excellent counter to enemy assassins	
Magister_CIV4GameText_FFH2.xml	TXT_KEY_SPELL_SUMMON_AIR_ELEMENTAL_HELP	[ICON_BULLET]This [LINK=PROMOTION_FLYING]Flying[\\LINK] summon has [LINK=BONUS_MANA_AIR]Air[\\LINK] [LINK=CONCEPT_AFFINITY]affinity[\\LINK] and will generate a [LINK=UNIT_LIGHTNING_ELEMENTAL]Lightning Elemental[\\LINK] whenever it defeats a living unit	
Magister_CIV4GameText_FFH2.xml	TXT_KEY_SPELL_SUMMON_UNIT_LIGHTNING_ELEMENTAL	Summon Lightning Elemental	
Magister_CIV4GameText_FFH2.xml	TXT_KEY_SPELL_SUMMON_UNIT_LIGHTNING_ELEMENTAL_HELP	[ICON_BULLET]This [LINK=PROMOTION_AIRBORNE]Airborne[\\LINK] summon has [LINK=PROMOTION_BLITZ]Blitz[\\LINK] so it can attack multiple times per turn, but its targets are out of your control	
Magister_CIV4GameText_FFH2.xml	TXT_KEY_SPELL_SUMMON_EINHERJAR_HELP	[ICON_BULLET]These [LINK=PROMOTION_ANGEL]Angels[\\LINK] have the [LINK=PROMOTION_GUARDSMAN]Guardsman[\\LINK] and [LINK=PROMOTION_VALOR]Valor[\\LINK] promotions, and gain another turn of duration for every battle they win	
Magister_CIV4GameText_FFH2.xml	TXT_KEY_SPELL_SUMMON_PIT_BEAST_HELP	[ICON_BULLET]These [LINK=PROMOTION_DEMON]Demons[\\LINK] have the [LINK=PROMOTION_CANNIBALIZE]Cannibal[\\LINK] and [LINK=PROMOTION_STIGMATA]Stigmata[\\LINK] promotions, and gain another turn of duration for every battle they win	
Magister_CIV4GameText_FFH2.xml	TXT_KEY_SPELL_TEMPERANCE_HELP	[ICON_BULLET]Grants living units 50% resistance to both Holy and Unholy damage	
Magister_CIV4GameText_FFH2.xml	TXT_KEY_SPELL_BOARD_PIRATE_SHIP_HELP	[ICON_BULLET]Loads the caster into a ship it would be able to board if not for [LINK=PROMOTION_HIDDEN_NATIONALITY]Hidden Nationality[\\LINK]	
Magister_CIV4GameText_FFH2.xml	TXT_KEY_SPELL_PIRATE_HN_HELP	[ICON_BULLET]Grants both the Pirate and its cargo [LINK=PROMOTION_HIDDEN_NATIONALITY]Hidden Nationality[\\LINK]	
Magister_CIV4GameText_FFH2.xml	TXT_KEY_SPELL_SACRIFICE_ARCHANGEL	Sacrifice Archangel	
Magister_CIV4GameText_FFH2.xml	TXT_KEY_SPELL_SACRIFICE_ARCHANGEL_HELP	[ICON_BULLET]Hastens [LINK=PROJECT_THE_DRAW]The Draw[\\LINK] ritual[NEWLINE][ICON_BULLET]In the Blood of the Angels scenario, this wins the game![NEWLINE][ICON_BULLET]Has the same requirements as [LINK=SPELL_FREE_BRIGIT]Free Brigit[\\LINK] or [LINK=SPELL_FREE_ODIO]Free Odio[\\LINK] except alignment restrictions[NEWLINE][ICON_BULLET]Removes the unique feature from the caster's tile	
Magister_CIV4GameText_FFH2.xml	TXT_KEY_SPELL_SEAL_WELL_HELP	[ICON_BULLET]Changes the mana on the tile to [LINK=BONUS_MANA_DEATH]Death[\\LINK] [NEWLINE][ICON_BULLET]Corrupts the land nearby	
Magister_CIV4GameText_FFH2.xml	TXT_KEY_SPELL_UNSEAL_WELL_HELP	[ICON_BULLET]Turns this and all adjacent tiles into [LINK=FEATURE_HALLOWED_GROUND]Hallowed Ground[\\LINK]	
Magister_CIV4GameText_FFH2.xml	TXT_KEY_SPELL_CAVE_TRIALS_HELP	[ICON_BULLET]Allows the caster to risk its life for the chance to gain a free promotion pick or arcane abilities. [NEWLINE][ICON_BULLET]Not available to units with [LINK=PROMOTION_CHANNELING4]Channeling IV[\\LINK][NEWLINE][ICON_BULLET]Units with [LINK=PROMOTION_CHANNELING3]Channeling III[\\LINK] may awaken the spirit of [LINK=PROMOTION_GASTRIUS]Gastrius[\\LINK], with whom they may bond to attain the rank of [LINK=PROMOTION_CASSWALLAWN]Casswallawn[\\LINK] and gain the [LINK=PROMOTION_CHANNELING4]Channeling IV[\\LINK]and [LINK=PROMOTION_AFFINITY_METAMAGIC]Metamagic Affinity[\\LINK] promotions	
Magister_CIV4GameText_FFH2.xml	TXT_KEY_SPELL_SIRONAS_TOUCH_HELP	[ICON_BULLET]Requires your team control [LINK=BUILDING_SHRINE_OF_SIRONA]The Shrine of Sirona[\\LINK] [NEWLINE][ICON_BULLET]Heals the unit by 15%	
Magister_CIV4GameText_FFH2.xml	TXT_KEY_SPELL_SIRONAS_TOUCH_PEDIA	This ability is only available if your team has the Shrine of Sirona wonder. It heals the unit it is used on and can only affect one unit per turn. 	
Magister_CIV4GameText_FFH2.xml	TXT_KEY_SPELL_CONVERT_FORT	Convert Fort	
Magister_CIV4GameText_FFH2.xml	TXT_KEY_SPELL_CONVERT_FORT_HELP	[ICON_BULLET]Allows the caster to take control of a teammate's Superfort	
Magister_CIV4GameText_FFH2.xml	TXT_KEY_SPELL_ROAR_HELP	[ICON_BULLET]Acts as a fear attack against the surrounding enemy units. [NEWLINE][ICON_BULLET]Allows the dragon to take control of adjacent enemy units and possibly even cities that have the Cult of the Dragon religion and are not loyal to another dragon. 	
Magister_CIV4GameText_FFH2.xml	TXT_KEY_SPELL_ASSUME_TRUE_FORM	Assume True Form	
Magister_CIV4GameText_FFH2.xml	TXT_KEY_SPELL_ASSUME_TRUE_FORM_PEDIA	When a [LINK=PROMOTION_CHANGELING]changeling[\\LINK] has [LINK=SPELL_SHAPE_SHIFT]Shape Shifted[\\LINK] into the form of a unit weaker than itself, it may use this ability to return to its true form and rid itself of harmful promotions. 	
Magister_CIV4GameText_FFH2.xml	TXT_KEY_SPELL_SHAPE_SHIFT	Shape Shift	
Magister_CIV4GameText_FFH2.xml	TXT_KEY_SPELL_SHAPE_SHIFT_HELP	[ICON_BULLET]Causes the Changeling to take on the form and abilities of a nearby unit[NEWLINE][ICON_BULLET]May only target living units, and not on Animals or Beasts[NEWLINE][ICON_BULLET]Valid targets include your rivals' national heroes, but not any religious heroes or any other unit that will abandon a player for having the wrong state religion or civic	
Magister_CIV4GameText_FFH2.xml	TXT_KEY_SPELL_PURGE_EVIL	Purge Self of Evil	
Magister_CIV4GameText_FFH2.xml	TXT_KEY_SPELL_PURGE_EVIL_PEDIA	[ICON_BULLET]Lowers the [LINK=CONCEPT_ARMAGEDDON_COUNTER]Armageddon Counter[\\LINK] [NEWLINE][ICON_BULLET]Removes any religion of promotion that could destine a unit for hell[NEWLINE][ICON_BULLET]Kills [LINK=PROMOTION_UNDEAD]Undead[\\LINK] units[NEWLINE][ICON_BULLET]Turns [LINK=PROMOTION_DEMON]Demons[\\LINK] into [LINK=PROMOTION_ANGEL]Angels[\\LINK] [NEWLINE][ICON_BULLET]Transforms top tier demons into [LINK=UNIT_REPENTANT_ANGEL]Repentant Angels[\\LINK], if that unitclass is not maxed out and the level requirement is met. 	
Magister_CIV4GameText_FFH2.xml	TXT_KEY_SPELL_TEMPERANCE_PEDIA	The Compact permits each of the Twenty-One to wield a degree of power over each mortal soul based on the degree that the soul is attached to that god's precept. In order to protect oneself from the malice of one fickle deity, it is common for a man to devote himself fully to that god's enemy. This is dangerous game to play, as leaves one a slave to an equally fallible power. To enjoy true freedom, it is necessary to find the golden mean and practice the virtues found halfway between two vices. 	
Magister_CIV4GameText_FFH2.xml	TXT_KEY_SPELL_RALLY_HELP	[ICON_BULLET]Creates a Demagog (with your state religion) in each of your cities and in each of your Town improvements[NEWLINE][ICON_BULLET]Forces the adoption of the Crusade civic[NEWLINE][ICON_BULLET]Ends periods of Anarchy	
Magister_CIV4GameText_FFH2.xml	TXT_KEY_SPELL_TAKE_TEAMMATE_EQUIPMENT	Take Teammate's Equipment (Units)	
Magister_CIV4GameText_FFH2.xml	TXT_KEY_SPELL_TAKE_RIVAL_EQUIPMENT	Take Rival's Equipment (Units)	
Magister_CIV4GameText_FFH2.xml	TXT_KEY_SPELL_CLOSE_GATE_GATE	Close Planar Gate	
Magister_CIV4GameText_FFH2.xml	TXT_KEY_SPELL_OPEN_GATE_GATE	Open Planar Gate	
Magister_CIV4GameText_FFH2.xml	TXT_KEY_SPELL_OPEN_GATE_GATE_HELP	[ICON_BULLET]May only be cast in cities with access to Dimensional Mana	
Magister_CIV4GameText_FFH2.xml	TXT_KEY_SPELL_SACRIFICE_HELP	[ICON_BULLET]Sacrifices the unit to gain research[NEWLINE][ICON_BULLET]If another player casts this on a Demon's Altar in an Infernal city, the caster returns as a Mane under that Demon Lord's control and relations between the two players improve	
Magister_CIV4GameText_FFH2.xml	TXT_KEY_SPELL_ADD_TO_FLESH_GOLEM_HELP	[ICON_BULLET]Heals the Flesh Golem by 20%[NEWLINE][ICON_BULLET]Adds the unit's promotions to a Flesh Golem[NEWLINE][ICON_BULLET]Increases the Flesh Golems strengths (offense and defense) by 1 or sets them equal to the caster's, whichever is higher	
Magister_CIV4GameText_FFH2.xml	TXT_KEY_SPELL_POSSESS_WIGHT_HELP	[ICON_BULLET]Combines the Dybukk and a Ghoul to form one Wight[NEWLINE][ICON_BULLET]The Wight keeps all the promotions from both the Ghul and Dybukk and its strength is the sum of theirs	
Magister_CIV4GameText_FFH2.xml	TXT_KEY_SPELL_SANCTUARY_HELP	[NEWLINE][ICON_BULLET]Ejects all rival units from your lands	
Magister_CIV4GameText_FFH2.xml	TXT_KEY_SPELL_TEACH_GOLEMS	Teach Golems	
Magister_CIV4GameText_FFH2.xml	TXT_KEY_SPELL_PASSIVE_EFFECT_HELP	[ICON_BULLET]This is an automatic effect, not a spell	
Magister_CIV4GameText_FFH2.xml	TXT_KEY_SPELL_SNOWFALL_HELP	[ICON_BULLET]Changes surrounding tiles to ice temporarily[NEWLINE][ICON_BULLET]Extinguishes Flames and Smoke	
Magister_CIV4GameText_FFH2.xml	TXT_KEY_SPELL_HELP_BLOCKED_BY_RESOLUTION	[COLOR_RED][NEWLINE][ICON_BULLET]The Overcouncil forbids this[COLOR_REVERT]	
Magister_CIV4GameText_FFH2.xml	TXT_KEY_SPELL_HELP_BLOCKED_BY_RESOLUTION_NON_MEMBER	[COLOR_YELLOW][NEWLINE][ICON_BULLET]The Overcouncil would forbid this[COLOR_REVERT]	
Magister_CIV4GameText_FFH2.xml	TXT_KEY_SPELL_HELP_BLOCKABLE_BY_RESOLUTION	[NEWLINE][ICON_BULLET]The Overcouncil can forbid this	
Magister_CIV4GameText_FFH2.xml	TXT_KEY_SPELL_HELP_BLOCKED_BY_RESOLUTION_UNDER	[COLOR_RED][NEWLINE][ICON_BULLET]The Undercouncil forbids this[COLOR_REVERT]	
Magister_CIV4GameText_FFH2.xml	TXT_KEY_SPELL_HELP_BLOCKED_BY_RESOLUTION_NON_MEMBER_UNDER	[COLOR_YELLOW][NEWLINE][ICON_BULLET]The Undercouncil would forbid this[COLOR_REVERT]	
Magister_CIV4GameText_FFH2.xml	TXT_KEY_SPELL_HELP_BLOCKABLE_BY_RESOLUTION_UNDER	[NEWLINE][ICON_BULLET]The Undercouncil can forbid this	
Magister_CIV4GameText_FFH2.xml	TXT_KEY_SPELL_PEACE_HELP	[ICON_BULLET]Forces peace between the player and all other civilizations	
Magister_CIV4GameText_FFH2.xml	TXT_KEY_SPELL_REDUCE_AC	[NEWLINE][ICON_BULLET]Reduced the Armageddon Counter by %d1	
Magister_CIV4GameText_FFH2.xml	TXT_KEY_SPELL_HELP_VICTORY	[NEWLINE][ICON_BULLET]This is enough for us to win the game!	
Magister_CIV4GameText_FFH2.xml	TXT_KEY_SPELL_HELP_RUSH_SOMETHING_IN_CITY	[NEWLINE][ICON_BULLET]Rushes the production of %s1 in %s2	
Magister_CIV4GameText_FFH2.xml	TXT_KEY_SPELL_HELP_HEAL_SPECIFIC_UNIT	[NEWLINE][ICON_BULLET]Heals %s1 of %d2 damage	
Magister_CIV4GameText_FFH2.xml	TXT_KEY_SPELL_HELP_SPECIFIC_UNIT_SET_ATTACK_FALSE	[NEWLINE][ICON_BULLET]Lets %s1 attack again this turn	
Magister_CIV4GameText_FFH2.xml	TXT_KEY_SPELL_HELP_RESTORE_UNITS_MOVEMENT	[NEWLINE][ICON_BULLET]Restores %s1's movement points	
Magister_CIV4GameText_FFH2.xml	TXT_KEY_SPELL_HELP_TAINTS_NEARBY	[NEWLINE][ICON_BULLET]Transforms the area to hell terrain	
Magister_CIV4GameText_FFH2.xml	TXT_KEY_SPELL_HELP_RESTORE_CASTING	[NEWLINE][ICON_BULLET]Lets %s1 cast another spell this turn	
Magister_CIV4GameText_FFH2.xml	TXT_KEY_SPELL_SUMMON_SAND_LION_HELP	[ICON_BULLET]May only be cast in [LINK=TERRAIN_DESERT]Deserts[\\LINK] [NEWLINE][ICON_BULLET]Each summoner can have only one of these at a time	
Magister_CIV4GameText_FFH2.xml	TXT_KEY_SPELL_SUMMON_ONE_PER_CASTER_HELP	[ICON_BULLET]Each summoner can have only one of these at a time	
Magister_CIV4GameText_FFH2.xml	TXT_KEY_SPELL_OPEN_PORTAL	Open Portal	
Magister_CIV4GameText_FFH2.xml	TXT_KEY_SPELL_SUMMON_SPIDERKIN	Summon Spiderkin	
Magister_CIV4GameText_FFH2.xml	TXT_KEY_SPELL_SUMMON_GRIFFON	Summon Griffon	
Magister_CIV4GameText_FFH2.xml	TXT_KEY_SPELL_SUMMON_COLUBRA	Summon Colubra	
Magister_CIV4GameText_FFH2.xml	TXT_KEY_SPELL_SUMMON_MANTICORE	Summon Manticore	
Magister_CIV4GameText_FFH2.xml	TXT_KEY_SPELL_WONDER_HELP	[ICON_BULLET]Causes random effects. 	
Magister_CIV4GameText_FFH2.xml	TXT_KEY_SPELL_CREATE_MUSHROOMS	Discover Mushrooms	
Magister_CIV4GameText_FFH2.xml	TXT_KEY_SPELL_CREATE_PENGUINS	Discover Penguins	
Magister_CIV4GameText_FFH2.xml	TXT_KEY_SPELL_CREATE_MANA	Discover Random Mana	
Magister_CIV4GameText_FFH2.xml	TXT_KEY_SPELL_HELP_MERCENARY_UNIT_TYPE_FOR_COST	[NEWLINE][ICON_BULLET]May hire a %s1 for %d2 gold	
Magister_CIV4GameText_FFH2.xml	TXT_KEY_SPELL_HELP_MERCENARY_UNIT_TYPE	[NEWLINE][ICON_BULLET]May hire a %s1	
Magister_CIV4GameText_FFH2.xml	TXT_KEY_SPELL_HELP_NULLSTONE_RAZE	[NEWLINE][ICON_BULLET]No one may use magic near %s1 except its owner's team[NEWLINE][ICON_BULLET]Destroy %s2 to regain your casting ability this turn, or leave the area and wait	
Magister_CIV4GameText_FFH2.xml	TXT_KEY_SPELL_BLOCKED_BY_NULLSTONE	Blocked by Nullstone	
Magister_CIV4GameText_FFH2.xml	TXT_KEY_SPELL_HELP_NULLSTONE_GOLEM	[NEWLINE][ICON_BULLET]No one may use magic near %s1 except its owner's team	
Magister_CIV4GameText_FFH2.xml	TXT_KEY_SPELL_BLOCKED_BY_NULLSTONE_GOLEM	Blocked by A Nullstone Golem	
Magister_CIV4GameText_FFH2.xml	TXT_KEY_SPELL_RETROFIT_GOLEM	Retrofit Golem	
Magister_CIV4GameText_FFH2.xml	TXT_KEY_SPELL_RETROFIT_GOLEM_HELP	[ICON_BULLET]Grants an older golem the abilities which this city's special buildings would grant to one newly constructed here	
Magister_CIV4GameText_FFH2.xml	TXT_KEY_SPELL_EQUIIP_GOLEM_HELP	[ICON_BULLET]Grants older golems the abilities which the nearest city's special buildings would grant to those newly constructed there	
Magister_CIV4GameText_FFH2.xml	TXT_KEY_SPELL_HELP_REVELATION_DAMAGE_VAMPIRES	[COLOR_RED][NEWLINE][ICON_BULLET]Harms Vampires with Holy Damage[COLOR_REVERT]	
Magister_CIV4GameText_FFH2.xml	TXT_KEY_SPELL_HELP_REVELATION_FORCE_ASSUME_TRUE_FORM	[COLOR_RED][NEWLINE][ICON_BULLET]Forces Changelings back to their true forms[COLOR_REVERT]	
Magister_CIV4GameText_FFH2.xml	TXT_KEY_SPELL_HELP_REVELATION_KILL_ILLUSIONS	[COLOR_RED][NEWLINE][ICON_BULLET]Kills Illusions and Dark Reflections[COLOR_REVERT]	
Magister_CIV4GameText_FFH2.xml	TXT_KEY_SPELL_HELP_NOT_IN_HOSTILE_TERRITORY	[NEWLINE][ICON_BULLET]Cannot be used in hostile territory	
Magister_CIV4GameText_FFH2.xml	TXT_KEY_SPELL_HELP_NOT_IN_HOSTILE_TERRITORY	[NEWLINE][ICON_BULLET]Cannot be used in hostile territory	
Magister_CIV4GameText_FFH2.xml	TXT_KEY_SPELL_HELP_REQUIRES_STATE_RELIGION	[NEWLINE][ICON_BULLET]Requires %s1 to be your State Religion	
Magister_CIV4GameText_FFH2.xml	TXT_KEY_SPELL_MEZMERIZE_MERCENARY	Mesmerize Mercenary	
Magister_CIV4GameText_FFH2.xml	TXT_KEY_SPELL_BRIBE_MERCENARY	Bribe Mercenary	
Magister_CIV4GameText_FFH2.xml	TXT_KEY_SPELL_PAYS	[ICON_BULLET]Pays %d1 gold	
Magister_CIV4GameText_FFH2.xml	TXT_KEY_SPELL_BLOCKED_BY_SMUGGLERS_PORT	Blockade Circumvented by Smugglers	
Magister_CIV4GameText_FFH2.xml	TXT_KEY_SPELL_HELP_SMUGGLERS_PORT	[NEWLINE][ICON_BULLET]The Smuggler's Port in %s1 makes blockades ineffective here	
Magister_CIV4GameText_FFH2.xml	TXT_KEY_SPELL_MEZMERIZE_WEREWOLF	Dominate Werewolf	
Magister_CIV4GameText_FFH2.xml	TXT_KEY_SPELL_CONVERT_SPECIFIC	[ICON_BULLET]Converts %s1 to the casters empire	
Magister_CIV4GameText_FFH2.xml	TXT_KEY_SPELL_REVOLT_IN_SPECIFIC_CITY	[ICON_BULLET]May cause %s1 to revolt or join your empire	
Magister_CIV4GameText_FFH2.xml	TXT_KEY_SPELL_HELP_KILL_CASTER	[NEWLINE][ICON_BULLET]Kills %s1	
Magister_CIV4GameText_FFH2.xml	TXT_KEY_SPELL_HELP_MAY_KILL	[NEWLINE][ICON_BULLET]May kill %s1	
Magister_CIV4GameText_FFH2.xml	TXT_KEY_SPELL_HELP_MAY_KILL_TARGETS	[NEWLINE][ICON_BULLET]May kill these %d1 units: %s2	
Magister_CIV4GameText_FFH2.xml	TXT_KEY_SPELL_DEACTIVATE_CRUCIBLE	Deactivate The Crucible	
Magister_CIV4GameText_FFH2.xml	TXT_KEY_SPELL_ACTIVATE_CRUCIBLE	Activate The Crucible	
Magister_CIV4GameText_FFH2.xml	TXT_KEY_SPELL_DISRUPT_HELP	[ICON_BULLET]Causes [ICON_UNHAPPY] unhappiness in the city[NEWLINE][ICON_BULLET]Increases the Revolution Index in the city[NEWLINE][ICON_BULLET]Decreases the [ICON_CULTURE] culture of the city[NEWLINE][ICON_BULLET]May grant the caster some free xp[NEWLINE][ICON_BULLET]May cause the city to revolt, if [LINK=RELIGION_SONS_OF_DISCORD]the Sons of Discord[\\LINK] is the caster's owner's State Religion[NEWLINE][ICON_BULLET]A revolting city may flip ownership if its owner has no remaining culture and no defenders that are stronger than the caster. [NEWLINE][ICON_BULLET]The city may flip to the caster's owner if the players are at war, or to the Barbarian State if the caster is Hidden Nationality. [NEWLINE][ICON_BULLET]The caster may be injured while flipping cities[NEWLINE][ICON_BULLET]Flipping a city to your control causes serious diplomatic penalties with the prior owner	
Magister_CIV4GameText_FFH2.xml	TXT_KEY_SPELL_PARANOIA_HELP	[ICON_BULLET]Causes neutral and enemy units nearby to become [LINK=PROMOTION_ENRAGED]Enraged[\\LINK] and [LINK=PROMOTION_HIDDEN_NATIONALITY]Hidden Nationality[\\LINK] [NEWLINE][ICON_BULLET]Causes diplomatic penalties between the owners of effected units. 	
Magister_CIV4GameText_FFH2.xml	TXT_KEY_SPELL_PARANOIA_DIPLOMACY_HELP	[NEWLINE][ICON_BULLET]Causes diplomatic penalties between these %d1 players: %s2	
Magister_CIV4GameText_FFH2.xml	TXT_KEY_SPELL_EMBEZZLE	Embezzle	
Magister_CIV4GameText_FFH2.xml	TXT_KEY_SPELL_EMBEZZLE_HELP	[ICON_BULLET]Siphons [ICON_COMMERCE] funds from the target city into your [ICON_GOLD] coffers[NEWLINE][ICON_BULLET]May grant the caster some free xp[NEWLINE][ICON_BULLET]More effective in a city with a [LINK=BUILDING_GAMBLING_HOUSE]Gambling House[\\LINK], [LINK=BUILDING_SMUGGLERS_PORT]Smugglers' Port[\\LINK], or [LINK=BUILDING_APHOTIC_THRONE_HOSTILE]Aphotic Throne (Hostile)[\\LINK]	
Magister_CIV4GameText_FFH2.xml	TXT_KEY_SPELL_ENLIGHTEN_UNITS_HELP	[ICON_BULLET]Cannot use with any State Religion[NEWLINE][ICON_BULLET]Spreads The Children of the One religion to nearby units[NEWLINE][ICON_BULLET]Disbands any priests converted from other religions[NEWLINE][ICON_BULLET]Targets whose owners have a state religion may become disloyal or defect to your control	
Magister_CIV4GameText_FFH2.xml	TXT_KEY_SPELL_VITALIZE_AREA_HELP	[ICON_BULLET]Upgrades the terrain of tiles nearby	
Magister_CIV4GameText_FFH2.xml	TXT_KEY_SPELL_BLOOM_HELP	[ICON_BULLET]Upgrades [LINK=FEATURE_FOREST_NEW]New Forests[\\LINK] to a [LINK=FEATURE_FOREST]Forests[\\LINK] when the caster is level 5+[NEWLINE][ICON_BULLET]Upgrades [LINK=FEATURE_FOREST]Forests[\\LINK] to a [LINK=FEATURE_FOREST_ANCIENT]Ancient Forests[\\LINK] when the caster is level 7+	
Magister_CIV4GameText_FFH2.xml	TXT_KEY_SPELL_OASIS	Create Oasis	
Magister_CIV4GameText_FFH2.xml	TXT_KEY_SPELL_OASIS_HELP	[ICON_BULLET]Requres a flat [LINK=TERRAIN_DESERT]Desert[\\LINK] without water access	
Magister_CIV4GameText_FFH2.xml	TXT_KEY_SPELL_SUMMON_SUCCUBUS	Summon Succubus	
Magister_CIV4GameText_FFH2.xml	TXT_KEY_SPELL_SUMMON_BALOR_LESSER	Summon Balor (Lesser)	
Magister_CIV4GameText_FFH2.xml	TXT_KEY_SPELL_SUMMON_SALAMANDER	Summon Salamander	
Magister_CIV4GameText_FFH2.xml	TXT_KEY_SPELL_BANISH	Banish	
Magister_CIV4GameText_FFH2.xml	TXT_KEY_SPELL_BANISH_UNSUMMON	[NEWLINE][ICON_BULLET]May banish extra-dimensional summons from this plane:	
Magister_CIV4GameText_FFH2.xml	TXT_KEY_SPELL_BANISH_BIND	[NEWLINE][ICON_BULLET]May send demons (and back to hell and bind them there:	
Magister_CIV4GameText_FFH2.xml	TXT_KEY_SPELL_BANISH_HELP	[NEWLINE][ICON_BULLET]Banishes hostile Angels, Demons, Elementals, or Undead from your territory[NEWLINE][ICON_BULLET]Adds Bound By Compact, preventing Banished units from leaving hell terrain.[NEWLINE][ICON_BULLET]With the Divine 2 promotion this can also banish non-neutral living units[NEWLINE][ICON_BULLET]Never effects any unit in its owner;s territory	
Magister_CIV4GameText_FFH2.xml	TXT_KEY_SPELL_BEAST_FEAST	Devour Populace	
Magister_CIV4GameText_FFH2.xml	TXT_KEY_SPELL_BEAST_FEAST_HELP	[ICON_BULLET]Sacrifice citizens to feed the Beast of Agares, to extend the summon's duration, heal it, and allow it to attack again. 	
Magister_CIV4GameText_FFH2.xml	TXT_KEY_SPELL_HELP_CHANGE_DURATION_SPECIFIC_UNIT	[NEWLINE][ICON_BULLET]Gives %s1 a duration of %d2 turns	
Magister_CIV4GameText_FFH2.xml	TXT_KEY_SPELL_TREETOP_DEFENCE_HELP	[ICON_BULLET]Fortifies all your units[NEWLINE][ICON_BULLET]Can only be cast in [LINK=FEATURE_FOREST]Forests[\\LINK], [LINK=FEATURE_FOREST_ANCIENT]Ancient Forests[\\LINK], [LINK=FEATURE_FOREST_BURNT]Burnt Forests[\\LINK], [LINK=FEATURE_FOREST_NEW]New Forests[\\LINK], or [LINK=FEATURE_JUNGLE]Jungles[\\LINK]	
Magister_CIV4GameText_FFH2.xml	TXT_KEY_SPELL_TAKE_DEASIL_CHARM	Take Deasil Charm	
Magister_CIV4GameText_FFH2.xml	TXT_KEY_SPELL_AWAKEN_MAGIC	Awaken Magic	
Magister_CIV4GameText_FFH2.xml	TXT_KEY_SPELL_PURGE_MAGIC	Purge Magic	
Magister_CIV4GameText_FFH2.xml	TXT_KEY_SPELL_FEED_ON_SPAWN	%s1 devours the soul of %s2	
Magister_CIV4GameText_FFH2.xml	TXT_KEY_SPELL_BROOD_GUARD_PEDIA	Aristocrats in many lands say "Noblesse oblige. " They believe they must at least appear virtuous, in order to inspire hope and loyalty among the commoners. The Calabim deride such delusions. The Grand Broods know that the victims of the worst abuse are often the most loyal. With methods both magic and mundane, the Brood Guards turn broken souls into fanatics. Calabim thralls fear nothing more than their masters, and would more gladly slit their own throats or wrestle a dragon than risk a Vampire's slightest displeasure. Some learn to enjoy submission. Many tolerate it for the chances it offers to dominate others. A few cling to ambitions of rising in the ranks, perhaps even to becoming a Vampire Lord. Some believe that existence is nothing but suffering, that the heavens are no better than the hells, and that the only escape for an immortal soul is the nirvana of a vampire's kiss. Others believe there is no such thing as a spirit, but that a consciousness can endure indefinitely if it is consumed by and merges with the mind of a Vampire. Most have toyed with several excuses in the past but have ceased trying to rationalize their attachment to the status quo. After a lifetime learning helplessness, they lack the strength of will necessary to imagine things getting better, even if they also cannot fathom them being any worse. The Broods do not care what tales the human cattle tell themselves, so long as they follow orders without question and are quick to present themselves as snacks. 	
Magister_CIV4GameText_FFH2.xml	TXT_KEY_SPELL_BLOOD_BOND	Blood Bond	
Magister_CIV4GameText_FFH2.xml	TXT_KEY_SPELL_BLOOD_BOND_STRATEGY	[ICON_BULLET]Turns living units (excluding World and National units) that are not Vampires (or Thralls of another Vampire) into Thralls of the caster. [NEWLINE][ICON_BULLET]Thralls remain just as Loyal (or Rebellious) as their Master. [NEWLINE][ICON_BULLET]When a Thrall or Spawn dies, its Master or Sire automatically[LINK=SPELL_FEED]feeds[\\LINK] on its soul. [NEWLINE][ICON_BULLET]If a Thrall casts Feed on a tile with multiple Vampires, it will be fed only to its Master rather than any other Vampire that might be more injured. It will accept [LINK=SPELL_GIFT_VAMPIRISM]the Gift of Vampirism[\\LINK] from its Master rather than any other potential Sire on the same tile. 	
Magister_CIV4GameText_FFH2.xml	TXT_KEY_SPELL_BLOOD_BOND_ENTHRALL_UNITS	[NEWLINE][ICON_BULLET]%s1 enthralls these %d2 units: %s3	
Magister_CIV4GameText_FFH2.xml	TXT_KEY_SPELL_DESTROY_UNDEAD_LESSER	Destroy Undead (Lesser)	
Magister_CIV4GameText_FFH2.xml	TXT_KEY_SPELL_DESTROY_UNDEAD_HELP	[ICON_BULLET]Deals 25% to 95% holy damage to all Undead on this or any adjacent tile	
Magister_CIV4GameText_FFH2.xml	TXT_KEY_SPELL_DESTROY_UNDEAD_GREATER_HELP	[ICON_BULLET]Deals 50% to 100% holy damage to all Undead within a 2 tile radius (possibly destroying them outright)	
Magister_CIV4GameText_FFH2.xml	TXT_KEY_SPELL_DESPAIR	Despair	
Magister_CIV4GameText_FFH2.xml	TXT_KEY_SPELL_DESPAIR_PEDIA	[TAB]We gazed at the ruins of our city, and around it the slaughtered herds and salted fields. The crows circled overhead eagerly, and their stench of the scavengers feast reached insidiously into our noses. [PARAGRAPH:1]"Well, boys," the commander said at last, "things will never get better. We might as well kill ourselves now. "	
Magister_CIV4GameText_FFH2.xml	TXT_KEY_SPELL_SPRING_GREATER_HELP	[ICON_BULLET]May create an Oasis on a Desert tile not close to another water source. Otherwise turns the Desert tile into a Plains tile and puts out fires on all surrounding tiles	
Magister_CIV4GameText_FFH2.xml	TXT_KEY_SPELL_ESCAPE_HELP	[ICON_BULLET]Teleports the unit to the closest team city[NEWLINE][ICON_BULLET]If the caster is in a team city, it leaves it for the next closest team city	
Magister_CIV4GameText_FFH2.xml	TXT_KEY_SPELL_DILIGENCE_LESSER	Diligence (Lesser)	
Magister_CIV4GameText_FFH2.xml	TXT_KEY_SPELL_HALLOW_GRAVEYARD_HELP	[ICON_BULLET]Transforms [LINK=IMPROVEMENT_BARROW]Barrows[\\LINK], [LINK=IMPROVEMENT_RUINS]Ruins[\\LINK], [LINK=IMPROVEMENT_CITY_RUINS]City Ruins[\\LINK], or [LINK=IMPROVEMENT_DUNGEON]Dungeons[\\LINK] into [LINK=IMPROVEMENT_GRAVEYARD]Graveyards[\\LINK][NEWLINE][ICON_BULLET]Adds [LINK=FEATURE_HALLOWED_GROUND]Hallowed Ground[\\LINK] to Graveyards (temporarily)[NEWLINE][ICON_BULLET]Extends the duration of any Sluaghs in the Graveyard, so they may be resurrected later[NEWLINE][ICON_BULLET]Hallowed Ground prevents Undeath spells from being cast here, is impassible to most Demons and the Undead, and blocks the spread of Hell terrain. It is removed by the [LINK=SPELL_ROB_GRAVE]Grave Robbing[\\LINK][NEWLINE][ICON_BULLET]Tomb Wardens casting this spell gain a free promotion pick for every Sluagh on the graveyard. 	
Magister_CIV4GameText_FFH2.xml	TXT_KEY_SPELL_HALLOW_GRAVEYARD	Hallow Grave	
Magister_CIV4GameText_FFH2.xml	TXT_KEY_SPELL_SUMMON_AIR_ELEMENTAL_LESSER	Summon Air Elemental (Lesser)	
Magister_CIV4GameText_FFH2.xml	TXT_KEY_SPELL_MAELSTROM_LESSER	Maelstrom (Lesser)	
Magister_CIV4GameText_FFH2.xml	TXT_KEY_SPELL_FAIR_WINDS_LESSER	Fair Winds (Lesser)	
Magister_CIV4GameText_FFH2.xml	TXT_KEY_SPELL_GRAFT_FLESH_LESSER	Graft Flesh (Lesser)	
Magister_CIV4GameText_FFH2.xml	TXT_KEY_SPELL_PROVOKE	Provocation	
Magister_CIV4GameText_FFH2.xml	TXT_KEY_SPELL_REGENERATION_LESSER	Regeneration (Lesser)	
Magister_CIV4GameText_FFH2.xml	TXT_KEY_SPELL_HASTE_LESSER	Haste (Lesser)	
Magister_CIV4GameText_FFH2.xml	TXT_KEY_SPELL_WONDER_LESSER	Wonder (Lesser)	
Magister_CIV4GameText_FFH2.xml	TXT_KEY_SPELL_SUMMON_CHAOS_MARAUDER_LESSER	Summon Chaos Marauder (Lesser)	
Magister_CIV4GameText_FFH2.xml	TXT_KEY_SPELL_DANCE_OF_BLADES_LESSER	Dance of Blades (Lesser)	
Magister_CIV4GameText_FFH2.xml	TXT_KEY_SPELL_SUMMON_WRAITH_LESSER	Summon Wraith (Lesser)	
Magister_CIV4GameText_FFH2.xml	TXT_KEY_SPELL_SUMMON_SPECTRE_LESSER	Summon Spectre (Lesser)	
Magister_CIV4GameText_FFH2.xml	TXT_KEY_SPELL_RAISE_SKELETON_LESSER	Summon Skeleton (Lesser)	
Magister_CIV4GameText_FFH2.xml	TXT_KEY_SPELL_DOOR_OF_ETHER_LESSER	Door of Ether (Lesser)	
Magister_CIV4GameText_FFH2.xml	TXT_KEY_SPELL_ASTRAL_PROJECTION_FACILITATED	Astral Projection (Facilitated)	
Magister_CIV4GameText_FFH2.xml	TXT_KEY_SPELL_ASTRAL_PROJECTION	Astral Projection	
Magister_CIV4GameText_FFH2.xml	TXT_KEY_SPELL_ESCAPE_LESSER	Escape (Lesser)	
Magister_CIV4GameText_FFH2.xml	TXT_KEY_SPELL_ESCAPE_FACILITATED	Escape (Facilitated)	
Magister_CIV4GameText_FFH2.xml	TXT_KEY_SPELL_SUMMON_EARTH_ELEMENTAL_LESSER	Summon Earth Elemental (Lesser)	
Magister_CIV4GameText_FFH2.xml	TXT_KEY_SPELL_STONESKIN_LESSER	Stoneskin (Lesser)	
Magister_CIV4GameText_FFH2.xml	TXT_KEY_SPELL_ENCHANTED_BLADE_LESSER	Enchant Blade (Lesser)	
Magister_CIV4GameText_FFH2.xml	TXT_KEY_SPELL_WITHER_LESSER	Wither (Lesser)	
Magister_CIV4GameText_FFH2.xml	TXT_KEY_SPELL_SUMMON_PIT_BEAST_LESSER	Summon Pit Beast (Lesser)	
Magister_CIV4GameText_FFH2.xml	TXT_KEY_SPELL_RUST_LESSER	Rust (Lesser)	
Magister_CIV4GameText_FFH2.xml	TXT_KEY_SPELL_SUMMON_FIRE_ELEMENTAL_LESSER	Summon Fire Elemental (Lesser)	
Magister_CIV4GameText_FFH2.xml	TXT_KEY_SPELL_FIREBALL_LESSER	Fireball (Lesser)	
Magister_CIV4GameText_FFH2.xml	TXT_KEY_SPELL_BLAZE_LESSER	Blaze (Lesser)	
Magister_CIV4GameText_FFH2.xml	TXT_KEY_SPELL_SUMMON_RUNEWYN_LESSER	Summon Runewyn (Lesser)	
Magister_CIV4GameText_FFH2.xml	TXT_KEY_SPELL_TEMPERANCE_LESSER	Temperance (Lesser)	
Magister_CIV4GameText_FFH2.xml	TXT_KEY_SPELL_SUMMON_ICE_ELEMENTAL_LESSER	Summon Ice Elemental (Lesser)	
Magister_CIV4GameText_FFH2.xml	TXT_KEY_SPELL_SLOW_LESSER	Slow (Lesser)	
Magister_CIV4GameText_FFH2.xml	TXT_KEY_SPELL_SNOWFALL_LESSER	Snowfall (Lesser)	
Magister_CIV4GameText_FFH2.xml	TXT_KEY_SPELL_UNYIELDING_ORDER_LESSER	Unyielding Order (Lesser)	
Magister_CIV4GameText_FFH2.xml	TXT_KEY_SPELL_SUMMON_EINHERJAR_LESSER	Summon Host of the Einherjar (Lesser)	
Magister_CIV4GameText_FFH2.xml	TXT_KEY_SPELL_LOYALTY_LESSER	Loyalty (Lesser)	
Magister_CIV4GameText_FFH2.xml	TXT_KEY_SPELL_SANCTIFY_LESSER	Sanctify (Lesser)	
Magister_CIV4GameText_FFH2.xml	TXT_KEY_SPELL_SUMMON_DJINN_LESSER	Summon Djinn (Lesser)	
Magister_CIV4GameText_FFH2.xml	TXT_KEY_SPELL_DISPEL_MAGIC_LESSER	Dispel Magic (Lesser)	
Magister_CIV4GameText_FFH2.xml	TXT_KEY_SPELL_DISPEL_MAGIC_HELP	[ICON_BULLET]Reverts mana nodes to raw mana nodes within your borders	
Magister_CIV4GameText_FFH2.xml	TXT_KEY_SPELL_DISPEL_MAGIC_GREATER_HELP	[ICON_BULLET]Reverts mana nodes to raw mana nodes, even outside your borders	
Magister_CIV4GameText_FFH2.xml	TXT_KEY_SPELL_FLOATING_EYE_LESSER	Floating Eye (Lesser)	
Magister_CIV4GameText_FFH2.xml	TXT_KEY_SPELL_DOMINATION_LESSER	Domination (Lesser)	
Magister_CIV4GameText_FFH2.xml	TXT_KEY_SPELL_CHARM_PERSON_LESSER	Charm Person (Lesser)	
Magister_CIV4GameText_FFH2.xml	TXT_KEY_SPELL_INSPIRATION_LESSER	Inspiration (Lesser)	
Magister_CIV4GameText_FFH2.xml	TXT_KEY_SPELL_SUMMON_GUARDIAN_VINES_LESSER	Summon (Greater) Guardian Vines	
Magister_CIV4GameText_FFH2.xml	TXT_KEY_SPELL_BLOOM_LESSER	Bloom (Lesser)	
Magister_CIV4GameText_FFH2.xml	TXT_KEY_SPELL_MASK_LESSER	Mask (Lesser)	
Magister_CIV4GameText_FFH2.xml	TXT_KEY_SPELL_MASK_FACILITATED	Mask (Facilitated)	
Magister_CIV4GameText_FFH2.xml	TXT_KEY_SPELL_SUMMON_MISTFORM_LESSER	Summon Mistform (Lesser)	
Magister_CIV4GameText_FFH2.xml	TXT_KEY_SPELL_SHADOWWALK_LESSER	Shadowwalk (Lesser)	
Magister_CIV4GameText_FFH2.xml	TXT_KEY_SPELL_BLUR_LESSER	Blur (Lesser)	
Magister_CIV4GameText_FFH2.xml	TXT_KEY_SPELL_ASSUAGE_LESSER	Assuage (Lesser)	
Magister_CIV4GameText_FFH2.xml	TXT_KEY_SPELL_HOPE_LESSER	Hope (Lesser)	
Magister_CIV4GameText_FFH2.xml	TXT_KEY_SPELL_COURAGE_LESSER	Courage (Lesser)	
Magister_CIV4GameText_FFH2.xml	TXT_KEY_SPELL_SUMMON_AUREALIS_LESSER	Summon Aurealis (Lesser)	
Magister_CIV4GameText_FFH2.xml	TXT_KEY_SPELL_BLINDING_LIGHT_LESSER	Blinding Light (Lesser)	
Magister_CIV4GameText_FFH2.xml	TXT_KEY_SPELL_SCORCH_LESSER	Scorch (Lesser)	
Magister_CIV4GameText_FFH2.xml	TXT_KEY_SPELL_SUMMON_WATER_ELEMENTAL_LESSER	Summon Water Elemental (Lesser)	
Magister_CIV4GameText_FFH2.xml	TXT_KEY_SPELL_POISONED_BLADE_LESSER	Poisoned Blade (Lesser)	
Magister_CIV4GameText_FFH2.xml	TXT_KEY_SPELL_SPRING_LESSER	Spring (Lesser)	
Magister_CIV4GameText_FFH2.xml	TXT_KEY_SPELL_RAISE_UNDEAD	Raise Undead	
Magister_CIV4GameText_FFH2.xml	TXT_KEY_SPELL_SUMMON_TOMB_WARDEN	Summon Tomb Wardens	
Magister_CIV4GameText_FFH2.xml	TXT_KEY_SPELL_ENSLAVE_SLUAGH_HELP	[ICON_BULLET]A [LINK=UNIT_SKELETON]Skeleton[\\LINK], [LINK=UNIT_SPECTRES]Spectre[\\LINK], or [LINK=UNIT_WRAITH]Wraith[\\LINK] raised from a [LINK=IMPROVEMENT_GRAVEYARD]Graveyard[\\LINK] is generally stronger than one summoned elsewhere. [NEWLINE][ICON_BULLET]It rises from its tomb with some memory of from its former life, retaining its own name, religion, promotions, levels, and experience. [NEWLINE][ICON_BULLET]Necromancers seeking souls to enslave may [LINK=SPELL_ROB_GRAVEYARD]destroy graveyards[\\LINK]. [NEWLINE][ICON_BULLET][LINK=UNIT_SLUAGH]Spirits[\\LINK] transformed into the [LINK=PROMOTION]Undead[\\LINK] lose any hope of [LINK=SPELL_RESURRECTION_GRAVEYARD]Resurrection[\\LINK]. 	
Magister_CIV4GameText_FFH2.xml	TXT_KEY_SPELL_ROB_GRAVE_HELP	[ICON_BULLET]Grave-robbing may grant free gold, technologies, or equipment[NEWLINE][ICON_BULLET]May let a Scavenger upgrade its weapons[NEWLINE][ICON_BULLET]May turn a Graveyard into a Barrow[NEWLINE][ICON_BULLET]May cause hostile Tomb Wardens or Undead defenders to arise. [NEWLINE][ICON_BULLET]Hallowed Ground prevents Angels, Demons, or non-evil players from Robbing Graves [NEWLINE][ICON_BULLET]The Eternal Cabal forbids grave robbing. [NEWLINE][ICON_BULLET]The Eternal Cabal allows building new Graveyards[NEWLINE][ICON_BULLET]Death 1: Hallow Grave transforms Barrows, Ruins, and City ruins to Graveyards and adds Hallowed Ground to Graveyards	
Magister_CIV4GameText_FFH2.xml	TXT_KEY_SPELL_MASS_RESURRECTION	Mass Resurrection	
Magister_CIV4GameText_FFH2.xml	TXT_KEY_SPELL_MASS_RESURRECTION_HELP	[ICON_BULLET]May restore nearby Undead units to life, and convert them to your cause[NEWLINE][ICON_BULLET]May resurrect every [LINK=UNIT_SLUAGH]Sluagh[\\LINK] nearby. [NEWLINE][ICON_BULLET]A Hero's Sluagh may be resurrected only if they are of your civilization or religion type[NEWLINE][ICON_BULLET]Sluaghs that will abandon you based on civic or state religion will not be raised either	
Magister_CIV4GameText_FFH2.xml	TXT_KEY_SPELL_RESURRECTION_PEDIA	[ICON_BULLET]This spell may restore to life a soul with enough strength of will to remain in Erebus, despite the overwhelming temptation that leads the common Sluagh to seek a Well of Creation and flee into The Otherworld. [NEWLINE][ICON_BULLET][LINK=PROMOTION_HERO]Heroes[\\LINK] may be called back to life from any tile. [LINK=PROMOTION_DRAGON]Dragons[\\LINK] can only be resurrected at the site of [LINK=IMPROVEMENT_DRAGON_BONES]their bones[\\LINK]. A few other units may be resurrected from [LINK=IMPROVEMENT_GRAVEYARD]graveyards[\\LINK]. [NEWLINE][ICON_BULLET]The same civilization and state religion requirements that apply for training hero units initially also apply to resurrecting them. [NEWLINE][ICON_BULLET]The caster of Resurrection will lose the [LINK=literal]Life III[\\LINK] promotion, and so not be able to cast the spell again without spending experience points to get it back. [NEWLINE][ICON_BULLET]Evil units slain by the [LINK=literal]Angelorum Cavea[\\LINK] cannot be resurrected until the weapon is destroy. Neither can any unit slain by the [LINK=literal]Nether Blade[\\LINK]. [NEWLINE][ICON_BULLET]The strongest Life III Archmages are able to perform resurrections en masse, bringing all the souls lingering in a graveyard back to life and breaking the control that necromancers have over the undead not by putting those souls to rest but by awakening them to truly live again. 	
Magister_CIV4GameText_FFH2.xml	TXT_KEY_SPELL_BLOCKED_BY_SOUL_SHROUD	Vulnerable to the Soul Shroud	
Magister_CIV4GameText_FFH2.xml	TXT_KEY_SPELL_CALL_FORM_HELP	[ICON_BULLET]Teleports the Astral Projection's Body into this tile	
Magister_CIV4GameText_FFH2.xml	TXT_KEY_SPELL_KIDNAP_HELP	[ICON_BULLET]Has a chance to kidnap a great person	
Magister_CIV4GameText_FFH2.xml	TXT_KEY_SPELL_KIDNAP_SUCCESS	%s1 kidnaps %s2!	
Magister_CIV4GameText_FFH2.xml	TXT_KEY_SPELL_KIDNAP_FAIL_ESCAPE	%s1 fails to kidnap %s2, but escapes without incident	
Magister_CIV4GameText_FFH2.xml	TXT_KEY_SPELL_KIDNAP_FAIL	%s1 botches the attempt to kidnap %s2!	
Magister_CIV4GameText_FFH2.xml	TXT_KEY_SPELL_KIDNAP_EPIC_FAIL	%s1 catastrophically botches the attempt to kidnap %s2!	
Magister_CIV4GameText_FFH2.xml	TXT_KEY_SPELL_STEAL_FAIL_ESCAPE	%s1 fails to steal %s2, but escapes without incident	
Magister_CIV4GameText_FFH2.xml	TXT_KEY_SPELL_STEAL_FAIL	%s1 botches the attempt to steal %s2!	
Magister_CIV4GameText_FFH2.xml	TXT_KEY_SPELL_STEAL_EPIC_FAIL	%s1 catastrophically botches the attempt to steal %s2!	
Magister_CIV4GameText_FFH2.xml	TXT_KEY_SPELL_GOLEM_LEARN	Learn from Barnaxus	
Magister_CIV4GameText_FFH2.xml	TXT_KEY_SPELL_FOREST_STEALTH	Hide in the Woods	
Magister_CIV4GameText_FFH2.xml	TXT_KEY_SPELL_FOREST_STEALTH_HELP	[ICON_BULLET]Can only be used in a Forest, Ancient Forest, or Jungle tile	
Magister_CIV4GameText_FFH2.xml	TXT_KEY_SPELL_WHITEOUT_HELP	[ICON_BULLET]Can only be used on Snow, Glacier, Blizzard, or Ice	
Magister_CIV4GameText_FFH2.xml	TXT_KEY_SPELL_SUMMON_STYGIAN_GUARD	Summon Stygian Guards	
Magister_CIV4GameText_FFH2.xml	TXT_KEY_SPELL_SUMMON_SERAPH	Summon Seraph	
Magister_CIV4GameText_FFH2.xml	TXT_KEY_SPELL_SUMMON_CHANGELING	Replace with Changeling	
Magister_CIV4GameText_FFH2.xml	TXT_KEY_SPELL_SUMMON_TREANT_LESSER	Summon Treant (Lesser)	
Magister_CIV4GameText_FFH2.xml	TXT_KEY_SPELL_SUMMON_OPHANIM	Summon Ophanim	
Magister_CIV4GameText_FFH2.xml	TXT_KEY_SPELL_SUMMON_AQUILAN	Summon Aquilan	
Magister_CIV4GameText_FFH2.xml	TXT_KEY_SPELL_INUNDATION	Inundation	
Magister_CIV4GameText_FFH2.xml	TXT_KEY_SPELL_INUNDATION_HELP	[ICON_BULLET]Unleashes a Tsunami that can kill[NEWLINE][ICON_BULLET]May transform injured units into Drowns Under your control, if the caster follow The Undertow and is allowed to perform Necromancy	
Magister_CIV4GameText_FFH2.xml	TXT_KEY_SPELL_SUMMON_IRA	Summon Irae	
Magister_CIV4GameText_FFH2.xml	TXT_KEY_SPELL_SUMMON_SUCCUBUS	Summon Succubus	
Magister_CIV4GameText_FFH2.xml	TXT_KEY_SPELL_SUMMON_SUCCUBUS	Summon Succubus	
Magister_CIV4GameText_FFH2.xml	TXT_KEY_SPELL_GRANT_IMMORTALITY	Grant Immortality	
Magister_CIV4GameText_FFH2.xml	TXT_KEY_SPELL_MAKE_IMMORTAL	Make Immortal	
Magister_CIV4GameText_FFH2.xml	TXT_KEY_SPELL_LEVITATE	Levitate	
Magister_CIV4GameText_FFH2.xml	TXT_KEY_SPELL_GOLDEN_AGE_HELP	[ICON_BULLET]Causes a Golden Age, with a duration equal to the caster's level	
Magister_CIV4GameText_FFH2.xml	TXT_KEY_SPELL_MAKE_MORTAL	Mortality	
Magister_CIV4GameText_FFH2.xml	TXT_KEY_SPELL_EARTHQUAKE_HELP	[ICON_BULLET]Has a chance to destroy improvements and buildings within 2 tile[NEWLINE][ICON_BULLET]Unfortifies all non-flying units within range[NEWLINE][ICON_BULLET]May deal Physical damage to non-Flying units[NEWLINE][ICON_BULLET]May reveal veins of mineral resources where no bonus was known before[NEWLINE][ICON_BULLET]May change some hills to flat lands or flat lands to hills	
Magister_CIV4GameText_FFH2.xml	TXT_KEY_SPELL_TEMPEST	Tempest	
Magister_CIV4GameText_FFH2.xml	TXT_KEY_SPELL_TEMPEST_HELP	[ICON_BULLET]May destroy improvements, toss units from one tile to another, and hit them with a mix of Lightning, Cold, and Physical damage	
Magister_CIV4GameText_FFH2.xml	TXT_KEY_SPELL_STRENGTHEN	Strengthen	
Magister_CIV4GameText_FFH2.xml	TXT_KEY_SPELL_STRENGTHEN_LESSER	Strengthen (Lesser)	
Magister_CIV4GameText_FFH2.xml	TXT_KEY_SPELL_BREATH	Dragon's Breath	
Magister_CIV4GameText_FFH2.xml	TXT_KEY_SPELL_BREATH_YOUTH_HELP	[ICON_BULLET]Reduces units level and XP by a random amount[NEWLINE][ICON_BULLET]Removes bad and restores good promotions from your units, and vice versa for enemies[NEWLINE][ICON_BULLET]May convert enemy units to your cause	
Magister_CIV4GameText_FFH2.xml	TXT_KEY_SPELL_BREATH_BLOOD	Vomit Blood	
Magister_CIV4GameText_FFH2.xml	TXT_KEY_SPELL_BREATH_LIFE	Breathe Life	
Magister_CIV4GameText_FFH2.xml	TXT_KEY_SPELL_BREATH_LIGHT	Breathe Light	
Magister_CIV4GameText_FFH2.xml	TXT_KEY_SPELL_BREATH_WIND	Breathe Wind	
Magister_CIV4GameText_FFH2.xml	TXT_KEY_SPELL_BREATH_DEATH	Breathe Death	
Magister_CIV4GameText_FFH2.xml	TXT_KEY_SPELL_BREATH_CORRUPTION	Breathe Corruption	
Magister_CIV4GameText_FFH2.xml	TXT_KEY_SPELL_BREATH_YOUTH	Breathe Youth	
Magister_CIV4GameText_FFH2.xml	TXT_KEY_SPELL_BREATH_NEXUS	Breathe Nexus	
Magister_CIV4GameText_FFH2.xml	TXT_KEY_SPELL_BREATH_VIRTUE	Breathe Virtue	
Magister_CIV4GameText_FFH2.xml	TXT_KEY_SPELL_BREATH_SONG	Breathe Music	
Magister_CIV4GameText_FFH2.xml	TXT_KEY_SPELL_BREATH_WATER	Breathe Water	
Magister_CIV4GameText_FFH2.xml	TXT_KEY_SPELL_BREATH_WATER_HELP	[ICON_BULLET]Heals the caster completely, if on a Water tile.[NEW_LINE][ICON_BULLET]Mesmerizes nearby Sea Creature	
Magister_CIV4GameText_FFH2.xml	TXT_KEY_SPELL_BREATH_DARKNESS	Breathe Darkness	
Magister_CIV4GameText_FFH2.xml	TXT_KEY_SPELL_BREATH_ELDRICH_LIGHTNING	Breathe Eldrich Lightning	
Magister_CIV4GameText_FFH2.xml	TXT_KEY_SPELL_BREATH_PARANOIA	Breath Paranoia	
Magister_CIV4GameText_FFH2.xml	TXT_KEY_SPELL_BREATH_PARANOIA	Breath Paranoia	
Magister_CIV4GameText_FFH2.xml	TXT_KEY_SPELL_BREATH_FROST	Breathe Frost	
Magister_CIV4GameText_FFH2.xml	TXT_KEY_SPELL_BREATH_NEXUS_HELP	The breath of an Obsidian Serpent transports victims into the Nexus, from which they may emerge at any random location. 	
Magister_CIV4GameText_FFH2.xml	TXT_KEY_SPELL_TAKE_APHELION_AMULET	Take Aphelion Amulet	
Magister_CIV4GameText_FFH2.xml	TXT_KEY_SPELL_TAKE_ANGELORUM_CAVEA	Take Sawol Cavea	
Magister_CIV4GameText_FFH2.xml	TXT_KEY_SPELL_DESTROY_SAWOL_CAVEA	Destroy the Sawol Cavea	
Magister_CIV4GameText_FFH2.xml	TXT_KEY_SPELL_DESTROY_SAWOL_CAVEA_HELP	[ICON_BULLET]Frees the victims of the Sawol Cavea, allowing their Resurrections	
Magister_CIV4GameText_FFH2.xml	TXT_KEY_SPELL_CONJURE_CAPTIVE	Conjure Captive Soul	
Magister_CIV4GameText_FFH2.xml	TXT_KEY_SPELL_CONJURE_CAPTIVE_HELP	[ICON_BULLET]Requires posession the Angelorum Cavea, the Sawol Cavea, or the Netherblade. [NEWLINE][ICON_BULLET]Frees and summons a random prisoner of the Angelorum Cavea, the Sawol Cavea, or the Netherblade	
Magister_CIV4GameText_FFH2.xml	TXT_KEY_SPELL_IGNITE_ZOMBIE	Ignite Pyre Zombie	
Magister_CIV4GameText_FFH2.xml	TXT_KEY_SPELL_COMPACT_BAN_SAWOL	[ICON_BULLET]The Compact forbids Angels and Demons from using weapons like the Sawol Cavea	
Magister_CIV4GameText_FFH2.xml	TXT_KEY_SPELL_TAKE_SAWOL_CAVEA	Take Sawol Cavea	
Magister_CIV4GameText_FFH2.xml	TXT_KEY_SPELL_TAKE_SAWOL_HELP	[ICON_BULLET]Pick up or take a piece of equipment from another unit[NEWLINE][ICON_BULLET]Angels and Demons cannot use the Sawol Cavea due to The Compact	
Magister_CIV4GameText_FFH2.xml	TXT_KEY_SPELL_TAKE_PELIANS_PALLIUM	Take Pelian's Pallium	
Magister_CIV4GameText_FFH2.xml	TXT_KEY_SPELL_TAKE_MIRROR_OF_WISHES	Take Mirror of Wishes	
Magister_CIV4GameText_FFH2.xml	TXT_KEY_SPELL_TAKE_MIST	Take Mist	
Magister_CIV4GameText_FFH2.xml	TXT_KEY_SPELL_TAKE_METRONOME	Take Divine Metronome	
Magister_CIV4GameText_FFH2.xml	TXT_KEY_SPELL_TAKE_RESOUNDING_SHIELD	Take Resounding Shield	
Magister_CIV4GameText_FFH2.xml	TXT_KEY_SPELL_TAKE_RING_OF_RUST	Take Ring of Rust	
Magister_CIV4GameText_FFH2.xml	TXT_KEY_SPELL_TAKE_RAZOR_GLASS_FLAIL	Take Razor Glass Flail	
Magister_CIV4GameText_FFH2.xml	TXT_KEY_SPELL_TAKE_STARLIGHT_AMULET	Take Starlight Amulet	
Magister_CIV4GameText_FFH2.xml	TXT_KEY_SPELL_TAKE_UMBRA_CLOAK	Take Umbra Cloak	
Magister_CIV4GameText_FFH2.xml	TXT_KEY_SPELL_SELL_SOUL	Sell Soul	
Magister_CIV4GameText_FFH2.xml	TXT_KEY_SPELL_SELL_SOUL_HELP	[ICON_BULLET]Lets the unit make a pact the Demon Lord who controls this city, or with a random Demon Lord when not in Infernal Borders	
Magister_CIV4GameText_FFH2.xml	TXT_KEY_SPELL_RAISE_DRACOLICH	Raise Dracolich	
Magister_CIV4GameText_FFH2.xml	TXT_KEY_SPELL_DROWN_HELP	[ICON_BULLET]Requires Temple of the Undertow or an Undertow priest on a tile adjacent to Water	
Magister_CIV4GameText_FFH2.xml	TXT_KEY_SPELL_EMPOWER_ENGINE	Empower Engine	
Magister_CIV4GameText_FFH2.xml	TXT_KEY_SPELL_EMPOWER_ENGINE_LESSER	Empower Engine (Lesser)	
Magister_CIV4GameText_FFH2.xml	TXT_KEY_SPELL_EMPOWER_ENGINE_HELP	[ICON_BULLET]Grants one of the caster's summon perks to each Mechanized unit in the stack	
Magister_CIV4GameText_FFH2.xml	TXT_KEY_SPELL_EMPOWER_ENGINE__GREATER_HELP	[ICON_BULLET]Grants one of the caster's summon perks per caster level to each Mechanized unit in the stack	
Magister_CIV4GameText_FFH2.xml	TXT_KEY_SPELL_KILL_CLERICS	Kill Clerics	
Magister_CIV4GameText_FFH2.xml	TXT_KEY_SPELL_KILL_CLERICS_HELP	[ICON_BULLET]Deals 50% to 100% Death damage to any unit within a 2 tile radius that has a religion prerequisite other than the None or Matronae (possibly destroying them outright)	
Magister_CIV4GameText_FFH2.xml	TXT_KEY_SPELL_EPIPHANY	Epiphany	
Magister_CIV4GameText_FFH2.xml	TXT_KEY_SPELL_EPIPHANY_HELP	Lets you see everything any player can see. 	
Magister_CIV4GameText_FFH2.xml	TXT_KEY_SPELL_SUMMON_GYRA	Summon Gyra	
Magister_CIV4GameText_FFH2.xml	TXT_KEY_SPELL_RETRIEVE_GEM_OF_CREATION_HELP	If the Archangel can claim a Gem of Creation, she may become a Goddess of the Matronae	
Magister_CIV4GameText_FFH2.xml	TXT_KEY_SPELL_RETRIEVE_OPALUM_MORTIS	Retrieve Ending Stone	
Magister_CIV4GameText_FFH2.xml	TXT_KEY_SPELL_RETRIEVE_BERYLLUM_ABYSSI	Retrieve Oceans' Tear	
Magister_CIV4GameText_FFH2.xml	TXT_KEY_SPELL_RETRIEVE_CORUNDUM_ARDENS	Retrieve Heart of Fire	
Magister_CIV4GameText_FFH2.xml	TXT_KEY_SPELL_RETRIEVE_ADAMANTEM_ANIMANTEM	Retrieve Font of Life	
Magister_CIV4GameText_FFH2.xml	TXT_KEY_SPELL_BLESS_HELP	[ICON_BULLET]May be cast by any Goodly priest serving a Non-Evil player[NEWLINE][ICON_BULLET]Effects non-evil living units of the same faith as the caster, of no religion, or in general if the caster is of your state religion	
Magister_CIV4GameText_FFH2.xml	TXT_KEY_SPELL_SUBMERGE	Submerge	
Magister_CIV4GameText_FFH2.xml	TXT_KEY_SPELL_PACIFY	Pacify	
Magister_CIV4GameText_FFH2.xml	TXT_KEY_SPELL_SEDUCE_SORCERER	Seduce Sorcerers	
Magister_CIV4GameText_FFH2.xml	TXT_KEY_SPELL_RESEARCH_HELP	[ICON_BULLET]Exchanges all of the caster's experience for research points	
Magister_CIV4GameText_FFH2.xml	TXT_KEY_SPELL_RESCUE_REFUGEES	Rescue Refugees	
Magister_CIV4GameText_FFH2.xml	TXT_KEY_SPELL_SPREAD_THE_ANOINTED	Spread The Anointed	
Magister_CIV4GameText_FFH2.xml	TXT_KEY_SPELL_INITIATE_ANOINTED	Initiate into The Anointed	
Magister_CIV4GameText_FFH2.xml	TXT_KEY_SPELL_INITIATE_GAELAN	Initiate into the Circle of Gaelan	
Magister_CIV4GameText_FFH2.xml	TXT_KEY_SPELL_RESCUE_REFUGEES_HELP	[ICON_BULLET]May be cast in or adjacent to a rival city that is suffering from Starvation, Occupation, Conscription, Vampire Feasts, Slavery, Sacrifice the Weak, a Theocracy hostile to the local faiths, or which has the Pillar of Chains, School of Sadism, Tophet, Governor's Manor, or a cage for a sentient species[NEWLINE][ICON_BULLET]Reduces the city's population by 1[NEWLINE][ICON_BULLET]Creates a Refugee unit that may be settled in one of your cities to increase its population[NEWLINE][ICON_BULLET]The Refugee takes a fraction of the city's culture as XP, which will become both culture and production in any city where it settles.[NEWLINE][ICON_BULLET]The ability may only be used if there are Devouts, Rescuers, or Redeemers with sufficient cargo capacity to carry an additional refugee	
Magister_CIV4GameText_FFH2.xml	TXT_KEY_SPELL_SERVILE_REVOLT	Incite Servile Revolt	
Magister_CIV4GameText_FFH2.xml	TXT_KEY_SPELL_SERVILE_REVOLT_HELP	[ICON_BULLET]Increases the Occupation timer in cities running the Slavery Civic. [NEWLINE][ICON_BULLET]Converts rival Slaves into soldiers under your command. 	
Magister_CIV4GameText_FFH2.xml	TXT_KEY_SPELL_PACIFY_HELP	[ICON_BULLET]Ends [ICON_OCCUPATION], hurry [ICON_UNHAPPY], and Revolts when cast in a city	
Magister_CIV4GameText_FFH2.xml	TXT_KEY_SPELL_SEDUCE_SORCERER_HELP	[ICON_BULLET]May take control of rival Arcane units	
Magister_CIV4GameText_FFH2.xml	TXT_KEY_SPELL_MONOPOLIZE	Monopolistic Trade	
Magister_CIV4GameText_FFH2.xml	TXT_KEY_SPELL_MONOPOLIZE_HELP	[ICON_BULLET]A zero sum game trade mission variant[NEWLINE][ICON_BULLET]Costs the city owner all the gold as you gain[NEWLINE][ICON_BULLET]The sum is based on the size of the city and its distance from your capital[NEWLINE][ICON_BULLET]Sacrifices the Caster, unless it is a world unit	
Magister_CIV4GameText_FFH2.xml	TXT_KEY_SPELL_TAKE_DAHLIA_BAND	Take Dahlia Band	
Magister_CIV4GameText_FFH2.xml	TXT_KEY_SPELL_SUMMON_TRISTAN	Manifest Tristan the Ring	
Magister_CIV4GameText_FFH2.xml	TXT_KEY_SPELL_TAKE_PLAGUE_FLASK	Take Plague Flask	
Magister_CIV4GameText_FFH2.xml	TXT_KEY_SPELL_CONTAIN_PLAGUE	Contain Pandemic	
Magister_CIV4GameText_FFH2.xml	TXT_KEY_SPELL_CONTAIN_PLAGUE_HELP	[ICON_BULLET]Eliminates extra Unhealthiness from Blight, Pestilence, etc., in nearby cities[NEWLINE][ICON_BULLET]Removes [LINK=PROMTOION_PLAGUED]Plagued[\\LINK], [LINK=PROMTOION_PLAGUE_CARRIER]Plague Carrier[\\LINK], [LINK=PROMTOION_DISEASED]Diseased[\\LINK], [LINK=PROMOTION_POISONED]Poisoned[\\LINK], [LINK=PROMOTION_WITHERED]Withered[\\LINK], and [LINK=PROMOTION_DEATHPHAGE]Deathphage[\\LINK] from nearby units	
Magister_CIV4GameText_FFH2.xml	TXT_KEY_SPELL_BREAK_PLAGUE_FLASK	Release Pandemic	
Magister_CIV4GameText_FFH2.xml	TXT_KEY_SPELL_BREAK_PLAGUE_FLASK_HELP	[ICON_BULLET]Destroying the Plague Flask and unleashes a pandemic of the diseases it contains. [NEWLINE][ICON_BULLET]Causes unhealthiness in all non-Fallow cities[NEWLINE][ICON_BULLET]Damages and spreads [LINK=PROMTOION_PLAGUED]Plagued[\\LINK], [LINK=PROMTOION_PLAGUE_CARRIER]Plague Carrier[\\LINK], [LINK=PROMTOION_DISEASED]Diseased[\\LINK], [LINK=PROMOTION_POISONED]Poisoned[\\LINK], [LINK=PROMOTION_WITHERED]Withered[\\LINK], and [LINK=PROMOTION_DEATHPHAGE]Deathphage[\\LINK] to random units worldwide	
Magister_CIV4GameText_FFH2.xml	TXT_KEY_SPELL_AVARICE	Avarice	
Magister_CIV4GameText_FFH2.xml	TXT_KEY_SPELL_PLANAR_BINDING_LESSER	Planar Binding (Lesser)	
Magister_CIV4GameText_FFH2.xml	TXT_KEY_SPELL_PLANAR_BINDING	Planar Binding	
Magister_CIV4GameText_FFH2.xml	TXT_KEY_SPELL_PLANAR_BINDING_HELP	[ICON_BULLET]Increases the duration of your team's temporary summons nearby[NEWLINE][ICON_BULLET]Decreases the duration of rival teams' temporary summons nearby[NEWLINE][ICON_BULLET]Has the opposite effect when miscast	
Magister_CIV4GameText_FFH2.xml	TXT_KEY_SPELL_TAKE_UROR_BAND	Take Uror Band	
Magister_CIV4GameText_FFH2.xml	TXT_KEY_SPELL_CALL_OF_THE_GRAVE_HELP	[ICON_BULLET]Heals all allied undead units nearby[NEWLINE][ICON_BULLET]Raises nearby Sluaghs as undead[NEWLINE][ICON_BULLET]Range: 2	
Magister_CIV4GameText_FFH2.xml	TXT_KEY_SPELL_TAKE_HERON_THRONE	Take The Heron Throne	
Magister_CIV4GameText_FFH2.xml	TXT_KEY_SPELL_DROP_HERON_THRONE	Drop The Heron Throne	
Magister_CIV4GameText_FFH2.xml	TXT_KEY_SPELL_UNLEASH_UNRAVELING	Unleash Unraveling	
Magister_CIV4GameText_FFH2.xml	TXT_KEY_SPELL_TAKE_URNS	Take The Urns of Rotting Flesh	
Magister_CIV4GameText_FFH2.xml	TXT_KEY_SPELL_UNLEASH_UNRAVELING_HELP	[ICON_BULLET]Caster must be evil and follow either [LINK=RELIGION_THE_ASHEN_VEIL]The Ashen Veil[\\LINK] or [LINK=RELIGION_COVEN]The Between[\\LINK]	
Magister_CIV4GameText_FFH2.xml	TXT_KEY_SPELL_TAKE_APRICUS	Take Apricus	
Magister_CIV4GameText_FFH2.xml	TXT_KEY_SPELL_TAKE_EQUIPMENT_APRICUS_HELP	The Sword of Life is called Demonsbane, for it shines with a light strong enough to slay devils. It may only be wielded by mortal hands. 	
Magister_CIV4GameText_FFH2.xml	TXT_KEY_SPELL_TAKE_EQUIPMENT_MASK_KYLORIN_HELP	You can try to take The Mask of Kylorin, but be warned that is is guarded by Elder Dragons	
Magister_CIV4GameText_FFH2.xml	TXT_KEY_SPELL_TAKE_EQUIPMENT_MASK_BARBATOS_HELP	You can try to take The Mask of Barbatos, but be warned that is is guarded by Barbatos himself	
Magister_CIV4GameText_FFH2.xml	TXT_KEY_SPELL_TAKE_EQUIPMENT_MASK_ASMODAY_HELP	You can try to take The Mask of Asmoday, but be warned that is is guarded by the Daughters of Sallos	
Magister_CIV4GameText_FFH2.xml	TXT_KEY_SPELL_TAKE_EQUIPMENT_MASK_ALEXIS_HELP	You can try to take The Mask of Alexis, but Wode has guarded it with many creeping things	
Magister_CIV4GameText_FFH2.xml	TXT_KEY_SPELL_TAKE_BURNING_BLADE	Take Burning Blade	
Magister_CIV4GameText_FFH2.xml	TXT_KEY_SPELL_TAKE_BLOODY_AXE	Take Bloody Axe	
Magister_CIV4GameText_FFH2.xml	TXT_KEY_SPELL_TAKE_BONE_CIRCLET	Take The Bone Circlet	
Magister_CIV4GameText_FFH2.xml	TXT_KEY_SPELL_TAKE_TANELYN	Take Tan'elyn	
Magister_CIV4GameText_FFH2.xml	TXT_KEY_SPELL_COMMAND_FEY	Command Fey	
Magister_CIV4GameText_FFH2.xml	TXT_KEY_SPELL_UNLEASH_APOPHIS	Unleash Apophis	
Magister_CIV4GameText_FFH2.xml	TXT_KEY_SPELL_UNLEASH_ABADDON	Unleash Abaddon	
Magister_CIV4GameText_FFH2.xml	TXT_KEY_SPELL_UNLEASH_ARS	Unleash Ars Moriendi	
Magister_CIV4GameText_FFH2.xml	TXT_KEY_SPELL_UNLEASH_YERSINIA	Unleash Yersinia	
Magister_CIV4GameText_FFH2.xml	TXT_KEY_SPELL_UNLEASH_BUBOES	Unleash Buboes	
Magister_CIV4GameText_FFH2.xml	TXT_KEY_SPELL_UNLEASH_STEPHANOS	Unleash Stephanos	
Magister_CIV4GameText_FFH2.xml	TXT_KEY_UNIT_IFRIT	Ifrit	
Magister_CIV4GameText_FFH2.xml	TXT_KEY_SPELL_SMOKELESS_FIRE	Ritual of the Smokeless Fire	
Magister_CIV4GameText_FFH2.xml	TXT_KEY_SPELL_SMOKELESS_FIRE_HELP	Bhall's most extreme fanatics may self-immolate to summon an Ifrit and annihilate entire armies. However, such suicides are usually in vain. 	
Magister_CIV4GameText_FFH2.xml	TXT_KEY_SPELL_HASTURS_RAZOR_HELP	[ICON_BULLET]Randomly distributes the damage between all units in range[NEWLINE][ICON_BULLET]May cause units to run away in fear	
Magister_CIV4GameText_FFH2.xml	TXT_KEY_SPELL_HYBOREMS_WHISPER	Whisper in the Darkness	
Magister_CIV4GameText_FFH2.xml	TXT_KEY_SPELL_SUMMON_AZER	Summon Azer	
Magister_CIV4GameText_FFH2.xml	TXT_KEY_SPELL_DELVE_UNDERHOME	Delve to the Underhome	
Magister_CIV4GameText_FFH2.xml	TXT_KEY_SPELL_DELVE_UNDERHOME_HELP	Gives all your [LINK=PROMOTION_DWARF]Dwarven[\\LINK] units [LINK=PROMOTION_MOUNTAINEER]Mountaineer[\\LINK]	
Magister_CIV4GameText_FFH2.xml	TXT_KEY_SPELL_ARMS_OF_SUCELLUS	Arms of Sucellus	
Magister_CIV4GameText_FFH2.xml	TXT_KEY_SPELL_ARMS_OF_SUCELLUS_HELP	[ICON_BULLET]Heals all your units everywhere	
Magister_CIV4GameText_FFH2.xml	TXT_KEY_SPELL_MUSTER_MERCENARIES	Muster Mercenaries	
Magister_CIV4GameText_FFH2.xml	TXT_KEY_SPELL_MUSTER_MERCENARIES_HELP	[ICON_BULLET]Causes all rival Mercenaries to defect to your control	
Magister_CIV4GameText_FFH2.xml	TXT_KEY_SPELL_FORGIVE	Forgive	
Magister_CIV4GameText_FFH2.xml	TXT_KEY_SPELL_FORGIVE_HELP	Turns hostile demons into Merry Dancers under your control	
Magister_CIV4GameText_FFH2.xml	TXT_KEY_SPELL_TRUCE_HELP	[ICON_BULLET]Forces warring players who have units near the caster to make peace with each other, so long as neither player is at war with the caster	
Magister_CIV4GameText_FFH2.xml	TXT_KEY_SPELL_DECREE_TRUCE	Decree Truce	
Magister_CIV4GameText_FFH2.xml	TXT_KEY_SPELL_DIVINE_RETRIBUTION_HELP	[ICON_BULLET]Does Damage to all the world's Demonic units	
Magister_CIV4GameText_FFH2.xml	TXT_KEY_SPELL_REQUIEM	Requiem	
Magister_CIV4GameText_FFH2.xml	TXT_KEY_SPELL_REQUIEM_HELP	[ICON_BULLET]Does Damage to all the world's Undead units	
Magister_CIV4GameText_FFH2.xml	TXT_KEY_SPELL_CRAFT_ARTIFACT	Craft Artifact 	
Magister_CIV4GameText_FFH2.xml	TXT_KEY_SPELL_CRAFT_ARTIFACT_LESSER	Craft Artifact (Lesser)	
Magister_CIV4GameText_FFH2.xml	TXT_KEY_SPELL_CRAFT_ARTIFACT_PEDIA	[ICON_BULLET]May only be cast on the tile of a mana source[NEWLINE][ICON_BULLET]Creates a magic item infused with the power of that type of mana[NEWLINE][TAB][ICON_BULLET][LINK=BONUS_MANA_AIR]Air[\\LINK] allows [LINK=EQUIPMENT_SEVEN_LEAGUE_BOOTS]Seven League Boots[\\LINK][NEWLINE][TAB][ICON_BULLET][LINK=BONUS_MANA_BODY]Body[\\LINK] allows [LINK=EQUIPMENT_BLOODY_AXE]Bloody Axe[\\LINK][NEWLINE][TAB][ICON_BULLET][LINK=BONUS_MANA_CHAOS]Chaos[\\LINK] allows [LINK=EQUIPMENT_CANNIBAL_CUDGEL]Cannibal Cudgel[\\LINK][NEWLINE][TAB][ICON_BULLET][LINK=BONUS_MANA_CREATION]Creation[\\LINK] allows [LINK=EQUIPMENT_POTION_OF_RESTORATION]Potion of Restoration[\\LINK][NEWLINE][TAB][ICON_BULLET][LINK=BONUS_MANA_DEATH]Death[\\LINK] allows [LINK=EQUIPMENT_GRAVEDIGGER_SHOVEL]Gravedigger's Shovel[\\LINK][NEWLINE][TAB][ICON_BULLET][LINK=BONUS_MANA_DIMENSIONAL]Dimensional[\\LINK] allows [LINK=EQUIPMENT_SAWOL_CAVEA]Sawol Cavea[\\LINK][NEWLINE][TAB][ICON_BULLET][LINK=BONUS_MANA_EARTH]Earth[\\LINK] allows [LINK=EQUIPMENT_LODE_PICK]Lode Pick[\\LINK][NEWLINE][TAB][ICON_BULLET][LINK=BONUS_MANA_ENCHANTMENT]Enchantment[\\LINK] allows [LINK=EQUIPMENT_GOLDEN_HAMMER]Golden Hammer[\\LINK][NEWLINE][TAB][ICON_BULLET][LINK=BONUS_MANA_ENTROPY]Entropy[\\LINK] allows [LINK=EQUIPMENT_RING_OF_RUST]Ring of Rust[\\LINK][NEWLINE][TAB][ICON_BULLET][LINK=BONUS_MANA_FIRE]Fire[\\LINK] allows [LINK=EQUIPMENT_BURNING_BLADE]Burning Blade[\\LINK][NEWLINE][TAB][ICON_BULLET][LINK=BONUS_MANA_FORCE]Force[\\LINK] allows [LINK=EQUIPMENT_SHIELD_OF_BALANCE]Shield of Balance[\\LINK][NEWLINE][TAB][ICON_BULLET][LINK=BONUS_MANA_ICE]Ice[\\LINK] allows [LINK=EQUIPMENT_ICE_SICKLE]Ice Sickle[\\LINK][NEWLINE][TAB][ICON_BULLET][LINK=BONUS_MANA_LAW]Law[\\LINK] allows [LINK=EQUIPMENT_METRONOME]Divine Metronome[\\LINK][NEWLINE][TAB][ICON_BULLET][LINK=BONUS_MANA_LIFE]Life[\\LINK] allows [LINK=EQUIPMENT_HEALING_SALVE]Healing Salve[\\LINK][NEWLINE][TAB][ICON_BULLET][LINK=BONUS_MANA_METAMAGIC]Meta Magic[\\LINK] allows [LINK=EQUIPMENT_SPELLSTAFF]Spellstaff[\\LINK][NEWLINE][TAB][ICON_BULLET][LINK=BONUS_MANA_MIND]Mind[\\LINK] allows [LINK=EQUIPMENT_TIMOR_MASK]Timor Mask[\\LINK] or [LINK=EQUIPMENT_TREASURE]Treasure Chest[\\LINK][NEWLINE][TAB][ICON_BULLET][LINK=BONUS_MANA_NATURE]Nature[\\LINK] allows [LINK=EQUIPMENT_JADE_TORC]Jade Torc[\\LINK][NEWLINE][TAB][ICON_BULLET][LINK=BONUS_MANA_SHADOW]Shadow[\\LINK] allows [LINK=EQUIPMENT_POTION_OF_INVISIBILITY]Potion of Invisibility[\\LINK][NEWLINE][TAB][ICON_BULLET][LINK=BONUS_MANA_SPIRIT]Spirit[\\LINK] allows [LINK=EQUIPMENT_DAHLIA_BAND]Dahlia Band[\\LINK][NEWLINE][TAB][ICON_BULLET][LINK=BONUS_MANA_SUN]Sun[\\LINK] allows [LINK=EQUIPMENT_DEASIL_CHARM]Deasil Charm[\\LINK][NEWLINE][TAB][ICON_BULLET][LINK=BONUS_MANA_WATER]Water[\\LINK] allows [LINK=EQUIPMENT_AQUAMARINE_AMULET]Aquamarine Amulet[\\LINK]	
Magister_CIV4GameText_FFH2.xml	TXT_KEY_SPELL_CRAFT	[ICON_BULLET]May Craft %d1 of one of these item types: [NEWLINE][TAB][ICON_BULLET]%s2	
Magister_CIV4GameText_FFH2.xml	TXT_KEY_SPELL_TAKE_LODE_PICK	Take Lode Pick	
Magister_CIV4GameText_FFH2.xml	TXT_KEY_SPELL_CLOISTER	Cloister	
Magister_CIV4GameText_FFH2.xml	TXT_KEY_SPELL_TAKE_AQUAMARINE_AMULET	Take Aquamarine Amulet	
Magister_CIV4GameText_FFH2.xml	TXT_KEY_SPELL_TAKE_GRAVEDIGGER_SHOVEL	Take Gravedigger Shovel	
Magister_CIV4GameText_FFH2.xml	TXT_KEY_SPELL_TAKE_RING_OF_RUST	Take Ring of Rust	
Magister_CIV4GameText_FFH2.xml	TXT_KEY_SPELL_TAKE_RAZOR_GLASS_FLAIL	Take Razor Glass Flail	
Magister_CIV4GameText_FFH2.xml	TXT_KEY_SPELL_POSSESS_HOST	Possess Host	
Magister_CIV4GameText_FFH2.xml	TXT_KEY_SPELL_TAKE_CANNIBAL_CUDGEL	Take Cannibal Cudgel	
Magister_CIV4GameText_FFH2.xml	TXT_KEY_SPELL_TAKE_ICE_SICKLE	Take Ice Sickle	
Magister_CIV4GameText_FFH2.xml	TXT_KEY_SPELL_SHARE_SECRETS	Share Secret Knowledge	
Magister_CIV4GameText_FFH2.xml	TXT_KEY_SPELL_TRADE_MEMORIES	Trade Memories	
Magister_CIV4GameText_FFH2.xml	TXT_KEY_SPELL_TRADE_MEMORIES_HELP	[ICON_BULLET]The unit may give up a random promotion in order to gain a free promotion pick[NEWLINE][ICON_BULLET]When miscast this deals the caster some Psychic damage and may add the [LINK=PROMOTION_CHARMED]Charmed[\\LINK], [LINK=PROMOTION_CRAZED]Crazed[\\LINK], [LINK=PROMOTION_ENRAGED]Enraged[\\LINK], [LINK=PROMOTION_FATIGUED]Fatigued[\\LINK], [LINK=PROMOTION_FATIGUED]Mutated[\\LINK], [LINK=PROMOTION_WITHERED]Withered[\\LINK], or [LINK=PROMOTION_PARANOID]Paranoid[\\LINK] promotions[NEWLINE][ICON_BULLET][LINK=UNIT_GAELAN]Gaelan[\\LINK] himself cheats in this bargain and gains a free promotion pick without sacrificing any promotions[NEWLINE][ICON_BULLET][LINK=UNIT_GAELAN]Gaelan[\\LINK] miscasting can cause a catastrophe that transforms him into the [LINK=UNIT_BURNT_PRIEST]Burnt Priest[\\LINK]	
Magister_CIV4GameText_FFH2.xml	TXT_KEY_SPELL_TRADE_MEMORIES_GAELAN_BURNT_PRIEST_HELP	[ICON_BULLET]If Gaelan himself miscasts this spell, it can cause a catastrophe. A Root of Fear could destroy the whole Circle of Gaelan, transform Gaelan into the horrible [LINK=UNIT_BURNT_PRIEST]Burnt Priest[\\LINK], find the Memory Palace in Euphoria that he had been using to cheat in his bargains, and cause collateral damage in the world of dreams enough to cause psychic damage to everyone in Erebus. 	
Magister_CIV4GameText_FFH2.xml	TXT_KEY_SPELL_OVERGROWTH	Overgrowth	
Magister_CIV4GameText_FFH2.xml	TXT_KEY_SPELL_OVERGROWTH_HELP	[ICON_BULLET]Strengthens Animals[NEWLINE][ICON_BULLET]Changes Forests to Ancient Forests[NEWLINE][ICON_BULLET]Changes New Forests to Forests[NEWLINE][ICON_BULLET]Adds New Forests wherever valid[NEWLINE][ICON_BULLET]Range is determined by effective supply of Nature mana	
Magister_CIV4GameText_FFH2.xml	TXT_KEY_SPELL_CREATE_CHIMERA	Create Chimera	
Magister_CIV4GameText_FFH2.xml	TXT_KEY_SPELL_CRAFT_AUTOMATON	Construct Automaton	
Magister_CIV4GameText_FFH2.xml	TXT_KEY_SPELL_VITALIZE_AREA	Vitalize Area	
Magister_CIV4GameText_FFH2.xml	TXT_KEY_SPELL_REJUVENATE	Rejuvenate	
Magister_CIV4GameText_FFH2.xml	TXT_KEY_SPELL_REJUVENATE_HELP	[ICON_BULLET]Reduces target units' levels and XP[NEWLINE][ICON_BULLET]Restores any lost free promotions from the unit's defines (except equipment or race)	
Magister_CIV4GameText_FFH2.xml	TXT_KEY_SPELL_COSMIC_ORDER	Cosmic Order	
Magister_CIV4GameText_FFH2.xml	TXT_KEY_SPELL_COSMIC_ORDER_HELP	[ICON_BULLET]Ends [ICON_OCCUPATION], reduces Anger, and reduces the risks of Revolt in every city in the world	
Magister_CIV4GameText_FFH2.xml	TXT_KEY_SPELL_REPAIR_LESSER	Repair (Lesser)	
Magister_CIV4GameText_FFH2.xml	TXT_KEY_SPELL_HALT_UNDEAD_LESSER	Halt Undead (Lesser)	
Magister_CIV4GameText_FFH2.xml	TXT_KEY_SPELL_HALT_UNDEAD	Halt Undead	
Magister_CIV4GameText_FFH2.xml	TXT_KEY_SPELL_HALT_UNDEAD_HELP	[ICON_BULLET]Immobilizes Undead units nearby	
Magister_CIV4GameText_FFH2.xml	TXT_KEY_SPELL_SUMMON_VALKYRIE	Summon Valkyrie	
Magister_CIV4GameText_FFH2.xml	TXT_KEY_SPELL_FOUND_TEMPLE_BROTHERHOOD	Found Safehouse	
Magister_CIV4GameText_FFH2.xml	TXT_KEY_SPELL_FOUND_ARTIFICERY	Found Artificery	
Magister_CIV4GameText_FFH2.xml	TXT_KEY_SPELL_FOUND_GALLERY	Found Gallery	
Magister_CIV4GameText_FFH2.xml	TXT_KEY_SPELL_FOUND_TEMPLE_UNBLEMISHED	Found Healing Garden	
Magister_CIV4GameText_FFH2.xml	TXT_KEY_SPELL_FOUND_RELIQUARY	Found Reliquary	
Magister_CIV4GameText_FFH2.xml	TXT_KEY_SPELL_FOUND_ARCHIVE	Found Archive	
Magister_CIV4GameText_FFH2.xml	TXT_KEY_SPELL_FOUND_CIRCLE_OF_CONJURERS	Found Summoning Circle	
Magister_CIV4GameText_FFH2.xml	TXT_KEY_SPELL_FOUND_TEMPLE_GREY_COUNCIL	Found Moot	
Magister_CIV4GameText_FFH2.xml	TXT_KEY_SPELL_FOUND_ADVENTURERS_GUILD	Found Adventurers' Guild	
Magister_CIV4GameText_FFH2.xml	TXT_KEY_SPELL_FOUND_APHOTIC_THRONE	Found Aphotic Throne	
Magister_CIV4GameText_FFH2.xml	TXT_KEY_SPELL_FOUND_ARENA	Found Arena	
Magister_CIV4GameText_FFH2.xml	TXT_KEY_SPELL_FOUND_ABATTOIR	Found Abattoir	
Magister_CIV4GameText_FFH2.xml	TXT_KEY_SPELL_FOUND_TOPHET	Found Tophet	
Magister_CIV4GameText_FFH2.xml	TXT_KEY_SPELL_FOUND_INTERSTICE	Found Interstice	
Magister_CIV4GameText_FFH2.xml	TXT_KEY_SPELL_DROWN_PEDIA	[TAB]Baptism is common to many religions but the Undertow's Cultists hold the victim underwater past immersion, through the struggle, and until the floating body has become filled and heavy with the sacred waters. Then they let go and the corpse rises as the undead Drown.[PARAGRAPH:1]This ability upgrades a Warrior into the Drown. It can only be used if the players state religion is Undertow and if the warrior is in a city with a Temple of the Undertow building or on the same tile as a Cultist.	
Magister_CIV4GameText_FFH2.xml	TXT_KEY_SPELL_FLOATING_EYE_PEDIA	[TAB]The Undertow priestess stood quietly on the seashore, her long flowing robe dancing in the storm. She could have done this anywhere on land, but nowhere did it feel as real and invigorating as by the sea, by the storm.[PARAGRAPH:1]"Oh mighty masters, hear my call", she spread out her arms and raised her eyes upwards, towards the storm rising above the sea. "My body and mind are yours to command, my sanity but a tool at your bidding. Honor my sacrifice to you, and grant me the sight of your servant." Intoning the words, she could feel the might that lurked deep below the waves, the ancient and inhuman power. The overwhelming sensation was enough to blind her to the living world and threw her mind into a deep blackness that contained only the ever-stormy nightmares of the Undertow. In the horrible, chaotic maelstrom of bizarre sensations and feelings never meant for mortal eyes, she forced her will, shaped in her head the image of a twisted, many-eyed octopus. As she concentrated on the vision, two of the fish's eyes were torn out of its head in a slimly plop. They stared at the chaos around them and floated in the air, untouched by the raging water and wind.[PARAGRAPH:1]"Your eyes shall be mine", she said in a dry whisper, reached out for the eyes and closed her fist around them. As she felt the large, slimy things against her skin, the storm in her mind quieted and she once again stood on the shore.[PARAGRAPH:2]"And my eyes they will be", she finished, now seeing with two pairs of eyes as she opened her fists to reveal the gifts of her gods. She said nothing more as she lowered her hands and willed the eyes to rise up in the air, go out and spy upon the enemies of the Undertow.	
Magister_CIV4GameText_FFH2.xml	TXT_KEY_SPELL_FOUND_TEMPLE_OF_THE_OVERLORDS	Found Asylum	
Magister_CIV4GameText_FFH2.xml	TXT_KEY_SPELL_MUTATION_PEDIA	[TAB]"My lady... the results of your experiment. Nearly all of them... twisted beyond comprehension..."[PARAGRAPH:1]"Those who weren't cut out for this shouldn't have volunteered," the voice of the priestess was as harsh and merciless as the young man's was quivering. "The ones who perish here wouldn't have survived combat anyway."[PARAGRAPH:1]The men and the women who'd volunteered lay prone on the open field, all covered by monstrous deformities. One seemed to have had all the blood sucked out of him, another man's testicles had grown so huge they had crushed his toes under their weight. The priestess was walking among them, inspecting each before moving on. Clearly, it seemed, one of the ones who wasn't cut out for it was the aide she'd been assigned.[PARAGRAPH:1]"But my lady," he tried one more time, flinching away his gaze from the man whose bowels had exploded rather violently out of his stomach, "There wasn't anything wrong with these troops, that's why you chose them... they would have made excellent soldiers had not..."[PARAGRAPH:1]"And you would make an excellent Drown if you did not shut up," the priestess replied coldly, finally quieting the aide. She stopped in front of one of her test subjects, pausing to take a closer look. The elven woman had been pretty once, but no stretch of the imagination would let you use that word of her anymore. Any fat she might have had was muscle now, and all the muscle she had was grown large enough to stretch and tear away the skin that had once covered it. Her eyes were bulging out of her head, the expanding tissue having forced them out of their sockets-but despite everything, she eyed the priestess with an air of wary satisfaction.[PARAGRAPH:1]"I think this... is exactly what we need," for the first time today, a smile slowly appeared on the priestess's lips. Her eyes glowing, she turned to the aide, joyous laughter in her voice. "I knew the Undertow would not forsake us! They have gifted some of us inhuman strength, enough to take down all of our foes. Find the others who look like this, they're the ones we want."[PARAGRAPH:1]"And... the others?" the man slowly asked.[PARAGRAPH:1]"The others? Oh," the priestess shrugged, having entirely forgotten about the failures already, "I don't think they can be made into Drown anymore, can they? It really doesn't matter, do what you want with them." She turned away from the aide, smiling and looking at the elven woman with love and adoration in her eyes.[PARAGRAPH:1]"You are so pretty that way, my dear. I'm so glad you made it."	
Magister_CIV4GameText_FFH2.xml	TXT_KEY_SPELL_SUMMON_KRAKEN_PEDIA	[TAB]The Kraken's swimming was slow, leisurely. Thoughts took a while to cross from one edge of its immense brain to the other, the movements of its tentacles almost independent of its mind. Somewhere, far away on the surface, it could faintly sense a distant call which it couldn't resist. But it was not yet in any rush, instinctively knowing that the caller would need time to prepare.[PARAGRAPH:1]In a lazy motion, one of its tentacles made a slow wave around it, dozens of the small fish surrounding it getting caught in the suction cups. It brought the tentacle back to one of its mouths, dined on its snack. A huge swarm of fish followed it wherever it went-countless of them would end up as its meal, but even more would get to dine on its bigger catches. The swarm stretched back for tens of miles, twice as far as the Kraken itself.[PARAGRAPH:1]Gradually it started getting closer to the surface, could feel the call growing more and more demanding. The fish dispersed in fright and then reassembled as the Kraken began swimming faster, faster than it usually ever did. The alien presence was now a burning sun buried in its brain, no longer willing to tolerate any delay. For all of its size, dwarfing small islands, the Kraken was only a servant for the true lords of the sea.[PARAGRAPH:1]When the chosen of the Undertow called, it would obey and serve with all its might.	
Magister_CIV4GameText_FFH2.xml	TXT_KEY_SPELL_STAGNATION	Stagnation	
Magister_CIV4GameText_FFH2.xml	TXT_KEY_SPELL_STAGNATION_HELP	[ICON_BULLET]Disables the plot owner's research and production for one turn	
Magister_CIV4GameText_FFH2.xml	TXT_KEY_SPELL_DISCORD_REBEL	Rebel	
Magister_CIV4GameText_FFH2.xml	TXT_KEY_SPELL_DISCORD_REBEL_HELP	The Sons of Discord need an enemy, or else they will view their commanders as their enemy. They gain the Rebel promotion whenever their owner is not at war.	
Magister_CIV4GameText_FFH2.xml	TXT_KEY_SPELL_ARENA_BATTLE_HELP	[ICON_BULLET]A unit may battle in an arena to grant the city some temporary xp[NEWLINE][ICON_BULLET]The unit gains some free xp, but has a 50% chance of dying (unless it is an Aspect of War)[NEWLINE][ICON_BULLET]Removes the Rebel promotion from Sons of Discord units during peacetime	
Magister_CIV4GameText_FFH2.xml	TXT_KEY_SPELL_REQUIRES_GROUND_CONTACT	[NEWLINE][ICON_BULLET]Requires Ground Contact: Cannot be used while Flying or on water tiles	
Magister_CIV4GameText_FFH2.xml	TXT_KEY_SPELL_REQUIRES_GROUND_CONTACT_RED	[COLOR_RED][NEWLINE][ICON_BULLET]Requires Ground Contact: Cannot be used while Flying or on water tiles[COLOR_REVERT]	
Magister_CIV4GameText_FFH2.xml	TXT_KEY_SPELL_MUTATION_HELP	[ICON_BULLET]Randomly mutates all living units nearby, randomly adjusting their base movement, strength, and damage as well as granting the usual mutation promotions	
Magister_CIV4GameText_FFH2.xml	TXT_KEY_SPELL_RELEASE_SLUAGH	Free Sluagh	
Magister_CIV4GameText_FFH2.xml	TXT_KEY_SPELL_RELEASE_SLUAGH_HELP	[ICON_BULLET]Turns Undead abominations back into Sluaghs[NEWLINE][ICON_BULLET]Cannot effect heroes or national units	
Magister_CIV4GameText_FFH2.xml	TXT_KEY_SPELL_FORCE_POSESSION_HELP	[ICON_BULLET]May empower undead units with the abilities of nearby non-Good aligned Sluaghs[NEWLINE][ICON_BULLET]Takes control of any rival undead units thus empowered[NEWLINE][ICON_BULLET]Grants the Demon Possessed promotion to non-Good aligned livings units nearby[NEWLINE][ICON_BULLET]May take control of the living units it possessed[NEWLINE][ICON_BULLET]Consumes the Sluaghs in the process, preventing them from being resurrected in the future.	
Magister_CIV4GameText_FFH2.xml	TXT_KEY_SPELL_POSSESS_WIGHT	Possess Wight	
Magister_CIV4GameText_FFH2.xml	TXT_KEY_SPELL_EQUIP	Equip	
Magister_CIV4GameText_FFH2.xml	TXT_KEY_SPELL_EQUIP_GOLEMS	Equip Golems	
Magister_CIV4GameText_FFH2.xml	TXT_KEY_SPELL_EQUIP_PEDIA	The Peliguard is a massive temple that is continuously being constructed by a race of powerful golems. They pay little attention to any of the petitioners, angels or even Nantosuelta herself unless anyone attempts to stop their work or damage the temple. In which case they react violently.[PARAGRAPH]The temple itself is an academy and arena in one. This is the place where angelic champions are trained and prepared for war. Most of this time is devoted to combat, but magic, siegecraft, armorsmithing, weaponsmithing, military strategy, history and mental, physical and spiritual endurance are also trained along with a wide variety of other subjects. Anything that helps prepare them to battle the forces of hell.[PARAGRAPH]This is one of the few vaults where angels of other dominions travel freely. Angels of the other good and neutral gods can often be found here training, or teaching.[PARAGRAPH]There are various, elaborate training programs. But the most intense is known as the Suffering. The Suffering is an assault on the body, mind and spirit of those going through it. Nantosuelta herself watches over the trial. And those that fail often do so by falling and becoming demons. If so Nantosuelta destroys them. Those that survive become paragons of faith. It has been said that no one that survives the Suffering will ever fall. And so far, that has been true. To these few are given the most sensitive of tasks, to bear an artifact that cannot be lost, to travel into the hells or to serve one that cannot be betrayed.	
Magister_CIV4GameText_FFH2.xml	TXT_KEY_SPELL_COUNTERFEIT	Counterfeit	
Magister_CIV4GameText_FFH2.xml	TXT_KEY_SPELL_SCORCH_HELP	[ICON_BULLET]Transforms a Plains tile into Desert, a Snow tile into Tundra, a Glacier tile into Wasteland or a Marsh tile into Plains[NEWLINE][ICON_BULLET]Removes the Ice and Blizzard features	
Magister_CIV4GameText_FFH2.xml	TXT_KEY_SPELL_COUNTERFEIT_HELP	[ICON_BULLET]Increases Inflation	
Magister_CIV4GameText_FFH2.xml	TXT_KEY_SPELL_TRANSMOGRIFY_BABOON	Transmogrify to Baboon	
Magister_CIV4GameText_FFH2.xml	TXT_KEY_SPELL_REVERE_DRAGON	Revere this Dragon	
Magister_CIV4GameText_FFH2.xml	TXT_KEY_SPELL_BESEECH_DRAGON	Beseech Dragon	
Magister_CIV4GameText_FFH2.xml	TXT_KEY_SPELL_BESEECH_DRAGON_HELP	Call forth a dragon out of its lair, removing the lair guardian promotion and calling on the dragon attack the fanatic's adjacent enemies	
Magister_CIV4GameText_FFH2.xml	TXT_KEY_SPELL_SUMMON_DRAGON	Summon Dragon	
Magister_CIV4GameText_FFH2.xml	TXT_KEY_TERRAIN_GLACIER	Glacier	
Magister_CIV4GameText_FFH2.xml	TXT_KEY_TERRAIN_WASTELAND	Wasteland	
Magister_CIV4GameText_FFH2.xml	TXT_KEY_TERRAIN_OCEAN_OF_DESPAIR	Ocean of Despair	
Magister_CIV4GameText_FFH2.xml	TXT_KEY_TERRAIN_SEA_OF_SORROWS	Sea of Sorrows	
Magister_CIV4GameText_FFH2.xml	TXT_KEY_TRAIT_SCAVENGER	Scavenger	
Magister_CIV4GameText_FFH2.xml	TXT_KEY_TRAIT_SCAVENGER_SHORT	Scav	
Magister_CIV4GameText_FFH2.xml	TXT_KEY_TRAIT_SEAFARING	Seafaring	
Magister_CIV4GameText_FFH2.xml	TXT_KEY_TRAIT_TRAIT_SEAFARING_SHORT	Sea	
Magister_CIV4GameText_FFH2.xml	TXT_KEY_TRAIT_TOLERANT	Arrogating	
Magister_CIV4GameText_FFH2.xml	TXT_KEY_TRAIT_TOLERANT_SHORT	Arr	
Magister_CIV4GameText_FFH2.xml	TXT_KEY_TRAIT_INSANE_HELP	[NEWLINE][SPACE][SPACE][ICON_BULLET]Traits are randomly switched throughout the game (does not affect civilization traits). The leader's opinion of other leaders may randomly change too. 	
Magister_CIV4GameText_FFH2.xml	TXT_KEY_TRAIT_SEAFARING_SHORT	Sea	
Magister_CIV4GameText_FFH2.xml	TXT_KEY_UNIT_HUNTER_MUSTEVAL	Musteval Hunter	
Magister_CIV4GameText_FFH2.xml	TXT_KEY_UNIT_RANGER_MUSTEVAL	Musteval Ranger	
Magister_CIV4GameText_FFH2.xml	TXT_KEY_UNIT_SCOUT_MUSTEVAL	Musteval Scout	
Magister_CIV4GameText_FFH2.xml	TXT_KEY_UNIT_BEASTMASTER_MUSTEVAL	Musteval Beastmaster	
Magister_CIV4GameText_FFH2.xml	TXT_KEY_UNIT_ASSASSIN_MUSTEVAL	Musteval Assassin	
Magister_CIV4GameText_FFH2.xml	TXT_KEY_UNIT_RANGER_LIZARDMAN	Lizardman Ranger	
Magister_CIV4GameText_FFH2.xml	TXT_KEY_UNIT_BEASTMASTER_LIZARDMAN	Lizardman Beastmaster	
Magister_CIV4GameText_FFH2.xml	TXT_KEY_UNIT_ASSASSIN_LIZARDMAN	Lizardman Assassin	
Magister_CIV4GameText_FFH2.xml	TXT_KEY_UNIT_DRUID_LIZARDMAN	Lizardman Druid	
Magister_CIV4GameText_FFH2.xml	TXT_KEY_UNIT_ADEPT_LAMIA	Lamia Adept	
Magister_CIV4GameText_FFH2.xml	TXT_KEY_UNIT_MAGE_LAMIA	Lamia Mage	
Magister_CIV4GameText_FFH2.xml	TXT_KEY_UNIT_ARCHMAGE_LAMIA	Lamia Archmage	
Magister_CIV4GameText_FFH2.xml	TXT_KEY_UNIT_BRUJAH_STRATEGY	Like normal Berserkers, Brujahs cause collateral damage to four other units when attacking stacks. They also start with the vampire promotion and the abilities that come with it, and their Rage ability grants Burning Blood and Enraged to other units nearby instead of only the caster. . 	
Magister_CIV4GameText_FFH2.xml	TXT_KEY_UNIT_BERSERKER_STRATEGY	A powerful attacking unit that causes collateral damage to units in the opponent's stack. Their defense is low, so they are most effective when teamed up with high defense units like archers to protect from enemy retaliation. Berserkers can use the Berserk ability, which grants them the Burning Blood and Rage promotions. 	
