file	key	english	chinese
Magister_CIV4GameText_FFH2.xml	TXT_KEY_WB_WAGES_OF_SIN_CONCLUSION_MERCURIANS	Word reached Basium that the battle for Tempus Mor was nearing an end. The eternal war was going well in this theatre, when disaster struck. An assassin from the Astur Wastes, that dismal marshland far to the south beyond the Deruptus Mountains, took both the life and the soul of his patron. [NEWLINE][NEWLINE]The archangel did not mind the end of a mortal life, but he mourned the loss of a soul that should have risen to join his ranks forever. Her spirit was strong, the sort that might turn the tide of the war. He thought it was a pity that such a soul had been wasted on a mere mortal woman, rather than a True Angel, and an grave injustice that it should now serve another. [NEWLINE][NEWLINE]The Mercurian commander knew more of these accursed Shades than any mortal, more even than they knew of themselves. They began as a people devoted to his own creator, Arawn, although the God of Death himself was always indifferent to them. Basium knew they has betrayed their lord, and did not consider their ignorance of this fact to be a excuse. "They might not be demons," thought Basium, "or even the undead, but they are indeed a corruption that must be purged from existence. "[NEWLINE][NEWLINE]"Stop!" commanded Gyra, as she materialized to block her twin's path. "You shall not destroy a people under my protection! Their reverence for Arawn is strong. The Compact would not stop me from sending legions of Arawn's Dullahan to protect them!. [NEWLINE][NEWLINE]Basium laughed. "The Compact! What do I care about that old agreement. I rejected it from the start, and am constrained by it no more than a mortal. Besides, I lead the armies of Arawn! Do you not see them? Your pitiful band is no match for mine, and we both know that our maker would never lend you more support. He cares for the prayers of the living no more than a man cares for the prayers of a bug. Would he permit you to guard the thralls of The Pretender? I am not ignorant, dear sister. My Dullahan attest that the soul of Queen Ethne, like all the victims of the Netherblade, are bound not merely to the Netherworld, but to the Kingdom of Laroth; they are being recruited into the resistance. "[PARAGRAPH]"Remember the terms of your fall, dear brother," Gyra rejoined. "You are indeed as constrained as any mortal. Mortals die, and their souls are collected. I can see to it that this happens to you. I would gladly escort your spirit to a cell in our maker's vault. Have you seen Anesidora lately? Time has not been kind to her. Without the divine spark of The One passed down through the children of Nemed, eons as my inmate will not be kind to you either. [PARAGRAPH]Yet that would be a mercy. I should serve your warrant from The Divine Court. Dadga would not risk your escape from Alius Orbis. The portals you once guarded might only let you return here as an unborn babe. You would forget most of who you were before you grow enough to lead armies again, and in the meantime would be vulnerable to the corruptions of the flesh, but too much your purpose would remain. The Court would surely rule you must be remade, stripped of all your memories and made to wander the Wildlands as a mindless beast. Perhaps you could bow before Sucellus, swear to guard the Font of Life for the theif who stole it, and beg "the God of Daisies" so ask court for clemency? I think not. [PARAGRAPH]It is Death the Sidar worship. Arawn is in no condition to help them, but I will not turn away from that responsility. [PARAGRAPH]Take your renegade armies of Life and go. Half of them would abandon you anyway if you diverted them towards this quest. They don't serve you any more than you serve Arawn, or Sucellus. They only follow you for a chance to slay demons. Are all the demons vanquished aready? Funny, it seems like I would have noticed if the Fane of the Lesser's had been closed. No, I believe it is still in business, still trapping souls that belong to my master in order to feed the great machine of hell. Tell you what: I'll handle the Sidar my own way. I'll lead Decius to attack them and confiscate Laroth's blade, but he shall not be permitted to rule or exterminate them. They are to be left in peace after that. I shall handle Laroth myself. If that task is finished before you reach the Gates of Hell, I'll join in your assault. Would you agree to that Compact?" she teased. [NEWLINE][NEWLINE]Basium was not amused, but he agreed to the terms and departed with his army unto the Fane of the Lessers. 	
Magister_CIV4GameText_FFH2.xml	TXT_KEY_WB_WAGES_OF_SIN_CONCLUSION_LJOSALFAR	The war has been a true disaster for our people, every hardship brings with it an opportunity for new growth. It will take generations for the world to recover, but eventually all good things shall come back stronger that they were before. Now that the Mercurian armies march off to fight evils elsewhere, it is our duty to help this land recover. 	
Magister_CIV4GameText_FFH2.xml	TXT_KEY_WB_WAGES_OF_SIN_CONCLUSION_SVARTALFAR	The damage from this conflict was greater than expected, but at least Queen Viconia had her victory. The elven nation would soon fully submit to her, and she could focus on vanquishing her "allies. " Her assassins had already executed most of the ritualists who summoned Hyborem, and she had an amazing trap planned for the next meeting of the Undercouncil. It might not actually be possible to truly kill Os-Gabella, but she would sure enjoy seeing her try to escape from a coffin of mithril and nullstone. Forces had already been dispatched to The Dead Lands to stop Os-Gabella's ally Tebryn Arbandi from completing his world ending rituals. Faeryl looked quite pleased as she walk out onto the dais to address her court. [NEWLINE][NEWLINE]Just as she began her speech, the crowd was shocked to see an assassin materialize behind their queen and stab her straight through her heart. They were then surprised to see the assassin vanish as quickly as he appeared. Those who knew Faeryl were not surprised to see the illusion of her corpse dissolve shortly after the assassin had left. Soon the assassin was surprised to find himself caught in the web of a giant spider, with the real Faeryl staring down at him in glee. [NEWLINE][NEWLINE]"Not a bad try," she said, "for a human. It's not nearly as elegant as Rivanna's last few attempts on my life, but better than some from the newer members of my personal guard. The invisibility was a nice touch, but you relied too heavily on it and got sloppy. How about you tell me who sent you so I can show your people how assassination is supposed to be done? No? Oh, well, I guess I'll just have to find some other way to have fun. "	
Magister_CIV4GameText_FFH2.xml	TXT_KEY_WB_WAGES_OF_SIN_CONCLUSION_INFERNAL	The Overcouncil has been crushed, and the lands of Tempus Mor infected with a taint that will in time spread to merge all Erebus with hell. It has become a new Fane of the Lessers, though I shall not allow lesser demon lords access to his foothold. 	
Magister_CIV4GameText_FFH2.xml	TXT_KEY_WB_WAGES_OF_SIN_HERO_VALIN_INFERNAL	"O Great Lord of the Balors," an imp announced, trembling in fear before Hyborem's might. "Our ally Decius has brought his own enemies to this fight. From the Bannor lands come the Order's hunter, Valin Phanuel, hunting demons and heretics. He ambushed the sect stationed by the southern pass, and vanquished it utterly. I was allowed to escape only to deliver his threats to Commander Achare, but of course I have chosen to inform you first. "[NEWLINE][NEWLINE]Enraged by the news, the archangel slammed the messenger against the palace wall, breaking his wings and causing him to cough up black blood. "Send him your message then," he said, as he hurled the dazed imp through a portal to the Calabim camp. 	
Magister_CIV4GameText_FFH2.xml	TXT_KEY_WB_WAGES_OF_SIN_HERO_VALIN_SVARTALFAR	"Our spies have informed me that the Bannor have sent a great champion of the Order to aid the Elohim in their war against the Infernal. While their welfare is not a top priority, we should ready an assassin to take him out should he venture into the Umbrawood. "	
Magister_CIV4GameText_FFH2.xml	TXT_KEY_WB_WAGES_OF_SIN_HERO_VALIN_LJOSALFAR	"Excellent news my queen: we may now have another ally. The Bannor have not yet sent the army we requested to aid in the war against the Sheaim and Infernal, but they have sent their great hero Valin Phanuel as an advance guard. He has already annihilated a sect stationed near the southern pass of Tempus Mor. This may not directly effect the battle for the Umbrawood, but it may distract Hyborem long enough for us to prepare a defense for the heartland. "	
Magister_CIV4GameText_FFH2.xml	TXT_KEY_WB_WAGES_OF_SIN_HERO_ROSIER_LJOSALFAR	"Terrible news my queen: a great champion has risen up in service of the Ashen Veil. A former Bannor Oathtaker has renounced all virtue and been anointed with blood and equipped with armour bearing the darkest demonic runes. We can only hope that is grudge against our ally Decius keeps him too busy fighting the Malakim to focus his intention on the Umbrawood. "	
Magister_CIV4GameText_FFH2.xml	TXT_KEY_WB_WAGES_OF_SIN_HERO_ROSIER_SVARTALFAR	"Our spies report that a renegade Bannor Oathtaker by the Rosier has just been anointed as a champion of the Ashen Veil, and now rides out against our foes. Keep and eye on him, and prepare an assassin to take his life once our mutual enemies are defeated. "	
Magister_CIV4GameText_FFH2.xml	TXT_KEY_WB_WAGES_OF_SIN_TALIA_1_INFERNAL	The Queen of Storms has come to us to share a plan that she and the Svartalfar have devised to stir discord in the Overcouncil. We are all to keep Commander Decius out of the inner circle of the Undercouncil, isolate him and encourage his relations with the druidess Talia Gosam. To hurry this along, we have decided to let Duke Sallos send his most subtle servants to the Calabim camp to inflame the desires of their flesh. 	
Magister_CIV4GameText_FFH2.xml	TXT_KEY_WB_WAGES_OF_SIN_TALIA_2_INFERNAL	By the Sheaim's request, the Queen of Sorrows herself has been enlisted to whisper into Talia's ear and claim her soul. Soon Varn shall loose that which he loves most, and the Overcouncil shall be broken. 	
Magister_CIV4GameText_FFH2.xml	TXT_KEY_WB_WAGES_OF_SIN_TALIA_2_SVARTALFAR	Our spies have confirmed that Talia now comes often to the bed of Decius, and leaves again quite satisfied. Our progress has been reported to the Deathless Queen, who shall proceed to the next step of the operation soon. 	
Magister_CIV4GameText_FFH2.xml	TXT_KEY_WB_WAGES_OF_SIN_TALIA_1_LJOSALFAR	Arendel traveled to Golden Leane to attend the meeting of the Overcouncil, and chose to stay with the druidess whom Varn had married. Although Talia seemed eager to show off the oasis and claimed to love the life their even more than the forest, Queen Phaedra was not convinced. There was clearly a loneliness within the woman's heart. Arendel believed this was from staying separated from the Fellowship for too long. 	
Magister_CIV4GameText_FFH2.xml	TXT_KEY_WB_WAGES_OF_SIN_TALIA_1_MERCURIANS	Just this front of the war on evil began to turn in our favor, the Overcouncil called a mandatory meeting to discuss the progress. Why must I waste my time listening to mortal men and women prattle on, exchanging worthless pleasantries and coy glances while there is a war to wage? I swear that these mortals have too much of the spirit of compromise in them. I made it clear that I would not let them be such fools as to end this war early, and then stormed out. 	
Magister_CIV4GameText_FFH2.xml	TXT_KEY_WB_WAGES_OF_SIN_TALIA_2_MERCURIANS	Ethne began to explain to the Mercurian commander why the Speaker of the Overcouncil had recently been changed, but he dismissed the matter as trivial mortal politics and returned to the front lines. 	
Magister_CIV4GameText_FFH2.xml	TXT_KEY_WB_WAGES_OF_SIN_TALIA_2_LJOSALFAR	Arendel was surprised to at the absence of both Varn and Talia Gosam from the latest Overcouncil meeting, but was too polite to ask why the other elves were missing. 	
Magister_CIV4GameText_FFH2.xml	TXT_KEY_WB_GIFT_OF_KYLORIN_TREASURE_HASTE	Haste - the first level Body spell increases the movement rate of living units. 	
Magister_CIV4GameText_FFH2.xml	TXT_KEY_WB_GIFT_OF_KYLORIN_TREASURE_CHAOS_MARAUDER	Pit Beast - The demon summoned by the second level Chaos spell is reasonably strong, and may start with all sorts of useful (or not no useful) random promotions, and their duration is extended with each living unit they kill. Beware though, because Pit Beasts are notoriously disloyal and hard to control. They may fight for you one turn, and against you the next. 	
Magister_CIV4GameText_FFH2.xml	TXT_KEY_WB_GIFT_OF_KYLORIN_TREASURE_CREATION	You suddenly feel like a much younger man. No longer so set in your ways, you mind has been opened to learn from the unexpected. Surely this is the blessing of Amathaon. [PARAGRAPH]All spheres of magic have Affinity promotions that allow different spells with different Channeling promotions, but Creation is the only sphere where spells can only be cast with affinity. There is no Creation I, Creation II, or Creation III promotion that arcane units with access to Creation mana can learn from experience. The Creation spells are Muse, Summon Pixie, and Abundance. Muse and Abundance are very useful in cities but useless in dungeons. Pixies act like workers who can be sacrificed for production, culture, or research, but their only real value in this scenario is their ability to create Illusions to act as decoys. [PARAGRAPH]The main value of Creation affinity in this scenario is that the promotion may randomly grant you a Potion of Restoration, which can be used to heal your unit, remove any negative promotions, and restore casting ability. 	
Magister_CIV4GameText_FFH2.xml	TXT_KEY_WB_GIFT_OF_KYLORIN_TREASURE_ESCAPE	Escape - The first level dimensional spell allows you to teleport yourself directly home to your capital city, or, in the case of this scenario, out of the Cave of the Ancestors. [NEWLINE][NEWLINE]Your trial is complete!	
Magister_CIV4GameText_FFH2.xml	TXT_KEY_WB_GIFT_OF_KYLORIN_TREASURE_STONESKIN	Stoneskin - The second level Earth sphere spell allows you to build up a thick defensive layer of earth to wear as a second skin. This significantly improves your ability to withstand enemy attacks. 	
Magister_CIV4GameText_FFH2.xml	TXT_KEY_WB_GIFT_OF_KYLORIN_TREASURE_ENCHANTED_BLADE	Enchanted Blade - The first level Enchantment spell allows you to enhance the weapons of melee units. It will not help Dain directly, but may improve some of his summons. 	
Magister_CIV4GameText_FFH2.xml	TXT_KEY_WB_GIFT_OF_KYLORIN_TREASURE_RUST	Rust - The first Entropy spell allows you to quickly corrode your enemy's weapons. It removed the Bronze Weapons, Iron Weapons, and Mithril Weapons promotions, and adds the Rusted promotion which makes enemies 10% weaker. Note however that Rusted is only applied to Melee units. 	
Magister_CIV4GameText_FFH2.xml	TXT_KEY_WB_GIFT_OF_KYLORIN_TREASURE_TEMPERANCE	Temperance - the basic Force spell allows you to maintain such a balance as to be able to resist damage both holy and unholy	
Magister_CIV4GameText_FFH2.xml	TXT_KEY_WB_GIFT_OF_KYLORIN_TREASURE_SLOW	Slow - The basic Ice sphere spell gives enemy units a promotion that reduces their movement by one point. It can take some time to wear off, granting you or denying them a chance to run away. 	
Magister_CIV4GameText_FFH2.xml	TXT_KEY_WB_GIFT_OF_KYLORIN_TREASURE_EINHERJAR	Summon Einherjar - The mid tier Law spell allows you to summon an angel who can guard your caster and gains increased duration whenever it defeats an enemy. 	
Magister_CIV4GameText_FFH2.xml	TXT_KEY_WB_GIFT_OF_KYLORIN_TREASURE_DESTROY_UNDEAD	Destroy Undead - The mid level Death spell directly deals Holy damage to units of the Undead race. Note that it does not discriminate friend from foe, and can harm your own undead summons as well. 	
Magister_CIV4GameText_FFH2.xml	TXT_KEY_WB_GIFT_OF_KYLORIN_TREASURE_CHARM	Charm - The mid level Mind spell renders enemy units unable to attack, leaving them to wander around harmlessly. 	
Magister_CIV4GameText_FFH2.xml	TXT_KEY_WB_GIFT_OF_KYLORIN_TREASURE_BLOOM	Bloom - The Nature 2 spell allows you to create a New Forest feature on the caster's tile. This will eventually grow into a normal Forest and if you have the Fellowship of the Leaves state religion may then grow into an Ancient Forest. This probably is not the most useful spell within a dungeon, however. 	
Magister_CIV4GameText_FFH2.xml	TXT_KEY_WB_GIFT_OF_KYLORIN_TREASURE_SHADOWWALK	Shadowwalk - The mid level Shadow spell allows you to use enemy roads, ignore the defenses of enemy buildings, and have a chance to withdraw from combat when you would otherwise be defeated. 	
Magister_CIV4GameText_FFH2.xml	TXT_KEY_WB_GIFT_OF_KYLORIN_TREASURE_BLIND	Blinding Light - The second Sun spell allows you to temporarily blind your opponents, rendering them immobile until their vision returns. 	
Magister_CIV4GameText_FFH2.xml	TXT_KEY_WB_GIFT_OF_KYLORIN_WARD_METAMAGIC	There is a meta magic rune on the door ahead. As you approach the rune flares up and pushes you back. 	
Magister_CIV4GameText_FFH2.xml	TXT_KEY_WB_BLOOD_OF_ANGELS_ODIO_VICTORY	The Grigori people rallied to their own defense with greater ardor that the Illians and Doviello had ever thought possible. Their combined forces were mighty, but a few brave adventurers repeatedly drove them back. It seems now that Cassiel may never be vanquished by a mere mortal. [NEWLINE][NEWLINE]Fortunately for Auric, the Philosopher-King was not the only archangel left in Erebus either. There are two who have been confined here for ages, betrayed by their own creators and forever denied an ara of protection. Though it takes great might to break through the prisons of the gods, the captives within would make a worthy sacrifice. [NEWLINE][NEWLINE]"Arise Odio! The malice of modern man is great. As I channel it to you now it breathes breathes life back into your stony flesh. The Curse of Kilmorph shall not hold you long! Aeron abandoned you to her, but you have a new master now. Behold thy new god!"[NEWLINE][NEWLINE]The heart of Odio ignited and the muscles of his chest began to ripple, but he was still mostly rock, unable to see much less free himself. [NEWLINE][NEWLINE]The earth trembled as he uttered the words "How may I serve you my lord?"[NEWLINE][NEWLINE]With a sinister grin, Auric replied; "With your immortal soul. "[NEWLINE][NEWLINE]He plunged a copper dagger deep within the helpless demon's heart, and reveled as a stream of the foulest blood washed over him. Odio's screams caused distant mountains to collapse, but Auric was unmoved. Slowly, carefully, he completed the spell by pushing the daggers blade into his right hand, cutting his flesh and allowing his blood to mix with the dead archangel. [NEWLINE][NEWLINE]In that moment, in a thousand different places in Erebus prophets received visions of a Winter Wyrm swallowing the world. Priests were overcome with a sense of foreboding and a cool wind blew through even the warmest areas. Auric's ascension had begun. 	
Magister_CIV4GameText_FFH2.xml	TXT_KEY_WB_BLOOD_OF_ANGELS_BRIGIT_VICTORY	The Grigori people rallied to their own defense with greater ardor that the Illians and Doviello had ever thought possible. Their combined forces were mighty, but a few brave adventurers repeatedly drove them back. It seems now that Cassiel may never be vanquished by a mere mortal. [NEWLINE][NEWLINE]Fortunately for Auric, the Philosopher-King was not the only archangel left in Erebus either. There are two who have been confined here for ages, betrayed by their own creators and forever denied an ara of protection. Though it takes great might to break through the prisons of the gods, the captives within would make a worthy sacrifice. [NEWLINE][NEWLINE]"Arise, Brigit the Shining! Thy starlight bonds are soon to be dissolved. The dark passion of your fallen mistress shall not go unopposed. Your service here will be invaluable. "[NEWLINE][NEWLINE]"How may I serve your righteous cause," she intoned, with a melody that could fill all but the coldest hearts with love. [NEWLINE][NEWLINE]"Righteous? Who said the cause was Righteous?" Auric grinned. " I am here to restore the ancient order, to return Winter to ascendancy. The flames of passion will have no place there, but are of use to be now. You shall serve me with your dying breath!"[NEWLINE][NEWLINE]Auric hurled the copper dagger from his side directly at the archangel's heart. It struck true. Brigit cried out less in pain than in exertion as he directed all her power at him in the form of white hot flames. Auric merely stepped back and allowed the Ring of Carcer to absorb the entire force of the blow. By the time the barrier had fully collapsed, Brigit lay helpless on the ground, completely exhausted. Auric strode forth and leaned over her dying form. He twisted the blade and watched the last of her shimmering blood drain out. Slowly, carefully, he completed the spell by pushing the daggers blade into his right hand, cutting his flesh and allowing his blood to mix with the dead archangel. [NEWLINE][NEWLINE]In that moment, in a thousand different places in Erebus prophets received visions of a Winter Wyrm swallowing the world. Priests were overcome with a sense of foreboding and a cool wind blew through even the warmest areas. Auric's ascension had begun. 	
Magister_CIV4GameText_FFH2.xml	TXT_KEY_WB_BLOOD_OF_ANGELS_BRIGIT	Our scouts have found the location of the legendary Ring of Carcer! It is said that this is the prison where Bhall trapped her archangel Brigit the Shining when she refused to fall with her mistress. If we can get a unit strong enough to enter the Ring and free her, then we can use her blood for Auric's ritual. 	
Magister_CIV4GameText_FFH2.xml	TXT_KEY_WB_BLOOD_OF_ANGELS_ODIO	Our scouts have found the location of Odio's Prison! It is said that this great stone statue is actually the petrified form of Aeron's archangel. Odio was trapped like this as punishment for defying his lord's orders and going on a rampage against the worshipers of Kilmorph during the time of the truce that led to the signing of The Compact. If we can get a unit strong enough to free him, then his blood would be enough for Auric to complete his ritual. 	
Magister_CIV4GameText_FFH2.xml	TXT_KEY_WB_THE_BLACK_TOWER_DESC	Description: Tebryn means to destroy the world. He has gathered his generals around him and has bent the power of the Dead Lands to his control. If Armageddon is to be prevented Tebryn must be stopped here. [NEWLINE][NEWLINE]Special Rules: Human units won't heal in this scenario. Human units that die are reborn as undead units under Tebryn's control. Tebryn's lands can't be entered until all the other Sheaim players are defeated. [NEWLINE][NEWLINE]Requires: Successful completion of the Radiant Guard scenario. 	
Magister_CIV4GameText_FFH2.xml	TXT_KEY_WB_ARTSTYLE	Art Style	
Magister_CIV4GameText_FFH2.xml	TXT_KEY_UNIT_SETH_PEDIA	Malakim, Age of Rebirth, Chaos 3[PARAGRAPH]High priest of the Sons of Discord. One of the seven Aspects of War.[PARAGRAPH]A Calabim attack wiped out Seth's Malakim village when he was a boy. Alone, he retaliated, striking night after night at Calabim camps, forts and villages. Killing indiscriminately. He killed hundreds, and those that chased him out into the desert never returned. Among the Calabim he became known as "Dreamstealer" because he killed so many in their sleep. Most believed him to be a ghost or demon, not a teenage boy.[PARAGRAPH]Eventually Seth was caught (though they didn't know he was Dreamstealer) and placed in a Calabim slave mine. He toiled in that mine for 3 long years, making friends with only one other slave, a man named Petr. It was then that Camulos called to him, to form a new church upon Erebus. Seth accepted that call and cut out Petr's heart and sacrificed it to Camulos. In response Camulos caused a rage to fall upon the slaves and they rose up against the slavemasters. During that fight Seth escaped from the mine.[PARAGRAPH]Tired of the Calabim and the desert he traveled acting as a mercenary and assassin, and spent time among the Hippus and Lanun. He gathered men as he went and made them disciples of Camulos, forcing them to fight each other to the death to join his church. Forging his church from the bloody arena floor.	
Magister_CIV4GameText_FFH2.xml	TXT_KEY_UNIT_SETH	Seth Sanguis	
Magister_CIV4GameText_FFH2.xml	TXT_KEY_HERE	 on this tile	
Magister_CIV4GameText_FFH2.xml	TXT_KEY_PROXIMITY	proximity to[SPACE]	
Magister_CIV4GameText_FFH2.xml	TXT_KEY_NEARBY	[SPACE]nearby	
MapFinder Options.xml	TXT_KEY_BUG_OPT_MAPFINDER__ENABLED_TEXT	Enabled	
MapFinder Options.xml	TXT_KEY_BUG_OPT_MAPFINDER__ENABLED_HOVER	When checked, the shortcut keys for regenerating the map (ALT + G) and starting/stopping MapFinder (ALT + CTRL + G) are active.	
MapFinder Options.xml	TXT_KEY_BUG_OPT_MAPFINDER__PATH_TEXT	Path	
MapFinder Options.xml	TXT_KEY_BUG_OPT_MAPFINDER__PATH_HOVER	Enter the full path to the MapFinder directory. It must contain the "Rules" folder.	
MapFinder Options.xml	TXT_KEY_BUG_OPT_MAPFINDER__SAVEPATH_TEXT	Save Path	
MapFinder Options.xml	TXT_KEY_BUG_OPT_MAPFINDER__SAVEPATH_HOVER	Enter the full path where maps matching your rules should be saved.	
MapFinder Options.xml	TXT_KEY_BUG_OPT_MAPFINDER__RULEFILE_TEXT	Rule File	
MapFinder Options.xml	TXT_KEY_BUG_OPT_MAPFINDER__RULEFILE_HOVER	Enter the name of the rule file to use for checking maps for save-worthiness, e.g. "Precious Metals.rul".	
MapFinder Options.xml	TXT_KEY_BUG_OPT_MAPFINDER__REGENERATIONDELAY_TEXT	Regenerate Delay	
MapFinder Options.xml	TXT_KEY_BUG_OPT_MAPFINDER__REGENERATIONDELAY_HOVER	Enter the number of seconds to delay before the map is regenerated each time through the MapFinder cycle (default value is 0.0).	
MapFinder Options.xml	TXT_KEY_BUG_OPT_MAPFINDER__SKIPDELAY_TEXT	Skip Delay	
MapFinder Options.xml	TXT_KEY_BUG_OPT_MAPFINDER__SKIPDELAY_HOVER	Enter the number of seconds to pause before starting the next MapFinder cycle when a map fails to pass the rules and is skipped (default value is 0.25).	
MapFinder Options.xml	TXT_KEY_BUG_OPT_MAPFINDER__SAVEDELAY_TEXT	Save Delay	
MapFinder Options.xml	TXT_KEY_BUG_OPT_MAPFINDER__SAVEDELAY_HOVER	Enter the number of seconds to pause before taking the screenshot and saving the map when it passes the rules. Note that there may be an enforced minimum to allow time for the fog of war to recover previously-revealed tiles before taking the screenshot (default value is 2.0).	
MapFinder Options.xml	TXT_KEY_BUG_OPT_MAPFINDER__REGENERATIONLIMIT_TEXT	Regenerate Limit	
MapFinder Options.xml	TXT_KEY_BUG_OPT_MAPFINDER__REGENERATIONLIMIT_HOVER	Enter the maximum number of times MapFinder will regenerate the map before stopping automatically (default value is 1000).	
MapFinder Options.xml	TXT_KEY_BUG_OPT_MAPFINDER__SAVELIMIT_TEXT	Save Limit	
MapFinder Options.xml	TXT_KEY_BUG_OPT_MAPFINDER__SAVELIMIT_HOVER	Enter the maximum number of times MapFinder will save the map before stopping automatically (default value is 1000).	
MapFinder_CIV4GameText.xml	TXT_KEY_MAPFINDER_REQUIRES_BULL	[COLOR_NEGATIVE_TEXT]MapFinder requires BULL to function[COLOR_REVERT]	
MapFinder_CIV4GameText.xml	TXT_KEY_MAPFINDER_CANNOT_REGENERATE	[COLOR_WARNING_TEXT]MapFinder cannot regenerate the map[COLOR_REVERT][NEWLINE]Exit to the main menu, start a new game, and try again.	
MapFinder_CIV4GameText.xml	TXT_KEY_MAPFINDER_REGENERATE_FAILED	[COLOR_WARNING_TEXT]MapFinder failed to regenerate the map[COLOR_REVERT][NEWLINE]Exit to the main menu, start a new game, and try again.	
MapFinder_CIV4GameText.xml	TXT_KEY_MAPFINDER_INVALID_PATH	[COLOR_NEGATIVE_TEXT]MapFinder path is invalid: %s1[COLOR_REVERT]	
MapFinder_CIV4GameText.xml	TXT_KEY_MAPFINDER_INVALID_SYSTEM_FILE	[COLOR_NEGATIVE_TEXT]MapFinder system file not found: %s1[COLOR_REVERT]	
MapFinder_CIV4GameText.xml	TXT_KEY_MAPFINDER_INVALID_RULE_FILE	[COLOR_NEGATIVE_TEXT]MapFinder rule file not found: %s1[COLOR_REVERT]	
MapFinder_CIV4GameText.xml	TXT_KEY_MAPFINDER_INVALID_SAVE_PATH	[COLOR_NEGATIVE_TEXT]MapFinder save file path is invalid: %s1[COLOR_REVERT]	
MapFinder_CIV4GameText.xml	TXT_KEY_MAPFINDER_SCREEN_TITLE	[COLOR_HIGHLIGHT_TEXT]MapFinder[COLOR_REVERT]	
MapFinder_CIV4GameText.xml	TXT_KEY_MAPFINDER_TOTAL_MAPS	Maps	
MapFinder_CIV4GameText.xml	TXT_KEY_MAPFINDER_TOTAL_SAVES	Saves	
MapFinder_CIV4GameText.xml	TXT_KEY_MAPFINDER_STOP_SHORTCUT	ALT + CTRL + SHIFT + G to Stop	
MapFinder_CIV4GameText.xml	TXT_KEY_MAPFINDER_REGNERATING	Regenerating Map...	
MapFinder_CIV4GameText.xml	TXT_KEY_MAPFINDER_SAVING	Saving Game...	
MapFinder_CIV4GameText.xml	TXT_KEY_MAPFINDER_ALREADY_RUNNING	[COLOR_WARNING_TEXT]MapFinder is already running[COLOR_REVERT]	
MapFinder_CIV4GameText.xml	TXT_KEY_MAPFINDER_NOT_RUNNING	[COLOR_WARNING_TEXT]MapFinder is not running[COLOR_REVERT]	
MapFinder_CIV4GameText.xml	TXT_KEY_MAPFINDER_STOPPED	MapFinder stopped	
Misc Text.xml	TXT_KEY_LANGUAGE_5	Finnish	
Misc Text.xml	TXT_KEY_UNTIL	Until	
Misc Text.xml	TXT_KEY_UNIT_CULTURE_GARRISON_VALUE	[ICON_BULLET]Garrison Value: %d1	
Misc Text.xml	TXT_KEY_MISC_PUPPET_STATE_LEGITIMIZED	The %s1_CivName have been recognized as a legitimate nation!	
Misc.xml	TXT_KEY_ASSERTS_ENABLED	Asserts enabled	
Misc.xml	TXT_KEY_DEBUG_BUILD	Debug build	
Misc.xml	TXT_KEY_MESSAGE_DIFFICULTY_CHANGE_FLEX_INCR	(flex. %d1 turns, incr. %d2 turns)	
Misc.xml	TXT_KEY_VICTORY_SCREEN_CITY_CULTURE	%d1 cities with %s2 Culture (%d3)	
MiscHelp.xml	TXT_KEY_TURNS_UNTIL_50_PERCENT_NATIONALITY	Turns until 50% %s1&#x003a; %d2	
MiscHelp.xml	TXT_KEY_GOLD_PER_CITY	%d1[ICON_GOLD]/city	
MiscHelp.xml	TXT_KEY_NEXT_GOLD	Needs %d1[ICON_GOLD]/city for %s2	
MiscHelp.xml	TXT_KEY_HELP_FEATURE_REQUIRE_RESIST	[NEWLINE][ICON_BULLET]Units must have %d1%% resistance against %s2 damage to enter.	
MoreCiv4lerts Options.xml	TXT_KEY_BUG_OPT_MORECIV4LERTS__CITYFOUNDED_TEXT	City Founded by Rival	
MoreCiv4lerts Options.xml	TXT_KEY_BUG_OPT_MORECIV4LERTS__CITYFOUNDED_HOVER	When checked, displays an alert when a rival founds a city.	
MoreCiv4lerts Options.xml	TXT_KEY_BUG_OPT_MORECIV4LERTS__CITYPENDINGBORDEREXPANSION_TEXT	Pending Border Expansion	
MoreCiv4lerts Options.xml	TXT_KEY_BUG_OPT_MORECIV4LERTS__CITYPENDINGBORDEREXPANSION_HOVER	When checked, displays an alert when a city will expand its cultural borders next turn.	
MoreCiv4lerts Options.xml	TXT_KEY_BUG_OPT_MORECIV4LERTS__OPENBORDERSTRADE_TEXT	Open Borders	
MoreCiv4lerts Options.xml	TXT_KEY_BUG_OPT_MORECIV4LERTS__OPENBORDERSTRADE_HOVER	When checked, displays an alert when a civilization is willing to sign an "Open Borders" agreement.	
MoreCiv4lerts Options.xml	TXT_KEY_BUG_OPT_MORECIV4LERTS__DEFENSIVEPACTTRADE_TEXT	Defensive Pact	
MoreCiv4lerts Options.xml	TXT_KEY_BUG_OPT_MORECIV4LERTS__DEFENSIVEPACTTRADE_HOVER	When checked, displays an alert when a civilization is willing to sign a "Defensive Pact" agreement.	
MoreCiv4lerts Options.xml	TXT_KEY_BUG_OPT_MORECIV4LERTS__PERMANENTALLIANCETRADE_TEXT	Permanent Alliance	
MoreCiv4lerts Options.xml	TXT_KEY_BUG_OPT_MORECIV4LERTS__PERMANENTALLIANCETRADE_HOVER	When checked, displays an alert when a civilization is willing to sign a "Permanent Alliance" agreement.	
MoreCiv4lerts Options.xml	TXT_KEY_BUG_OPT_MORECIV4LERTS__VASSALTRADE_TEXT	Vassal	
MoreCiv4lerts Options.xml	TXT_KEY_BUG_OPT_MORECIV4LERTS__VASSALTRADE_HOVER	When checked, displays an alert when a civilization is willing to become your vassal.	
MoreCiv4lerts Options.xml	TXT_KEY_BUG_OPT_MORECIV4LERTS__PEACETRADE_TEXT	Peace Treaty	
MoreCiv4lerts Options.xml	TXT_KEY_BUG_OPT_MORECIV4LERTS__PEACETRADE_HOVER	When checked, displays an alert when a civilization is willing to sign a Peace Treaty.	
MoreCiv4lerts Options.xml	TXT_KEY_BUG_OPT_MORECIV4LERTS__WARTRADE_TEXT	War Trade	
MoreCiv4lerts Options.xml	TXT_KEY_BUG_OPT_MORECIV4LERTS__WARTRADE_HOVER	When checked, displays an alert when a civilization is willing to trade for war.	
MoreCiv4lerts Options.xml	TXT_KEY_BUG_OPT_MORECIV4LERTS__SURRENDERTRADE_TEXT	Capitulation	
MoreCiv4lerts Options.xml	TXT_KEY_BUG_OPT_MORECIV4LERTS__SURRENDERTRADE_HOVER	When checked, displays an alert when a civilization is willing to capitulate during war.	
MoreCiv4lerts Options.xml	TXT_KEY_BUG_OPT_MORECIV4LERTS__TECHTRADE_TEXT	Technologies	
MoreCiv4lerts Options.xml	TXT_KEY_BUG_OPT_MORECIV4LERTS__TECHTRADE_HOVER	When checked, displays an alert when a civilization is willing to trade technologies.	
MoreCiv4lerts Options.xml	TXT_KEY_BUG_OPT_MORECIV4LERTS__BONUSTRADE_TEXT	Resources	
MoreCiv4lerts Options.xml	TXT_KEY_BUG_OPT_MORECIV4LERTS__BONUSTRADE_HOVER	When checked, displays an alert when a civilization is willing to trade resources.	
MoreCiv4lerts Options.xml	TXT_KEY_BUG_OPT_MORECIV4LERTS__MAPTRADE_TEXT	Maps	
MoreCiv4lerts Options.xml	TXT_KEY_BUG_OPT_MORECIV4LERTS__MAPTRADE_HOVER	When checked, displays an alert when a civilization is willing to trade their map.	
MoreCiv4lerts Options.xml	TXT_KEY_BUG_OPT_MORECIV4LERTS__DOMPOP_TEXT	Domination: Population	
MoreCiv4lerts Options.xml	TXT_KEY_BUG_OPT_MORECIV4LERTS__DOMPOP_HOVER	When checked, displays an alert when your population is close to or exceeds the limit for a Domination victory.	
MoreCiv4lerts Options.xml	TXT_KEY_BUG_OPT_MORECIV4LERTS__DOMPOPTHRESH_TEXT	Pop Threshold	
MoreCiv4lerts Options.xml	TXT_KEY_BUG_OPT_MORECIV4LERTS__DOMPOPTHRESH_HOVER	Population threshold for Domination victory.	
MoreCiv4lerts Options.xml	TXT_KEY_BUG_OPT_MORECIV4LERTS__DOMLAND_TEXT	Domination: Land	
MoreCiv4lerts Options.xml	TXT_KEY_BUG_OPT_MORECIV4LERTS__DOMLAND_HOVER	When checked, displays an alert when your land area is close to or exceeds the limit for a Domination victory.	
MoreCiv4lerts Options.xml	TXT_KEY_BUG_OPT_MORECIV4LERTS__DOMLANDTHRESH_TEXT	Land Threshold	
MoreCiv4lerts Options.xml	TXT_KEY_BUG_OPT_MORECIV4LERTS__DOMLANDTHRESH_HOVER	Land threshold for Domination victory.	
MoreCiv4lerts_CIV4GameText.xml	TXT_KEY_MISC_BORDERS_EXPANDED	[COLOR_MAGENTA]The borders of %s1_CityName have expanded![COLOR_REVERT]	
MoreCiv4lerts_CIV4GameText.xml	TXT_KEY_MORECIV4LERTS_CITY_TO_EXPAND	[COLOR_MAGENTA]The borders of %s1 are about to expand.[COLOR_REVERT]	
MoreCiv4lerts_CIV4GameText.xml	TXT_KEY_MORECIV4LERTS_CITY_FOUNDED	%s1_Player has founded %s2_City.	
MoreCiv4lerts_CIV4GameText.xml	TXT_KEY_MORECIV4LERTS_CITY_FOUNDED_UNSEEN	%s1_Player has founded %s2_City in a distant land.	
MoreCiv4lerts_CIV4GameText.xml	TXT_KEY_MORECIV4LERTS_POP_EXCEEDS_LIMIT	[COLOR_WARNING_TEXT]Your population: %d1 (%s2) exceeds the Domination Limit: %d3 (%s4)[COLOR_REVERT]	
MoreCiv4lerts_CIV4GameText.xml	TXT_KEY_MORECIV4LERTS_POP_CLOSE_TO_LIMIT	[COLOR_WARNING_TEXT]Your population: %d1 (%s2) is close to the Domination Limit: %d3 (%s4)[COLOR_REVERT]	
MoreCiv4lerts_CIV4GameText.xml	TXT_KEY_MORECIV4LERTS_POP_GROWTH_EXCEEDS_LIMIT	[COLOR_WARNING_TEXT]Your population: %d1, plus growth: %d2 (%s3) will exceed the Domination Limit: %d4 (%s5)[COLOR_REVERT]	
MoreCiv4lerts_CIV4GameText.xml	TXT_KEY_MORECIV4LERTS_POP_GROWTH_CLOSE_TO_LIMIT	[COLOR_WARNING_TEXT]Your population: %d1, plus growth: %d2 (%s3) will put close to the Domination Limit: %d4 (%s5)[COLOR_REVERT]	
MoreCiv4lerts_CIV4GameText.xml	TXT_KEY_MORECIV4LERTS_LAND_EXCEEDS_LIMIT	[COLOR_WARNING_TEXT]Your land area: %d1 (%s2) exceeds the Domination Limit: %d3 (%s4)[COLOR_REVERT]	
MoreCiv4lerts_CIV4GameText.xml	TXT_KEY_MORECIV4LERTS_LAND_CLOSE_TO_LIMIT	[COLOR_WARNING_TEXT]Your land area: %d1 (%s2) is close to the Domination Limit: %d3 (%s4)[COLOR_REVERT]	
MoreCiv4lerts_CIV4GameText.xml	TXT_KEY_MORECIV4LERTS_NEW_TECH_AVAIL	[COLOR_TECH_TEXT]%s1 will trade %s2[COLOR_REVERT]	
MoreCiv4lerts_CIV4GameText.xml	TXT_KEY_MORECIV4LERTS_TECH_NOT_AVAIL	[COLOR_TECH_TEXT]%s1 won't trade %s2[COLOR_REVERT]	
MoreCiv4lerts_CIV4GameText.xml	TXT_KEY_MORECIV4LERTS_NEW_BONUS_AVAIL	[COLOR_HIGHLIGHT_TEXT]%s1 will trade %s2[COLOR_REVERT]	
MoreCiv4lerts_CIV4GameText.xml	TXT_KEY_MORECIV4LERTS_BONUS_NOT_AVAIL	[COLOR_HIGHLIGHT_TEXT]%s1 won't trade %s2[COLOR_REVERT]	
MoreCiv4lerts_CIV4GameText.xml	TXT_KEY_MORECIV4LERTS_MAP	[COLOR_TECH_TEXT]Will Trade Map: %s1[COLOR_REVERT]	
MoreCiv4lerts_CIV4GameText.xml	TXT_KEY_MORECIV4LERTS_OPEN_BORDERS	[COLOR_TECH_TEXT]Will Sign Open Borders: %s1[COLOR_REVERT]	
MoreCiv4lerts_CIV4GameText.xml	TXT_KEY_MORECIV4LERTS_DEFENSIVE_PACT	[COLOR_TECH_TEXT]Will Sign a Defensive Pact: %s1[COLOR_REVERT]	
MoreCiv4lerts_CIV4GameText.xml	TXT_KEY_MORECIV4LERTS_PERMANENT_ALLIANCE	[COLOR_TECH_TEXT]Will Sign a Permanent Alliance: %s1[COLOR_REVERT]	
MoreCiv4lerts_CIV4GameText.xml	TXT_KEY_MORECIV4LERTS_VASSAL	[COLOR_TECH_TEXT]Will Become a Vassal: %s1[COLOR_REVERT]	
MoreCiv4lerts_CIV4GameText.xml	TXT_KEY_MORECIV4LERTS_SURRENDER	[COLOR_TECH_TEXT]Will Capitulate: %s1[COLOR_REVERT]	
MoreCiv4lerts_CIV4GameText.xml	TXT_KEY_MORECIV4LERTS_PEACE_TREATY	[COLOR_TECH_TEXT]Will Sign Peace Treaty: %s1[COLOR_REVERT]	
MoreCiv4lerts_CIV4GameText.xml	TXT_KEY_MORECIV4LERTS_TRADE_WAR	[COLOR_TECH_TEXT]Will Discuss War Deal: %s1[COLOR_REVERT]	
Not Just Another Game Clock Options.xml	TXT_KEY_BUG_OPT_NJAGC__ENABLED_TEXT	Enable NJAGC	
Not Just Another Game Clock Options.xml	TXT_KEY_BUG_OPT_NJAGC__ENABLED_HOVER	When checked, the game clock is displayed using TheLopez's NJAGC mod.	
Not Just Another Game Clock Options.xml	TXT_KEY_BUG_OPT_NJAGC__SHOWERA_TEXT	Display Era	
Not Just Another Game Clock Options.xml	TXT_KEY_BUG_OPT_NJAGC__SHOWERA_HOVER	When checked, the current era is displayed to the left of the research bar.	
Not Just Another Game Clock Options.xml	TXT_KEY_BUG_OPT_NJAGC__SHOWERACOLOR_TEXT	Use Era-Related Colors	
Not Just Another Game Clock Options.xml	TXT_KEY_BUG_OPT_NJAGC__SHOWERACOLOR_HOVER	When checked, the game date and era are displayed using a color for each era.	
Not Just Another Game Clock Options.xml	TXT_KEY_BUG_OPT_NJAGC__COLOR_ERA_ANCIENT_TEXT	Ancient Era	
Not Just Another Game Clock Options.xml	TXT_KEY_BUG_OPT_NJAGC__COLOR_ERA_ANCIENT_HOVER	Color to use for the Ancient era.	
Not Just Another Game Clock Options.xml	TXT_KEY_BUG_OPT_NJAGC__COLOR_ERA_CLASSICAL_TEXT	Classical Era	
Not Just Another Game Clock Options.xml	TXT_KEY_BUG_OPT_NJAGC__COLOR_ERA_CLASSICAL_HOVER	Color to use for the Classical era.	
Not Just Another Game Clock Options.xml	TXT_KEY_BUG_OPT_NJAGC__COLOR_ERA_MEDIEVAL_TEXT	Medieval Era	
Not Just Another Game Clock Options.xml	TXT_KEY_BUG_OPT_NJAGC__COLOR_ERA_MEDIEVAL_HOVER	Color to use for the Medieval era.	
Not Just Another Game Clock Options.xml	TXT_KEY_BUG_OPT_NJAGC__COLOR_ERA_RENAISSANCE_TEXT	Renaissance Era	
Not Just Another Game Clock Options.xml	TXT_KEY_BUG_OPT_NJAGC__COLOR_ERA_RENAISSANCE_HOVER	Color to use for the Renaissance era.	
Not Just Another Game Clock Options.xml	TXT_KEY_BUG_OPT_NJAGC__COLOR_ERA_INDUSTRIAL_TEXT	Industrial Era	
Not Just Another Game Clock Options.xml	TXT_KEY_BUG_OPT_NJAGC__COLOR_ERA_INDUSTRIAL_HOVER	Color to use for the Industrial era.	
Not Just Another Game Clock Options.xml	TXT_KEY_BUG_OPT_NJAGC__COLOR_ERA_MODERN_TEXT	Modern Era	
Not Just Another Game Clock Options.xml	TXT_KEY_BUG_OPT_NJAGC__COLOR_ERA_MODERN_HOVER	Color to use for the Modern era.	
Not Just Another Game Clock Options.xml	TXT_KEY_BUG_OPT_NJAGC__COLOR_ERA_FUTURE_TEXT	Future Era	
Not Just Another Game Clock Options.xml	TXT_KEY_BUG_OPT_NJAGC__COLOR_ERA_FUTURE_HOVER	Color to use for the Future era.	
Not Just Another Game Clock Options.xml	TXT_KEY_BUG_OPT_NJAGC__SHOWTIME_TEXT	Clock	
Not Just Another Game Clock Options.xml	TXT_KEY_BUG_OPT_NJAGC__SHOWTIME_HOVER	When checked, the real time is displayed.	
Not Just Another Game Clock Options.xml	TXT_KEY_BUG_OPT_NJAGC__SHOWCOMPLETEDTURNS_TEXT	Completed Turns	
Not Just Another Game Clock Options.xml	TXT_KEY_BUG_OPT_NJAGC__SHOWCOMPLETEDTURNS_HOVER	When checked, the number of turns completed is displayed.	
Not Just Another Game Clock Options.xml	TXT_KEY_BUG_OPT_NJAGC__SHOWTOTALTURNS_TEXT	Total Turns	
Not Just Another Game Clock Options.xml	TXT_KEY_BUG_OPT_NJAGC__SHOWTOTALTURNS_HOVER	When checked, the total turns in the game is displayed if Time Victory is enabled.	
Not Just Another Game Clock Options.xml	TXT_KEY_BUG_OPT_NJAGC__SHOWCOMPLETEDPERCENT_TEXT	Completed Percentage	
Not Just Another Game Clock Options.xml	TXT_KEY_BUG_OPT_NJAGC__SHOWCOMPLETEDPERCENT_HOVER	When checked, the completed percentage is displayed if Time Victory is enabled.	
Not Just Another Game Clock Options.xml	TXT_KEY_BUG_OPT_NJAGC__SHOWDATE_TEXT	Game Date and Golden Age Turns	
Not Just Another Game Clock Options.xml	TXT_KEY_BUG_OPT_NJAGC__SHOWDATE_HOVER	When checked, the in-game date and turns left in a Golden Age are displayed.	
Not Just Another Game Clock Options.xml	TXT_KEY_BUG_OPT_NJAGC__ALTERNATETEXT_TEXT	Alternate Game Clock	
Not Just Another Game Clock Options.xml	TXT_KEY_BUG_OPT_NJAGC__ALTERNATETEXT_HOVER	When checked, the game clock switches between two views: standard and alternate.	
Not Just Another Game Clock Options.xml	TXT_KEY_BUG_OPT_NJAGC__ALTTIMING_TEXT	Period (in seconds)	
Not Just Another Game Clock Options.xml	TXT_KEY_BUG_OPT_NJAGC__ALTTIMING_HOVER	Select the time each view of the game clock is displayed when alternating is enabled.	
Not Just Another Game Clock Options.xml	TXT_KEY_BUG_OPT_NJAGC__SHOWALTTIME_TEXT	Clock	
Not Just Another Game Clock Options.xml	TXT_KEY_BUG_OPT_NJAGC__SHOWALTTIME_HOVER	When checked, the real time is displayed.	
Not Just Another Game Clock Options.xml	TXT_KEY_BUG_OPT_NJAGC__SHOWALTCOMPLETEDTURNS_TEXT	Completed Turns	
Not Just Another Game Clock Options.xml	TXT_KEY_BUG_OPT_NJAGC__SHOWALTCOMPLETEDTURNS_HOVER	When checked, the number of turns completed is displayed.	
Not Just Another Game Clock Options.xml	TXT_KEY_BUG_OPT_NJAGC__SHOWALTTOTALTURNS_TEXT	Total Turns	
Not Just Another Game Clock Options.xml	TXT_KEY_BUG_OPT_NJAGC__SHOWALTTOTALTURNS_HOVER	When checked, the total turns in the game is displayed if Time Victory is enabled.	
Not Just Another Game Clock Options.xml	TXT_KEY_BUG_OPT_NJAGC__SHOWALTCOMPLETEDPERCENT_TEXT	Completed Percentage	
Not Just Another Game Clock Options.xml	TXT_KEY_BUG_OPT_NJAGC__SHOWALTCOMPLETEDPERCENT_HOVER	When checked, the completed percentage is displayed if Time Victory is enabled.	
Not Just Another Game Clock Options.xml	TXT_KEY_BUG_OPT_NJAGC__SHOWALTDATE_TEXT	Game Date and Golden Age Turns	
Not Just Another Game Clock Options.xml	TXT_KEY_BUG_OPT_NJAGC__SHOWALTDATE_HOVER	When checked, the in-game date and turns left in a Golden Age are displayed.	
PlatyPedia_CIV4GameText.xml	TXT_KEY_PEDIA_HIDE_INACTIVE	Hide Inactive	
PlatyPedia_CIV4GameText.xml	TXT_KEY_PEDIA_CATEGORY_ROUTE	Routes	
PlatyPedia_CIV4GameText.xml	TXT_KEY_PEDIA_DOMAIN	Domain	
PlatyPedia_CIV4GameText.xml	TXT_PEDIA_NATIONAL_STUFF	National %s1	
PlatyPedia_CIV4GameText.xml	TXT_PEDIA_TEAM_STUFF	Team %s1	
PlatyPedia_CIV4GameText.xml	TXT_PEDIA_WORLD_STUFF	World %s1	
PlatyPedia_CIV4GameText.xml	TXT_PEDIA_NON_COMBAT	Non-Combat Units	
PlatyPedia_CIV4GameText.xml	TXT_KEY_PLOT_HILLS	Hills	
PlatyPedia_CIV4GameText.xml	TXT_KEY_PLOT_FLATLANDS	Flatlands	
Plot List Enhancements Options.xml	TXT_KEY_BUG_OPT_PLE__ENABLED_TEXT	Enabled	
Plot List Enhancements Options.xml	TXT_KEY_BUG_OPT_PLE__ENABLED_HOVER	Enables the Plot List Enhancements mod and the rest of the options on this tab.	
Plot List Enhancements Options.xml	TXT_KEY_BUG_OPT_PLE__PLE_STYLE_TEXT	PLE Style	
Plot List Enhancements Options.xml	TXT_KEY_BUG_OPT_PLE__PLE_STYLE_HOVER	Enables the Plot List Enhancements mod and the rest of the options on this tab.	
Plot List Enhancements Options.xml	TXT_KEY_BUG_OPT_PLE__DEFAULT_VIEW_MODE_TEXT	Default View	
Plot List Enhancements Options.xml	TXT_KEY_BUG_OPT_PLE__DEFAULT_VIEW_MODE_HOVER	Sets the view mode used when you start Civ IV.[NEWLINE][ICON_BULLET][COLOR_HIGHLIGHT_TEXT]Single Row[COLOR_REVERT] - Original Civ IV view[NEWLINE][ICON_BULLET][COLOR_HIGHLIGHT_TEXT]Multiple Rows[COLOR_REVERT] - Standard Beyond the Sword view[NEWLINE][ICON_BULLET][COLOR_HIGHLIGHT_TEXT]Vertical Groups[COLOR_REVERT] - Units are grouped together in columns[NEWLINE][ICON_BULLET][COLOR_HIGHLIGHT_TEXT]Horizontal Groups[COLOR_REVERT] - Units are grouped together in rows	
Plot List Enhancements Options.xml	TXT_KEY_BUG_OPT_PLE__DEFAULT_VIEW_MODE_LIST	Single Row|Multiple Rows|Vertical Groups|Horizontal Groups	
Plot List Enhancements Options.xml	TXT_KEY_BUG_OPT_PLE__DEFAULT_GROUP_MODE_TEXT	Default Grouping	
Plot List Enhancements Options.xml	TXT_KEY_BUG_OPT_PLE__DEFAULT_GROUP_MODE_HOVER	Sets the grouping mode used when you start Civ IV. It alters how units are grouped in the different view modes.[NEWLINE][ICON_BULLET][COLOR_HIGHLIGHT_TEXT]Unit Type[COLOR_REVERT] - Units are grouped by their type (Archer, Chariot, Tank, etc)[NEWLINE][ICON_BULLET][COLOR_HIGHLIGHT_TEXT]Selection Groups[COLOR_REVERT] - Units are grouped by the selection groups they are in	
Plot List Enhancements Options.xml	TXT_KEY_BUG_OPT_PLE__DEFAULT_GROUP_MODE_LIST	Unit Type|Selection Group	
Plot List Enhancements Options.xml	TXT_KEY_BUG_OPT_PLE__SHOW_BUTTONS_TEXT	Show Mode/Filter Buttons	
Plot List Enhancements Options.xml	TXT_KEY_BUG_OPT_PLE__SHOW_BUTTONS_HOVER	When checked, the buttons for changing the view, grouping and filter modes are displayed above the action buttons.	
Plot List Enhancements Options.xml	TXT_KEY_BUG_OPT_PLE__DRAW_METHOD_LIST	PLE|Vanilla|BUG	
Plot List Enhancements Options.xml	TXT_KEY_BUG_OPT_PLE__DRAW_METHOD_TEXT	Draw Method	
Plot List Enhancements Options.xml	TXT_KEY_BUG_OPT_PLE__DRAW_METHOD_HOVER	Sets the draw method.[NEWLINE][ICON_BULLET][COLOR_HIGHLIGHT_TEXT]PLE[COLOR_REVERT] - uses the 'draw' code that was originally provided by the PLE enhancement[NEWLINE][ICON_BULLET][COLOR_HIGHLIGHT_TEXT]Vanilla[COLOR_REVERT] - uses the 'draw' code that was in the original game (or close enough)[NEWLINE][ICON_BULLET][COLOR_HIGHLIGHT_TEXT]BUG[COLOR_REVERT] - uses the 'draw' code that is currently being developed by the BUG team to only redraw those graphical items that have changed	
Plot List Enhancements Options.xml	TXT_KEY_BUG_OPT_PLE__FILTER_BEHAVIOR_TEXT	Filter Behavior	
Plot List Enhancements Options.xml	TXT_KEY_BUG_OPT_PLE__FILTER_BEHAVIOR_HOVER	Sets how the filter buttons behave.[NEWLINE][ICON_BULLET][COLOR_HIGHLIGHT_TEXT]PLE[COLOR_REVERT] - Selected filters remove the units they match from view, and related filters operate independently from each other (you can select both wounded and healthy, resulting in an empty view)[NEWLINE][ICON_BULLET][COLOR_HIGHLIGHT_TEXT]BUG[COLOR_REVERT] - Selected filters remove non-matching units from view, and related filters are exclusive (selecting wounded deselects healthy, selecting air deselects both land and sea)	
Plot List Enhancements Options.xml	TXT_KEY_BUG_OPT_PLE__FILTER_BEHAVIOR_LIST	PLE|BUG	
Plot List Enhancements Options.xml	TXT_KEY_BUG_OPT_PLE__HEALTH_BAR_TEXT	Health Bar	
Plot List Enhancements Options.xml	TXT_KEY_BUG_OPT_PLE__HEALTH_BAR_HOVER	Shows a bar above the unit icon displaying the unit's health and damage.	
Plot List Enhancements Options.xml	TXT_KEY_BUG_OPT_PLE__HIDE_HEALTH_FIGHTING_TEXT	Hide During Combat	
Plot List Enhancements Options.xml	TXT_KEY_BUG_OPT_PLE__HIDE_HEALTH_FIGHTING_HOVER	Hides the Health Bar when a unit is in combat.	
Plot List Enhancements Options.xml	TXT_KEY_BUG_OPT_PLE__HEALTHY_COLOR_TEXT	Healthy	
Plot List Enhancements Options.xml	TXT_KEY_BUG_OPT_PLE__HEALTHY_COLOR_HOVER	The color to use for the healthy portion of the bar.	
Plot List Enhancements Options.xml	TXT_KEY_BUG_OPT_PLE__WOUNDED_COLOR_TEXT	Wounded	
Plot List Enhancements Options.xml	TXT_KEY_BUG_OPT_PLE__WOUNDED_COLOR_HOVER	The color to use for the wounded portion of the bar.	
Plot List Enhancements Options.xml	TXT_KEY_BUG_OPT_PLE__MOVE_BAR_TEXT	Movement Bar	
Plot List Enhancements Options.xml	TXT_KEY_BUG_OPT_PLE__MOVE_BAR_HOVER	Shows a bar above the unit icon displaying the unit's movement points.	
Plot List Enhancements Options.xml	TXT_KEY_BUG_OPT_PLE__FULL_MOVEMENT_COLOR_TEXT	Available	
Plot List Enhancements Options.xml	TXT_KEY_BUG_OPT_PLE__FULL_MOVEMENT_COLOR_HOVER	The color to use for the available movement portion of the bar.	
Plot List Enhancements Options.xml	TXT_KEY_BUG_OPT_PLE__HAS_MOVED_COLOR_TEXT	Used	
Plot List Enhancements Options.xml	TXT_KEY_BUG_OPT_PLE__HAS_MOVED_COLOR_HOVER	The color to use for the used movement portion of the bar.	
Plot List Enhancements Options.xml	TXT_KEY_BUG_OPT_PLE__NO_MOVEMENT_COLOR_TEXT	Cannot Move	
Plot List Enhancements Options.xml	TXT_KEY_BUG_OPT_PLE__NO_MOVEMENT_COLOR_HOVER	The color to use for the whole bar when the unit cannot move anymore.	
Plot List Enhancements Options.xml	TXT_KEY_BUG_OPT_PLE__WOUNDED_INDICATOR_TEXT	Wounded Dot	
Plot List Enhancements Options.xml	TXT_KEY_BUG_OPT_PLE__WOUNDED_INDICATOR_HOVER	Darkens the dot in the upper-left corner of units that are wounded.	
Plot List Enhancements Options.xml	TXT_KEY_BUG_OPT_PLE__LEAD_BY_GG_INDICATOR_TEXT	Great General	
Plot List Enhancements Options.xml	TXT_KEY_BUG_OPT_PLE__LEAD_BY_GG_INDICATOR_HOVER	Places a star on units that are lead by a Great General.	
Plot List Enhancements Options.xml	TXT_KEY_BUG_OPT_PLE__PROMOTION_INDICATOR_TEXT	Promotion Available	
Plot List Enhancements Options.xml	TXT_KEY_BUG_OPT_PLE__PROMOTION_INDICATOR_HOVER	Places a light blue border around units that can be promoted.	
Plot List Enhancements Options.xml	TXT_KEY_BUG_OPT_PLE__UPGRADE_INDICATOR_TEXT	Upgrade Available	
Plot List Enhancements Options.xml	TXT_KEY_BUG_OPT_PLE__UPGRADE_INDICATOR_HOVER	Places an orange up arrow on the lower-right corner of units that can be upgraded, ignoring cost.	
Plot List Enhancements Options.xml	TXT_KEY_BUG_OPT_PLE__MISSION_INFO_TEXT	Mission Tag	
Plot List Enhancements Options.xml	TXT_KEY_BUG_OPT_PLE__MISSION_INFO_HOVER	Places a tag below units showing their current mission (action).	
Plot List Enhancements Options.xml	TXT_KEY_BUG_OPT_PLE__HORIZONTAL_SPACING_TEXT	Horizontal Spacing	
Plot List Enhancements Options.xml	TXT_KEY_BUG_OPT_PLE__HORIZONTAL_SPACING_HOVER	Specifies the horizontal spacing between icons (default value is 34).	
Plot List Enhancements Options.xml	TXT_KEY_BUG_OPT_PLE__VERTICAL_SPACING_TEXT	Vertical Spacing	
Plot List Enhancements Options.xml	TXT_KEY_BUG_OPT_PLE__VERTICAL_SPACING_HOVER	Specifies the vertical spacing between icons (default value is 42).	
Plot List Enhancements Options.xml	TXT_KEY_BUG_OPT_PLE__INFO_PANE_TEXT	Enabled	
Plot List Enhancements Options.xml	TXT_KEY_BUG_OPT_PLE__INFO_PANE_HOVER	Replaces the default Unit Info displayed when you hover over a unit.	
Plot List Enhancements Options.xml	TXT_KEY_BUG_OPT_PLE__INFO_PANE_X_TEXT	Horizontal Position	
Plot List Enhancements Options.xml	TXT_KEY_BUG_OPT_PLE__INFO_PANE_X_HOVER	Specifies the horizontal position of the Unit Info hover pane (default value is 5).	
Plot List Enhancements Options.xml	TXT_KEY_BUG_OPT_PLE__INFO_PANE_Y_TEXT	Vertical Position	
Plot List Enhancements Options.xml	TXT_KEY_BUG_OPT_PLE__INFO_PANE_Y_HOVER	Specifies the vertical position of the Unit Info hover pane (default value is 160).	
Plot List Enhancements Options.xml	TXT_KEY_BUG_OPT_PLE__INFO_PANE_PROMO_ICON_OFFSET_Y_TEXT	Promotion Icon Offset	
Plot List Enhancements Options.xml	TXT_KEY_BUG_OPT_PLE__INFO_PANE_PROMO_ICON_OFFSET_Y_HOVER	Specifies the vertical offset of the promotion icons on the Unit Info hover pane (default value is 0, positive is up). Use this to adjust the placement of the icons when using themes that change the font. For example, use 6 with BlueMarble.	
Plot List Enhancements Options.xml	TXT_KEY_BUG_OPT_PLE__UNIT_NAME_COLOR_TEXT	Unit Name	
Plot List Enhancements Options.xml	TXT_KEY_BUG_OPT_PLE__UNIT_NAME_COLOR_HOVER	Color of the unit's name.	
Plot List Enhancements Options.xml	TXT_KEY_BUG_OPT_PLE__UPGRADE_POSSIBLE_COLOR_TEXT	Can Afford	
Plot List Enhancements Options.xml	TXT_KEY_BUG_OPT_PLE__UPGRADE_POSSIBLE_COLOR_HOVER	Color of the upgrade cost when you can afford to upgrade the unit.	
Plot List Enhancements Options.xml	TXT_KEY_BUG_OPT_PLE__UPGRADE_NOT_POSSIBLE_COLOR_TEXT	Cannot Afford	
Plot List Enhancements Options.xml	TXT_KEY_BUG_OPT_PLE__UPGRADE_NOT_POSSIBLE_COLOR_HOVER	Color of the upgrade cost when you cannot afford to upgrade the unit.	
Plot List Enhancements Options.xml	TXT_KEY_BUG_OPT_PLE__UNIT_TYPE_SPECIALTIES_COLOR_TEXT	Unit Type	
Plot List Enhancements Options.xml	TXT_KEY_BUG_OPT_PLE__UNIT_TYPE_SPECIALTIES_COLOR_HOVER	Color of the specialties a unit has due to its type.	
Plot List Enhancements Options.xml	TXT_KEY_BUG_OPT_PLE__PROMOTION_SPECIALTIES_COLOR_TEXT	Promotion	
Plot List Enhancements Options.xml	TXT_KEY_BUG_OPT_PLE__PROMOTION_SPECIALTIES_COLOR_HOVER	Color of the specialties a unit has due to its promotions.	
Plot List Enhancements Options.xml	TXT_KEY_BUG_OPT_PLE__MOVE_HIGHLIGHTER_TEXT	Move Highlighter	
Plot List Enhancements Options.xml	TXT_KEY_BUG_OPT_PLE__MOVE_HIGHLIGHTER_HOVER	Highlights the moves a unit can make when you hover the mouse over the unit's icon while holding [ALT].	
Position_of_Score_CIV4GameText.xml	TXT_KEY_CCV_MAININTERFACE__POSITIONOFSCORES_TEXT	Position of Scores	
PromotionHelp.xml	TXT_KEY_PROMOTION_EXPIRES_END_OF_TURN	[ICON_BULLET]Wears off at end of turn	
PromotionHelp.xml	TXT_KEY_PROMOTION_HELP_INVISIBLE	[ICON_BULLET]Makes the unit invisible (except in cities)	
PromotionHelp.xml	TXT_KEY_PROMOTION_MIN_LEVEL	[ICON_BULLET]Requires level %d1 or higher	
PromotionHelp.xml	TXT_KEY_PROMOTION_GARRISON_REV_IDX	[ICON_BULLET]%D1[ICON_INSTABILITY] when stationed in a city	
REVDCMHints_CIV4GameText.xml	TXT_KEY_REVDCM_HINT_1	*Revolutions Mod Hint*: The Revolution Watch Advisor screen is totally customisable in the same way as the Domestic Advisor Screen.	
REVDCMHints_CIV4GameText.xml	TXT_KEY_REVDCM_HINT_2	*Revolutions Mod Hint*: Customise the Revolution Watch Advisor to suit your playing style and imagination! Put the culture level column next to the Revolution trend column, it doesn't matter!	
REVDCMHints_CIV4GameText.xml	TXT_KEY_REVDCM_HINT_3	*Revolutions Mod Hint*: The Revolution Watch Advisor can also display important buildings constructed in a city that are relevant to Revolutions, especially cultural buildings like wonders, and theatres!	
REVDCMHints_CIV4GameText.xml	TXT_KEY_REVDCM_HINT_4	*Revolutions Mod Hint*: City bribing can be initiated from the city screen or the Revolutions Watch Advisor screen.	
REVDCMHints_CIV4GameText.xml	TXT_KEY_REVDCM_HINT_5	*Revolutions Mod Hint*: The civ info screen can now graph the overall revolt stability of your empire, or your enemies empire! You just need sufficient espionage points...	
REVDCMHints_CIV4GameText.xml	TXT_KEY_REVDCM_HINT_6	*Revolutions Mod Hint*: Pay attention to the underlying rebellion issues in your city! If the citizens are sick of slavery, you may need to do something about it or accept the consequences!	
REVDCMHints_CIV4GameText.xml	TXT_KEY_REVDCM_HINT_7	*Revolutions Mod Hint*: Play Revolutions with an experimental mindset. Cause and effect are not necessarily immediately obvious...	
REVDCMHints_CIV4GameText.xml	TXT_KEY_REVDCM_HINT_8	*Revolutions Mod Hint*: If you decide to go to war, make sure you have the peoples support! If you have chosen a bad target or get bogged down in the war, the people may drop their support for you!	
REVDCMHints_CIV4GameText.xml	TXT_KEY_REVDCM_HINT_9	*Revolutions Mod Hint*: Running a deficit economy for too long, can make the people's approval of you decline. If you destroy the economy, you could well be destroyed!	
REVDCMHints_CIV4GameText.xml	TXT_KEY_REVDCM_HINT_10	*Revolutions Mod Hint*: Spend a surplus wisely. If you waste it, you may not have the money to buy bribes or pay for civic infrastructure vital to keep the people placid.	
REVDCMHints_CIV4GameText.xml	TXT_KEY_REVDCM_HINT_11	*Revolutions Mod Hint*: Think of yourself at all times as being a servant of your people. They are your boss, whether you are running a democracy or a dictatorship!	
REVDCMHints_CIV4GameText.xml	TXT_KEY_REVDCM_HINT_12	*Revolutions Mod Hint*: In Revolutions, your potential opponent is not just your rival civ, but your own people...	
REVDCMHints_CIV4GameText.xml	TXT_KEY_REVDCM_HINT_13	*Revolutions Mod Hint*: If your overall empire domestic stability is good, the world is your oyster!	
REVDCMHints_CIV4GameText.xml	TXT_KEY_REVDCM_HINT_14	*Revolutions Mod Hint*: When you have domestic problems, think of what has happened in real history to deal with those problems. It is no different in the game!	
REVDCMHints_CIV4GameText.xml	TXT_KEY_REVDCM_HINT_15	*Revolutions Mod Hint*: At some point, underlying rebellion can explode into violence no matter what you do. Be ready with law enforcement troops if needed!	
REVDCMHints_CIV4GameText.xml	TXT_KEY_REVDCM_HINT_16	*Revolutions Mod Hint*: If you face a revolt, don't panic. So long as you are not in the middle of a foreign war, you can apply military force on the rebels and gain experience!	
REVDCMHints_CIV4GameText.xml	TXT_KEY_REVDCM_HINT_17	*Revolutions Mod Hint*: To protect your unstable cities, make sure you have law enforcement entrenched, and law enforcement units around the city too! Rebels will burn the countryside not just the city!	
REVDCMHints_CIV4GameText.xml	TXT_KEY_REVDCM_HINT_18	*Revolutions Mod Hint*: If a rebellion emerges, remember that not all rebels are visible. Rebel spies can do damage if you are not prepared...	
REVDCMHints_CIV4GameText.xml	TXT_KEY_REVDCM_HINT_19	*Revolutions Mod Hint*: If you are overthrown and the citizens demand a new leader, it is not all bad. You will loose control of your empire for a time, but after this time you will have a new and interesting scenario to deal with.	
REVDCMHints_CIV4GameText.xml	TXT_KEY_REVDCM_HINT_20	*Revolutions Mod Hint*: Bribing dissidents and city officials can buy you important time to deal with regional discontent!	
REVDCMHints_CIV4GameText.xml	TXT_KEY_REVDCM_HINT_21	*Revolutions Mod Hint*: If you decide that you need to deal with rebellion with bribery, remember that your corruption does not go unwatched...	
REVDCMHints_CIV4GameText.xml	TXT_KEY_REVDCM_HINT_22	*Revolutions Mod Hint*: Bribery is an important strategic element in advanced Revolutions play.	
REVDCMHints_CIV4GameText.xml	TXT_KEY_REVDCM_HINT_23	*Revolutions Mod Hint*: If you pay out cash to one city in order to keep it quiet, other cities may increase their disloyalty too...unless you pay up to them as well!	
REVDCMHints_CIV4GameText.xml	TXT_KEY_REVDCM_HINT_24	*Revolutions Mod Hint*: Beware of the Domino Effect...If one city rebels, this can cascade into a regional or empire wide rebellion!	
REVDCMHints_CIV4GameText.xml	TXT_KEY_REVDCM_HINT_25	*Revolutions Mod Hint*: If a rebel movement has taken control of parts of your empire, do not be frustrated! Patiently wait until the time is right and hit back at the rebellion with your loyal army!	
REVDCMHints_CIV4GameText.xml	TXT_KEY_REVDCM_HINT_26	*Revolutions Mod Hint*: If parts of your empire have broken away under independent rule, make sure their leaders do not side with your enemies!	
REVDCMHints_CIV4GameText.xml	TXT_KEY_REVDCM_HINT_27	*Revolutions Mod Hint*: The speed of city growth is an important element in controlling the stability of your empire. Grow too big too fast and their will be rogue elements emerging, be sure of that!	
REVDCMHints_CIV4GameText.xml	TXT_KEY_REVDCM_HINT_28	*Revolutions Mod Hint*: The speed of city growth is one important aspect of advanced Revolutions game play. Keep city growth capped if need be, but not too long either!	
REVDCMHints_CIV4GameText.xml	TXT_KEY_REVDCM_HINT_29	*Revolutions Mod Hint*: The loyalty of the citizenry is more easily kept in check in a tightly knit well connected empire.	
REVDCMHints_CIV4GameText.xml	TXT_KEY_REVDCM_HINT_30	*Revolutions Mod Hint*: Without question, the most difficult aspect of Revolutions management, is the issue of distant settlements and colonies. These need special attention.	
REVDCMHints_CIV4GameText.xml	TXT_KEY_REVDCM_HINT_31	*Revolutions Mod Hint*: It is a common misconception that you cannot expand into a mighty global empire under Revolutions. You can! You just have to do it right!	
REVDCMHints_CIV4GameText.xml	TXT_KEY_REVDCM_HINT_32	*Revolutions Mod Hint*: War gathers it's own momentum, not just in conquest, but in the approval of your citizens. Keep it rolling with rewards for them, and they will support you!	
REVDCMHints_CIV4GameText.xml	TXT_KEY_REVDCM_HINT_33	*Revolutions Mod Hint*: Religion plays a huge role in the stability of your society. Try to run your civics to match the religious needs of your society.	
REVDCMHints_CIV4GameText.xml	TXT_KEY_REVDCM_HINT_34	*Revolutions Mod Hint*: If you are faced with an empire with many different faiths, fear not! So long as you don't attempt to run a theocracy or organised religious state, the people may really respect you!	
REVDCMHints_CIV4GameText.xml	TXT_KEY_REVDCM_HINT_35	*Revolutions Mod Hint*: If you want religious purity in your empire, do it wisely but be extra vigilant to non-state religions taking hold!	
REVDCMHints_CIV4GameText.xml	TXT_KEY_REVDCM_HINT_36	*Revolutions Mod Hint*: Without question, the management of holy city sites is one of the biggest challenges in Revolutions.	
REVDCMHints_CIV4GameText.xml	TXT_KEY_REVDCM_HINT_37	*Revolutions Mod Hint*: Under Revolutions you can hold firm more than one holy city in your empire. Two holy cities is fine, the challenge accumulates as the number of holy sites increase!	
REVDCMHints_CIV4GameText.xml	TXT_KEY_REVDCM_HINT_38	*Revolutions Mod Hint*: The tools you have to manage Revolutions are many. Civics, culture, surplus cash, infrastructure, wonders, military, luxuries, war success are but a few.	
REVDCMHints_CIV4GameText.xml	TXT_KEY_REVDCM_HINT_39	*Revolutions Mod Hint*: It is a common misconception that Revolutions fundamentally changes the basic game play. It does not. It merely adds another strategic layer upon the game, the management of your people...	
REVDCMHints_CIV4GameText.xml	TXT_KEY_REVDCM_HINT_40	*Revolutions Mod Hint*: Keep in mind the distinction between the general apathetic citizenry who are dictated by happiness and health, from the dissident minorities that have their own agendas.	
REVDCMHints_CIV4GameText.xml	TXT_KEY_REVDCM_HINT_41	*Revolutions Mod Hint*: A city may appear to be happy, but this may only be a surface manifestation. If their are many foreign nationals, the desire for independence by force can emerge anyway!	
REVDCMHints_CIV4GameText.xml	TXT_KEY_REVDCM_HINT_42	*Revolutions Mod Hint*: Distant settlements need special attention. Give them extras like cultural assets, defence assets and military support to ensure that you are looking after them!	
REVDCMHints_CIV4GameText.xml	TXT_KEY_REVDCM_HINT_43	*Revolutions Mod Hint*: Your citizens like constant improvements to their circumstances. Stagnation is your biggest enemy, not the people!	
REVDCMHints_CIV4GameText.xml	TXT_KEY_REVDCM_HINT_44	*Revolutions Mod Hint*:In big empires, it is often better to let a city or even a region break away. The break always may be weak and exploitable.	
REVDCMHints_CIV4GameText.xml	TXT_KEY_REVDCM_HINT_45	*Revolutions Mod Hint*: In Revolutions, you may think that it is the end for a leader and a nation if they are defeated. But it may not be! Leaders will go underground and re-emerge rather than be destroyed for all time.	
REVDCMHints_CIV4GameText.xml	TXT_KEY_REVDCM_HINT_46	*Revolutions Mod Hint*: If you want to conquest an enemy, make sure you get every last one of them! Even a single remainder can re-emerge as a resistance movement!	
REVDCMHints_CIV4GameText.xml	TXT_KEY_REVDCM_HINT_47	*Revolutions Mod Hint*: A cultural victory strategy has a spin off in Revolutions. The people will love you and you may wait for rival super powers to implode...	
REVDCMHints_CIV4GameText.xml	TXT_KEY_REVDCM_HINT_48	*Revolutions Mod Hint*: If word spreads that an empire has collapsed into anarchy and rebellion, try to exploit it. These foreign citizens can be won over to your cause more easily than if you were to conquest that empire.	
REVDCMHints_CIV4GameText.xml	TXT_KEY_REVDCM_HINT_49	*Revolutions Mod Hint*: Without question, capturing cities and holding them is more difficult in Revolutions. Military strategy must always keep in mind long term domestic stability of newly acquired territories.	
REVDCMHints_CIV4GameText.xml	TXT_KEY_REVDCM_HINT_50	*Revolutions Mod Hint*: A long term unstable settlement along way from home is not a bad thing. So long as there is strong military presence, medium term cycles of anarchy are manageable.	
REVDCMHints_CIV4GameText.xml	TXT_KEY_REVDCM_HINT_51	*Revolutions Mod Hint*: Distant holy city sites are always going to be tricky to hold unless you concede at least in part, to the faith of that city.	
REVDCMHints_CIV4GameText.xml	TXT_KEY_REVDCM_HINT_52	*Barbarian Civ Hint*: It is not always wise to eliminate every last barbarian city before they evolve into minor civs. You may need trading partners!	
REVDCMHints_CIV4GameText.xml	TXT_KEY_REVDCM_HINT_53	*Barbarian Civ Hint*: Start a game with only yourself! Competitors will emerge. Just make sure you turn off conquest and domination victory conditions!	
REVDCMHints_CIV4GameText.xml	TXT_KEY_REVDCM_HINT_54	*Barbarian Civ Hint*: If a barbarian city emerges as a minor civilization, don't despair. Farm them accordingly and pounce on them if they are weak, for more rewards than if they had remained as barbarians!	
REVDCMHints_CIV4GameText.xml	TXT_KEY_REVDCM_HINT_55	*Barbarian Civ Hint*: Barbarians evolve into minor civilizations. Minor civilizations evolve into full blooded civilizations. At each stage, they get stronger, economically and militarily.	
REVDCMHints_CIV4GameText.xml	TXT_KEY_REVDCM_HINT_56	*Barbarian Civ Hint*: If you are all alone on a continent, encourage not just one minor nation to emerge, but at least a third. You may need to trade in a tri-pact relationship. Binary pacts rarely work.	
REVDCMHints_CIV4GameText.xml	TXT_KEY_REVDCM_HINT_57	*Barbarian Civ Hint*: If a minor civ emerges in your region, be warned that your outlying settlements may begin to become more loyal to them, not you!	
REVDCMHints_CIV4GameText.xml	TXT_KEY_REVDCM_HINT_58	*Barbarian Civ Hint*: The emergence of minor civs with capable armies may appear unfair, but remember that they need something to ensure a chance of long term survival.	
REVDCMHints_CIV4GameText.xml	TXT_KEY_REVDCM_HINT_59	*Barbarian Civ Hint*: A minor civ does all the things a full civ does, but is more primitive in sophistication. A minor civ is insular and will not talk with you for example.	
REVDCMHints_CIV4GameText.xml	TXT_KEY_REVDCM_HINT_60	*Barbarian Civ Hint*: Yes it is irritating if a minor civ settles vast fields of wild dye, leaving you without!	
REVDCMHints_CIV4GameText.xml	TXT_KEY_REVDCM_HINT_61	*Barbarian Civ Hint*: New world maps are great. The old world you are on will one day discover a fully viable new world that has evolved of itself.	
REVDCMHints_CIV4GameText.xml	TXT_KEY_REVDCM_HINT_62	*Revolutions Mod Hint*: Try the game options "Start as Minors". If you like early warfare, it is the option of choice!	
REVDCMHints_CIV4GameText.xml	TXT_KEY_REVDCM_HINT_63	*Revolutions Mod Hint*: There is no conspiracy in the "Start as Minors" option. You will make friends if you are influential enough!	
REVDCMHints_CIV4GameText.xml	TXT_KEY_REVDCM_HINT_64	*Revolutions Mod Hint*: Lacking a little spice in your life? Try "Start as Minors" with "Aggressive AI". That should do it!	
REVDCMHints_CIV4GameText.xml	TXT_KEY_REVDCM_HINT_65	*Revolutions Mod Hint*: Revolutions games are more interesting and diverse than standard games. It is well worth writing down your game history turn by turn, in the autolog with the [ALT E] keystroke.	
REVDCMHints_CIV4GameText.xml	TXT_KEY_REVDCM_HINT_66	*Revolutions Mod Hint*: Hereditary Rule is not necessarily the answer to all your revolt problems! The character of this political system will mean that war will have to be more carefully thought out to win your kingdom's support.	
REVDCMHints_CIV4GameText.xml	TXT_KEY_REVDCM_HINT_67	*Revolutions Mod Hint*: Despotism is a viable option! A despot has less ethical issues to deal with so long as his people can be kept in the dark about them! A despot can win wars when a King cannot!	
REVDCMHints_CIV4GameText.xml	TXT_KEY_REVDCM_HINT_68	*Revolutions Mod Hint*: Pay particular attention to the labour reforms your society adopts. It is these that the people must work under!	
REVDCMHints_CIV4GameText.xml	TXT_KEY_REVDCM_HINT_69	*Revolutions Mod Hint*: The Sevopedia now displays revolutions specific civic effects and leader traits can be customised for revolution effects!	
REVDCMHints_CIV4GameText.xml	TXT_KEY_REVDCM_HINT_70	*Revolutions Mod Hint*: Don't be scared to run slavery! The citizens will endure the whipping.....for a time!	
REVDCMHints_CIV4GameText.xml	TXT_KEY_REVDCM_HINT_71	*Revolutions Mod Hint*: Really, in a diverse religious state, you wouldn't run organised religion, would you?	
REVDCMHints_CIV4GameText.xml	TXT_KEY_REVDCM_HINT_72	*Revolutions Mod Hint*: If you really want democracy, have it! But reform doesn't end there!	
REVDCMHints_CIV4GameText.xml	TXT_KEY_REVDCM_HINT_73	*Revolutions Mod Hint*: Switching to a police state may be good at times of instability! How else can you keep the empire under your thumb?	
REVDCMHints_CIV4GameText.xml	TXT_KEY_REVDCM_HINT_74	*Revolutions Mod Hint*: There is nothing more fun than to slowly destabilise a super power by stagnating it, and to grab the spoils when it implodes!	
REVDCMHints_CIV4GameText.xml	TXT_KEY_REVDCM_HINT_75	*Revolutions Mod Hint*: Che Guevara is the symbol for this mod! Play the game like he did, and you should be fine!	
REVDCMHints_CIV4GameText.xml	TXT_KEY_REVDCM_HINT_76	*Revolutions Mod Hint*: If you are sick of constant rebellious uprisings against you, don't forget [CTRL-SHIFT-L] and you can switch over to the rebels side!	
REVDCMHints_CIV4GameText.xml	TXT_KEY_REVDCM_HINT_77	*Revolutions Mod Hint*: If you think about it, a mod that makes the game more difficult like Revolutions, also makes the game more rewarding...	
REVDCMHints_CIV4GameText.xml	TXT_KEY_REVDCM_HINT_78	*Revolutions Mod Hint*: If you have stabilised your domestic society and you are the leader the people want, any standard BTS strategy is available for you to implement.	
REVDCMHints_CIV4GameText.xml	TXT_KEY_REVDCM_HINT_79	*DCM Hint*: Catapults cannot range bombard.	
REVDCMHints_CIV4GameText.xml	TXT_KEY_REVDCM_HINT_80	*DCM Hint*: Range bombarding cities has a slightly different effect to bombarding them directly. Range bombarding aims fire at the defenders of the city as well as the defences!	
REVDCMHints_CIV4GameText.xml	TXT_KEY_REVDCM_HINT_81	*DCM Hint*: Range bombarding cities has much less impact on the defenders than the defences of the city. Defenders can seek cover even behind damaged walls!....for a time...	
REVDCMHints_CIV4GameText.xml	TXT_KEY_REVDCM_HINT_82	*DCM Hint*: If you want to take down a cities defences at maximum thrift, just straight bombard the city defences and leave the defenders until there is no where for them to hide.	
REVDCMHints_CIV4GameText.xml	TXT_KEY_REVDCM_HINT_83	*DCM Hint*: If you are defending your precious city from an enemy stack, range bombard the attackers as best you can from inside the city, but remember that your accuracy is compromised by being behind city structures and impediments.	
REVDCMHints_CIV4GameText.xml	TXT_KEY_REVDCM_HINT_84	*DCM Hint*: Properly set-up defensive structures like forts or field deployments with properly constructed frontlines, are by far the most effective way to range bombard.	
REVDCMHints_CIV4GameText.xml	TXT_KEY_REVDCM_HINT_85	*DCM Hint*: Range bombard now only issues standard BTS collateral damage upon stacks. It is completely useless against single units and siege as well as the head defender of the enemy stack.	
REVDCMHints_CIV4GameText.xml	TXT_KEY_REVDCM_HINT_86	*DCM Hint*: When thinking about range bombardment and how it causes damage, imagine the battle scenario. Range bombard tends to hit the main throng of the enemy army, missing the frontline attackers and not reaching the counter siege at the rear!	
REVDCMHints_CIV4GameText.xml	TXT_KEY_REVDCM_HINT_87	*DCM Hint*: Range bombardment effect can be customised in GlobalDefinesAlt.xml	
REVDCMHints_CIV4GameText.xml	TXT_KEY_REVDCM_HINT_88	*Revolutions Mod Hint*: Try the Barbarian world option where barbs sometimes start with cities in place at game start! This can make them more competitive but also give you a nice early target for conquest!	
REVDCMHints_CIV4GameText.xml	TXT_KEY_REVDCM_HINT_89	*Revolutions Mod Hint*: Revolutions and it's components are configurable and customisable in Revolution.ini	
REVDCMHints_CIV4GameText.xml	TXT_KEY_REVDCM_HINT_90	*Revolutions Mod Hint*: If you want an interesting variation of Revolutions, that effectively turns down the overall difficulty of the mod, try the "Inquisitions" option or "Limited Religions" or both!	
REVDCMHints_CIV4GameText.xml	TXT_KEY_REVDCM_HINT_91	*Revolutions Mod Hint*: From most difficult to least difficult are: Straight Revolutions, Limited Religions or Inquisitions, Limited Religion and Inquisitions.	
REVDCMHints_CIV4GameText.xml	TXT_KEY_REVDCM_HINT_92	*Influence Driven War*: If you need to ensure you keep your borders intact, you may have to get out from behind city fortification and fight in the field!	
REVDCMHints_CIV4GameText.xml	TXT_KEY_REVDCM_HINT_93	*Influence Driven War*: If you have a choice of where you want to fight, pick a location that will be most useful to you so that if you win the battle, your influence around the battle region is good enough to keep the territory!	
REVDCMHints_CIV4GameText.xml	TXT_KEY_REVDCM_HINT_94	*Influence Driven War*: Keep an eye out for the culture mix of the tile you are contesting. It is possible that a 5% influence swing to you may be enough to win the territory!	
REVDCMHints_CIV4GameText.xml	TXT_KEY_REVDCM_HINT_95	*RevolutionDCM*: All game options are configurable within the user interface. Most are accessible via the BUG hot key [CTRL-ALT-O] under the "RevDCM" tab.	
REVDCMHints_CIV4GameText.xml	TXT_KEY_REVDCM_HINT_96	*RevolutionDCM*: If you select the "debug" option under the RevDCM tab, game options will update on the next turn!	
REVDCMHints_CIV4GameText.xml	TXT_KEY_REVDCM_HINT_97	*RevolutionDCM*: Some game options like enabling or disabling Revolutions, can only be done at the start of a game in the custom game screen.	
REVDCMHints_CIV4GameText.xml	TXT_KEY_REVDCM_HINT_98	*Super Spies*: Be wary of counter espionage! AI's are very conscious about it against adversaries they do not trust. This will make you more vulnerable to espionage if ignored and more expensive for you to conduct!	
REVDCMHints_CIV4GameText.xml	TXT_KEY_REVDCM_HINT_99	*Super Spies*: Experiment with different combinations of spy promotions. Who knows, you might end up with your own James Bond!	
REVDCMHints_CIV4GameText.xml	TXT_KEY_REVDCM_HINT_100	*Super Spies*: Once the era of bureaucratic espionage is possible, security bureau's and intelligence agencies matter!	
Reminder Options.xml	TXT_KEY_BUG_OPT_REMINDER__ENABLED_TEXT	Enable Reminders [ALT + M]	
Reminder Options.xml	TXT_KEY_BUG_OPT_REMINDER__ENABLED_HOVER	When checked, you can create messages using [ALT + M] that pop up in a specified number of turns using eotinb's Reminders mod.	
Reminder Options.xml	TXT_KEY_BUG_OPT_REMINDER__DISPLAYMETHOD_TEXT	Display Method	
Reminder Options.xml	TXT_KEY_BUG_OPT_REMINDER__DISPLAYMETHOD_HOVER	Determines how reminders are displayed to you:[NEWLINE][ICON_BULLET][COLOR_HIGHLIGHT_TEXT]Message[COLOR_REVERT] - On-screen message with entry in the log[NEWLINE][ICON_BULLET][COLOR_HIGHLIGHT_TEXT]Popup[COLOR_REVERT] - A modal popup message with the option to retrigger the event next turn[NEWLINE][ICON_BULLET][COLOR_HIGHLIGHT_TEXT]Both[COLOR_REVERT] - Both the on-screen message and the popup are displayed	
Reminder Options.xml	TXT_KEY_BUG_OPT_REMINDER__DISPLAYMETHOD_LIST	Message|Popup|Both	
Reminder Options.xml	TXT_KEY_BUG_OPT_REMINDER__AUTOLOG_TEXT	Log w. Autolog	
Reminder Options.xml	TXT_KEY_BUG_OPT_REMINDER__AUTOLOG_HOVER	When checked, reminders will be logged using Autolog when created and triggered.	
RevDCMOptionsTab.xml	TXT_KEY_MULTIPLAYER_GAME_DETECTED	MULTIPLAYER GAME DETECTED	
RevDCMOptionsTab.xml	TXT_KEY_MULTIPLAYER_GAME_DETECTED_DESCRIPTION	To minimize syncing issues, all BULL actions, RevDCM, and Revolution options are set to defaults and locked in Multiplayer games	
RevDCMOptionsTab.xml	TXT_KEY_REVDCMTAB_INTERFACE_OPTIONS	Interface Options:	
RevDCMOptionsTab.xml	TXT_KEY_REVDCMTAB_SIEGE_OPTIONS	Siege Options:	
RevDCMOptionsTab.xml	TXT_KEY_REVDCMTAB_BATTLE_OPTIONS	Battle Options:	
RevDCMOptionsTab.xml	TXT_KEY_REVDCMTAB_AIRFORCE_OPTIONS	Airforce Options:	
RevDCMOptionsTab.xml	TXT_KEY_REVDCMTAB_IDW_OPTIONS	IDW Options:	
RevDCMOptionsTab.xml	TXT_KEY_REVDCMTAB_INFLUENCE_OPTIONS	Influence Options:	
RevDCMOptionsTab.xml	TXT_KEY_REVDCMTAB_SPY_OPTIONS	Spy Options:	
RevDCMOptionsTab.xml	TXT_KEY_REVDCMTAB_RELIGION_OPTIONS	Religion Options:	
RevDCMOptionsTab.xml	TXT_KEY_REVDCMTAB_BARBCIV_OPTIONS	BarbCiv Options:	
RevDCMOptionsTab.xml	TXT_KEY_REVDCMTAB_NEWWORLD_OPTIONS	New World Options:	
RevDCMOptionsTab.xml	TXT_KEY_REVDCMTAB_BARBCIV_STRENGTH_OPTIONS	BarbCiv Strength Settings:	
RevDCMOptionsTab.xml	TXT_KEY_REVDCMTAB_RESET_DEFAULTS	Reset Defaults:	
RevDCMOptionsTab.xml	TXT_KEY_REVDCMTAB_BBAI_OPTIONS	BBAI options:	
RevDCMOptionsTab.xml	TXT_KEY_BUG_OPT_REVDCM__BBAI_DEFENSEPACT_TEXT	Defense pact type:	
RevDCMOptionsTab.xml	TXT_KEY_BUG_OPT_REVDCM__BBAI_DEFENSEPACT_HOVER	0=default bi-pact; 1=multi-pact; 2=offensive pact;	
RevHelpText_CIV4GameText.xml	TXT_KEY_REV_HELP_BUTTON	Introduction to the Revolution Mod	
RevHelpText_CIV4GameText.xml	TXT_KEY_REV_HELP_WELCOME	Welcome to the Revolution![NEWLINE][NEWLINE]This mod consists of several different pieces which work together to make Civ4 more dynamic, with empires rising and falling more throughout the game.  Below are some brief descriptions and hints for playing with this mod:[NEWLINE][NEWLINE]	
RevHelpText_CIV4GameText.xml	TXT_KEY_REV_HELP_REVOLUTION	Revolution	
RevHelpText_CIV4GameText.xml	TXT_KEY_REV_HELP_REVOLUTION_DESC	This is the main component of the mod and affects the internal stability of your and every other empire.  Keeping the citizens of your empire content is now a bigger issue, as if a city feels they have been mistreated they may rebel against you!  The new Revolution Watch screen can help you keep track of how your citizens are feeling and can be opened either by using the button below the advisor buttons or by pressing Ctrl+Shift+W.  This screen shows which cities are feeling rebelious and why they do or don't like your current policies.  This info can also be found in the city screen near the culture bar and moving your cursor over the new Revolut Status bar will bring up specific information about the city.  There are many different reasons why your citizens can love or hate living in your empire and keeping them happy and patriotic adds a new dimension to managing your empire.  One tool you have if you need to buy time or avoid a pending revolt is the ability to make a large cash 'donation' to a city, the options for this can be accessed either through the Revolution Watch screen or by clicking on the Revolt Status bar in the city screen.[NEWLINE][NEWLINE]If some of your citizens disagree with your policies or want to separate from your empire, you'll be presented with a popup offering you a choice on how to respond to their demands.  There are many different kinds of demands your citizens may make, from changes to your civics to complete freedom on cultural or religious grounds, and for each type of revolt there are multiple ways you can respond.  You can always avoid outright war or force the separatists to fight for their freedom.  If you defeat them on the battle field, they will think twice before revolting again.  However, you will eventually need to address the issues that cause them to revolt or potentially face a protracted civil war.  Your allies and enemies will also face the possibilities of open revolts, which can present opportunities for you in many different ways and other leaders can also lose elections or be forced to cede power control of their empire to another leader.[NEWLINE][NEWLINE]Playing with Revolution may require you to adjust your strategies for building up your empire or conquering foreign territory.  Some general guidelines are that building your culture and spreading your religion are now more important to help keep your empire cohesive.  Strong defenses and victory in war can also keep your empire doing well.  Over expansion is more risky and an empire that spends too much commerce on taxes will not last for long.  Picking civics that suit your empire is also important.  Check the Revolution Watch screen and the status bars in your cities to see what issues your citizens have and head them off before they boil over into open revolt.	
RevHelpText_CIV4GameText.xml	TXT_KEY_REV_HELP_BARBARIANCIV	BarbarianCiv	
RevHelpText_CIV4GameText.xml	TXT_KEY_REV_HELP_AIAUTOPLAY	AIAutoPlay	
RevTraitTag_Civ4GameTextInfos.xml	TXT_KEY_TRAIT_NONSTATE_RELIGIOUS_COMMERCE	[NEWLINE][SPACE][SPACE][ICON_BULLET]Non State [ICON_RELIGION] Still produces [ICON_CULTURE]	
RevTraitTag_Civ4GameTextInfos.xml	TXT_KEY_CAN_UPGRADE_ANYWHERE	[NEWLINE][SPACE][SPACE][ICON_BULLET]Can upgrade units outside of national borders.	
RevTraitTag_Civ4GameTextInfos.xml	TXT_KEY_TRAIT_REVIDX_LOCAL	[NEWLINE][SPACE][SPACE][ICON_BULLET]%D1 to local RevIdx Penalty	
RevTraitTag_Civ4GameTextInfos.xml	TXT_KEY_TRAIT_REVIDX_NATIONAL	[NEWLINE][SPACE][SPACE][ICON_BULLET]%D1 to National Revolution Stability Bonus	
RevTraitTag_Civ4GameTextInfos.xml	TXT_KEY_TRAIT_DISTANCE_MOD	[NEWLINE][SPACE][SPACE][ICON_BULLET]%D1% change to RevIdx City Distance penalty	
RevTraitTag_Civ4GameTextInfos.xml	TXT_KEY_TRAIT_REV_GOOD_HOLY_CITY	[NEWLINE][SPACE][SPACE][ICON_BULLET]%D1 to RevIdx bonus from State [ICON_RELIGION] Holy City	
RevTraitTag_Civ4GameTextInfos.xml	TXT_KEY_TRAIT_REV_BAD_HOLY_CITY	[NEWLINE][SPACE][SPACE][ICON_BULLET]%D1 reduction to RevIdx penalty from Non State [ICON_RELIGION] Holy City	
RevTraitTag_Civ4GameTextInfos.xml	TXT_KEY_TRAIT_REV_NATIONALITY_MOD	[NEWLINE][SPACE][SPACE][ICON_BULLET]%s1% Change to Nationality Based Revolution Effects	
RevTraitTag_Civ4GameTextInfos.xml	TXT_KEY_TRAIT_BAD_RELIGION_MOD	[NEWLINE][SPACE][SPACE][ICON_BULLET]%s1% Change to Revolution Penalty from Non State [ICON_RELIGION]	
RevTraitTag_Civ4GameTextInfos.xml	TXT_KEY_TRAIT_GOOD_RELIGION_MOD	[NEWLINE][SPACE][SPACE][ICON_BULLET]+%s1% to Revolution Bonus from State [ICON_RELIGION]	
RevTraitTag_Civ4GameTextInfos.xml	TXT_KEY_UNIT_MAX_START_ERA	[NEWLINE][ICON_BULLET]Can only be Built on %s1_Name and Earlier Starts	
RevUtils_CIV4GameText.xml	TXT_KEY_MOD_REVUTILS_CAPTURE	With your capture of %s, support for the rebellion in the city swells...	
RevUtils_CIV4GameText.xml	TXT_KEY_MOD_REVUTILS_CONTROL	The rebel %s have taken control of %s![NEWLINE]Support for the rebellion swells...	
RevUtils_CIV4GameText.xml	TXT_KEY_MOD_REVUTILS_WARNING	WARNING: Passed an arealess plot!	
RevUtils_CIV4GameText.xml	TXT_KEY_MOD_REVUTILS_ERROR1	ERROR: Failure to set human flag in new player.[NEWLINE]You will probably need to reload a save.	
RevUtils_CIV4GameText.xml	TXT_KEY_MOD_REVUTILS_ERROR2	ERROR: Failure to unset human flag in old player.[NEWLINE]You will probably need to reload a save.	
RevolutionDLLText_CIV4GameText.xml	TXT_KEY_GAME_OPTION_REVOLUTIONS	Revolutions (Experimental)	
RevolutionDLLText_CIV4GameText.xml	TXT_KEY_GAME_OPTION_REVOLUTIONS_HELP	Allows the possibility of Revolutions (Experimental)	
RevolutionDLLText_CIV4GameText.xml	TXT_KEY_CONCEPT_REVOLUTIONS	Revolutions	
RevolutionDLLText_CIV4GameText.xml	TXT_KEY_CONCEPT_REVOLUTIONS_PEDIA	[H1]Revolutions[\\H1][NEWLINE]This game option allows sections of disgruntled empires to rise up together and demand changes or attempt to break away from the motherland. No matter what the source of the complaint, you will be given an option to either ignore the complaint or accept the cities demands. If their demands go unmet and situations deteriorate, the cities may give you an ultimatum and take up arms if you do not comply![NEWLINE][PARAGRAPH:0]With Revolutions enabled, keeping your cities and regions happy is more important and challenging. Rapid expansion in particular will be much more difficult.	
RevolutionDLLText_CIV4GameText.xml	TXT_KEY_REV_CONTACT_MINOR	Diplomacy is not possible with the minor %s1_CivName	
RevolutionDLLText_CIV4GameText.xml	TXT_KEY_REV_AT_WAR_WITH	At war with %s1_CivName	
RevolutionDLLText_CIV4GameText.xml	TXT_KEY_REV_OPTION_NO_REVOLUTION	No Revolutions	
RevolutionDLLText_CIV4GameText.xml	TXT_KEY_REV_OPTION_NO_REVOLUTION_HELP	Disables the Revolution mod component: new rebel civs will not attempt to breakaway from an empire if their needs are not being met.	
RevolutionDLLText_CIV4GameText.xml	TXT_KEY_GAME_OPTION_LIMITED_RELIGIONS	Limited Religions	
RevolutionDLLText_CIV4GameText.xml	TXT_KEY_GAME_OPTION_LIMITED_RELIGIONS_HELP	If a civilization already owns a holy city, they cannot found a new religion.	
RevolutionDLLText_CIV4GameText.xml	TXT_KEY_REV_OPTION_NO_BARBARIAN_CIV	No BarbarianCivs	
RevolutionDLLText_CIV4GameText.xml	TXT_KEY_REV_OPTION_NO_BARBARIAN_CIV_HELP	Disables the BarbarianCivs: Barbarian cities which are left alone will remain barbarian, they will not spawn new civilizations.	
RevolutionDLLText_CIV4GameText.xml	TXT_KEY_REV_OPTION_NO_TECH_DIFFUSION	No TechDiffusion	
RevolutionDLLText_CIV4GameText.xml	TXT_KEY_REV_OPTION_NO_TECH_DIFFUSION_HELP	Disables TechDiffusion: tech knowledge will not slowly diffuses to civs that are behind.	
RevolutionDLLText_CIV4GameText.xml	TXT_KEY_REV_OPTION_START_AS_MINORS	Start as minor civs	
RevolutionDLLText_CIV4GameText.xml	TXT_KEY_REV_OPTION_START_AS_MINORS_HELP	All players start as minor civs, meaning they are at war with everyone.  Your civ will settle into a full civ and you'll be able to conduct diplomacy after you discover Writing.	
RevolutionDLLText_CIV4GameText.xml	TXT_KEY_REV_REQUEST_ANGER	+%d1_Change[ICON_UNHAPPY]: "You refused to grant our request!"	
RevolutionDLLText_CIV4GameText.xml	TXT_KEY_REV_INDEX_ANGER	+%d1_Change[ICON_UNHAPPY]: "We're feeling rebellious!"	
RevolutionDLLText_CIV4GameText.xml	TXT_KEY_REV_SUCCESS_HAPPINESS	+%d1_Change[ICON_HAPPY]: "Our rebellion has been successful"	
RevolutionDLLText_CIV4GameText.xml	TXT_KEY_REV_MESS_ASSIMILATE	The %s1_CivName have decided to give up their independence and join the %s2_CivName!	
RevolutionEffectsHelp.xml	TXT_KEY_HELP_REV_IDX_PER_TURN	[ICON_BULLET]%D1[ICON_INSTABILITY] per turn	
RevolutionEffectsHelp.xml	TXT_KEY_HELP_REV_IDX_PER_TURN_ALL_CITIES	[ICON_BULLET]%D1[ICON_INSTABILITY] per turn in all cities	
RevolutionEffectsHelp.xml	TXT_KEY_HELP_REV_IDX_HOLY_CITY_OWNED	[ICON_BULLET]%D1[ICON_INSTABILITY] per turn if we own our holy city	
RevolutionEffectsHelp.xml	TXT_KEY_HELP_REV_IDX_HOLY_CITY_OWNED_ALL_CITIES	[ICON_BULLET]%D1[ICON_INSTABILITY] per turn in all cities if we own our holy city	
RevolutionEffectsHelp.xml	TXT_KEY_HELP_REV_IDX_HOLY_CITY_HEATHEN_OWNED	[ICON_BULLET]%D1[ICON_INSTABILITY] per turn if heathens own our holy city	
RevolutionEffectsHelp.xml	TXT_KEY_HELP_REV_IDX_HOLY_CITY_HEATHEN_OWNED_ALL_CITIES	[ICON_BULLET]%D1[ICON_INSTABILITY] per turn in all cities if heathens own our holy city	
RevolutionEffectsHelp.xml	TXT_KEY_HELP_REV_IDX_UN_OR_HAPPINESS_MOD	[ICON_BULLET]%D1% (in)stability from [ICON_HAPPY]/[ICON_UNHAPPY]	
RevolutionEffectsHelp.xml	TXT_KEY_HELP_REV_IDX_UN_OR_HAPPINESS_MOD_ALL_CITIES	[ICON_BULLET]%D1% (in)stability from [ICON_HAPPY]/[ICON_UNHAPPY] in all cities	
RevolutionEffectsHelp.xml	TXT_KEY_HELP_REV_IDX_HAPPINESS_MOD	[ICON_BULLET]%D1% stability from [ICON_HAPPY]	
RevolutionEffectsHelp.xml	TXT_KEY_HELP_REV_IDX_HAPPINESS_MOD_ALL_CITIES	[ICON_BULLET]%D1% stability from [ICON_HAPPY] in all cities	
RevolutionEffectsHelp.xml	TXT_KEY_HELP_REV_IDX_UNHAPPINESS_MOD	[ICON_BULLET]%D1% instability from [ICON_UNHAPPY]	
RevolutionEffectsHelp.xml	TXT_KEY_HELP_REV_IDX_UNHAPPINESS_MOD_ALL_CITIES	[ICON_BULLET]%D1% instability from [ICON_UNHAPPY] in all cities	
RevolutionEffectsHelp.xml	TXT_KEY_HELP_REV_IDX_HAPPINESS_CAP_CHANGE	[ICON_BULLET]%D1 maximum stability from [ICON_HAPPY]	
RevolutionEffectsHelp.xml	TXT_KEY_HELP_REV_IDX_HAPPINESS_CAP_CHANGE_ALL_CITIES	[ICON_BULLET]%D1 maximum stability from [ICON_HAPPY] in all cities	
RevolutionEffectsHelp.xml	TXT_KEY_HELP_REV_IDX_LOCATION_MOD	[ICON_BULLET]%D1% instability from distance	
RevolutionEffectsHelp.xml	TXT_KEY_HELP_REV_IDX_LOCATION_MOD_ALL_CITIES	[ICON_BULLET]%D1% instability from distance in all cities	
RevolutionEffectsHelp.xml	TXT_KEY_HELP_REV_IDX_RELIGION_MOD	[ICON_BULLET]%D1% (in)stability from [ICON_RELIGION]	
RevolutionEffectsHelp.xml	TXT_KEY_HELP_REV_IDX_RELIGION_MOD_ALL_CITIES	[ICON_BULLET]%D1% (in)stability from [ICON_RELIGION] in all cities	
RevolutionEffectsHelp.xml	TXT_KEY_HELP_REV_IDX_GOOD_RELIGION_MOD	[ICON_BULLET]%D1% stability from state[ICON_RELIGION]	
RevolutionEffectsHelp.xml	TXT_KEY_HELP_REV_IDX_GOOD_RELIGION_MOD_ALL_CITIES	[ICON_BULLET]%D1% stability from state[ICON_RELIGION] in all cities	
RevolutionEffectsHelp.xml	TXT_KEY_HELP_REV_IDX_BAD_RELIGION_MOD	[ICON_BULLET]%D1% instability from non-state[ICON_RELIGION]	
RevolutionEffectsHelp.xml	TXT_KEY_HELP_REV_IDX_BAD_RELIGION_MOD_ALL_CITIES	[ICON_BULLET]%D1% instability from non-state[ICON_RELIGION] in all cities	
RevolutionEffectsHelp.xml	TXT_KEY_HELP_REV_IDX_NATIONALITY	[ICON_BULLET]%D1% (in)stability from nationality	
RevolutionEffectsHelp.xml	TXT_KEY_HELP_REV_IDX_NATIONALITY_ALL_CITIES	[ICON_BULLET]%D1% (in)stability from nationality in all cities	
RevolutionEffectsHelp.xml	TXT_KEY_HELP_REV_IDX_GARRISON_MOD	[ICON_BULLET]%D1% stability from garrison	
RevolutionEffectsHelp.xml	TXT_KEY_HELP_REV_IDX_GARRISON_MOD_ALL_CITIES	[ICON_BULLET]%D1% stability from garrison in all cities	
RevolutionEffectsHelp.xml	TXT_KEY_HELP_REV_IDX_GARRISON_CAP_CHANGE	[ICON_BULLET]%D1 maximum stability from garrison	
RevolutionEffectsHelp.xml	TXT_KEY_HELP_REV_IDX_GARRISON_CAP_CHANGE_ALL_CITIES	[ICON_BULLET]%D1 maximum stability from garrison in all cities	
RevolutionEffectsHelp.xml	TXT_KEY_HELP_REV_IDX_DISORDER_MOD	[ICON_BULLET]%D1% instability from disorder	
RevolutionEffectsHelp.xml	TXT_KEY_HELP_REV_IDX_DISORDER_MOD_ALL_CITIES	[ICON_BULLET]%D1% instability from disorder in all cities	
RevolutionEffectsHelp.xml	TXT_KEY_HELP_REV_IDX_CRIME_MOD	[ICON_BULLET]%D1% (in)stability from crime	
RevolutionEffectsHelp.xml	TXT_KEY_HELP_REV_IDX_CRIME_MOD_ALL_CITIES	[ICON_BULLET]%D1% (in)stability from crime in all cities	
RevolutionEffectsHelp.xml	TXT_KEY_HELP_REV_IDX_CULTURE_RATE_MOD	[ICON_BULLET]%D1% stability from [ICON_CULTURE]	
RevolutionEffectsHelp.xml	TXT_KEY_HELP_REV_IDX_CULTURE_RATE_MOD_ALL_CITIES	[ICON_BULLET]%D1% stability from [ICON_CULTURE] in all cities	
RevolutionEffectsHelp.xml	TXT_KEY_HELP_REV_IDX_CULTURE_RATE_CAP_CHANGE	[ICON_BULLET]%D1 maximum stability from [ICON_CULTURE]	
RevolutionEffectsHelp.xml	TXT_KEY_HELP_REV_IDX_CULTURE_RATE_CAP_CHANGE_ALL_CITIES	[ICON_BULLET]%D1 maximum stability from [ICON_CULTURE] in all cities	
RevolutionEffectsHelp.xml	TXT_KEY_CIVIC_REV_VIOLENT_MOD	[ICON_BULLET]%D1% to the lower threshold for violent revolutions	
RevolutionScreenText_CIV4GameText.xml	TXT_KEY_REV_SCREEN_CHANGE	Change	
RevolutionScreenText_CIV4GameText.xml	TXT_KEY_REV_SCREEN_SCOREBOARD_MORE_CIVS	------- More ( +%d civs ) -------	
RevolutionScreenText_CIV4GameText.xml	TXT_KEY_REV_SCREEN_SCOREBOARD_LESS_CIVS	------ Less ( top %d civs ) ------	
RevolutionText_CIV4GameText.xml	TXT_KEY_REV_WATCH_INFO_PANE	Revolution Watch &lt;Ctrl+Shift+G&gt;	
RevolutionText_CIV4GameText.xml	TXT_KEY_REV_STATUS	Revolt Status	
RevolutionText_CIV4GameText.xml	TXT_KEY_REV_STATUS_HEADER	- click to offer bribe to city[NEWLINE]==========================	
RevolutionText_CIV4GameText.xml	TXT_KEY_REV_CITY_OF	The city of	
RevolutionText_CIV4GameText.xml	TXT_KEY_REV_CITY	City	
RevolutionText_CIV4GameText.xml	TXT_KEY_REV_CITIES_OF	The cities of	
RevolutionText_CIV4GameText.xml	TXT_KEY_REV_CITIES	Cities	
RevolutionText_CIV4GameText.xml	TXT_KEY_REV_CITIZENS_OF	The citizens of	
RevolutionText_CIV4GameText.xml	TXT_KEY_REV_ALONG_WITH	, along with	
RevolutionText_CIV4GameText.xml	TXT_KEY_REV_THE	the	
RevolutionText_CIV4GameText.xml	TXT_KEY_REV_BIG_THE	The	
RevolutionText_CIV4GameText.xml	TXT_KEY_REV_CURRENTLY	Currently,	
RevolutionText_CIV4GameText.xml	TXT_KEY_REV_AND	and	
RevolutionText_CIV4GameText.xml	TXT_KEY_REV_ARE	are	
RevolutionText_CIV4GameText.xml	TXT_KEY_REV_IS	is	
RevolutionText_CIV4GameText.xml	TXT_KEY_REV_YOU	you	
RevolutionText_CIV4GameText.xml	TXT_KEY_REV_YOUR_CIV	you	
RevolutionText_CIV4GameText.xml	TXT_KEY_REV_TURNS	turns	
RevolutionText_CIV4GameText.xml	TXT_KEY_REV_LEADER	, leader of the	
RevolutionText_CIV4GameText.xml	TXT_KEY_REV_PREPARING_WAR	preparing for WAR!!!  You should make your final preparations, as the rebels will strike very soon ...	
RevolutionText_CIV4GameText.xml	TXT_KEY_REV_JOINING_WAR	preparing for WAR!!!  You should make your final preparations, as the rebels will join the %s very soon ...	
RevolutionText_CIV4GameText.xml	TXT_KEY_REV_NONE	None	
RevolutionText_CIV4GameText.xml	TXT_KEY_REV_WARN_TITLE	Revolution is in the air!	
RevolutionText_CIV4GameText.xml	TXT_KEY_REV_WARN_NEWS	Grave news!  The citizens of	
RevolutionText_CIV4GameText.xml	TXT_KEY_REV_WARN_CONTEMPLATING	are contemplating revolution.  It may not yet be too late to maintain order, if you take steps to improve the local situation in these cities.	
RevolutionText_CIV4GameText.xml	TXT_KEY_REV_WARN_WARS	While victory in our current wars may calm the cities cries, the shame of losing another city to our enemies could erode our support.  Carefully consider your chances for a quick victory.	
RevolutionText_CIV4GameText.xml	TXT_KEY_REV_WARN_GLORY	The glory of conquering other lands might convince the cities to stay, if you have your eyes on foreign lands it might be time to strike.	
RevolutionText_CIV4GameText.xml	TXT_KEY_REV_WARN_LOST	Particularly, if you could regain some of the cities you might have lost earlier, the glory would be great.	
RevolutionText_CIV4GameText.xml	TXT_KEY_REV_WARN_TEMPORARY	But be warned, this is only a temporary solution!	
RevolutionText_CIV4GameText.xml	TXT_KEY_REV_WATCH_DANGER_CITIES	Cities that might start a revolution	
RevolutionText_CIV4GameText.xml	TXT_KEY_REV_WATCH_WARNING_CITIES	Cities that might join a revolution	
RevolutionText_CIV4GameText.xml	TXT_KEY_REV_WATCH_SAFE_CITIES	Cities that will not revolt	
RevolutionText_CIV4GameText.xml	TXT_KEY_REV_WATCH_TITLE	Revolution Watch	
RevolutionText_CIV4GameText.xml	TXT_KEY_REV_WATCH_DETAIL	Detail View	
RevolutionText_CIV4GameText.xml	TXT_KEY_REV_WATCH_BRIBE	Bribe a city	
RevolutionText_CIV4GameText.xml	TXT_KEY_REV_WATCH_NO_CITIES	No cities	
RevolutionText_CIV4GameText.xml	TXT_KEY_REV_WATCH_CITY_BY_CITY	City by city:	
RevolutionText_CIV4GameText.xml	TXT_KEY_REV_WATCH_DEBUG_NOTE	(Note:  Specific numbers will not add up to total in many circumstances)	
RevolutionText_CIV4GameText.xml	TXT_KEY_REV_WATCH_HAPPINESS	Happiness	
RevolutionText_CIV4GameText.xml	TXT_KEY_REV_WATCH_NOT_CONNECTED	Not connected to capital	
RevolutionText_CIV4GameText.xml	TXT_KEY_REV_WATCH_HUGE_EMP	Huge Empire	
RevolutionText_CIV4GameText.xml	TXT_KEY_REV_WATCH_LARGE_EMP	Large Empire	
RevolutionText_CIV4GameText.xml	TXT_KEY_REV_WATCH_MED_EMP	Med. Empire	
RevolutionText_CIV4GameText.xml	TXT_KEY_REV_WATCH_SMALL_EMP	Small Empire	
RevolutionText_CIV4GameText.xml	TXT_KEY_REV_WATCH_DISTANT	Distant Location	
RevolutionText_CIV4GameText.xml	TXT_KEY_REV_WATCH_COLONY	Colony	
RevolutionText_CIV4GameText.xml	TXT_KEY_REV_WATCH_HOLY_CITY	Holy city	
RevolutionText_CIV4GameText.xml	TXT_KEY_REV_WATCH_HEATHENS	Holy city owned by heathens	
RevolutionText_CIV4GameText.xml	TXT_KEY_REV_WATCH_RELIGION	Religion	
RevolutionText_CIV4GameText.xml	TXT_KEY_REV_WATCH_STATE_RELIGION	State Religion	
RevolutionText_CIV4GameText.xml	TXT_KEY_REV_WATCH_NON_STATE_RELIGION	Non-state Religion	
RevolutionText_CIV4GameText.xml	TXT_KEY_REV_WATCH_CULTURE_RATE	Cult. rate	
RevolutionText_CIV4GameText.xml	TXT_KEY_REV_WATCH_NATIONALITY	Nationality	
RevolutionText_CIV4GameText.xml	TXT_KEY_REV_WATCH_SMALL_CITY	Small City	
RevolutionText_CIV4GameText.xml	TXT_KEY_REV_WATCH_UNHEALTHY	Unhealthy	
RevolutionText_CIV4GameText.xml	TXT_KEY_REV_WATCH_GARRISON	Garrison	
RevolutionText_CIV4GameText.xml	TXT_KEY_REV_WATCH_SPIRIT	Rebellious Spirit	
RevolutionText_CIV4GameText.xml	TXT_KEY_REV_WATCH_STARVATION	Starvation	
RevolutionText_CIV4GameText.xml	TXT_KEY_REV_WATCH_DISORDER	Disorder	
RevolutionText_CIV4GameText.xml	TXT_KEY_REV_WATCH_DANGER	Danger	
RevolutionText_CIV4GameText.xml	TXT_KEY_REV_WATCH_WARNING	Warning	
RevolutionText_CIV4GameText.xml	TXT_KEY_REV_WATCH_SAFE	Safe	
RevolutionText_CIV4GameText.xml	TXT_KEY_REV_WATCH_TREND	Trend:	
RevolutionText_CIV4GameText.xml	TXT_KEY_REV_WATCH_FLAT	(Flat)	
RevolutionText_CIV4GameText.xml	TXT_KEY_REV_WATCH_IMPROVING	(Improving)	
RevolutionText_CIV4GameText.xml	TXT_KEY_REV_WATCH_RAPIDLY_IMPROVING	(Rapidly Improving)	
RevolutionText_CIV4GameText.xml	TXT_KEY_REV_WATCH_WORSENING	(Worsening)	
RevolutionText_CIV4GameText.xml	TXT_KEY_REV_WATCH_RAPIDLY_WORSENING	(Rapidly Worsening)	
RevolutionText_CIV4GameText.xml	TXT_KEY_REV_WATCH_THIS_TURN_AND_AFTER_ADJUSTMENTS	This turn: %D1 (%D2 after game speed adjustments)	
RevolutionText_CIV4GameText.xml	TXT_KEY_REV_WATCH_POSITIVE	Good factors:	
RevolutionText_CIV4GameText.xml	TXT_KEY_REV_WATCH_NEGATIVE	Bad factors:	
RevolutionText_CIV4GameText.xml	TXT_KEY_REV_WATCH_TOTAL	Total: %D1	
RevolutionText_CIV4GameText.xml	TXT_KEY_REV_WATCH_DANGEROUSLY_UNSTABLE	Dangerously Unstable:	
RevolutionText_CIV4GameText.xml	TXT_KEY_REV_WATCH_UNSTABLE	Unstable	
RevolutionText_CIV4GameText.xml	TXT_KEY_REV_WATCH_NEUTRAL	Neutral	
RevolutionText_CIV4GameText.xml	TXT_KEY_REV_WATCH_STABLE	Stable	
RevolutionText_CIV4GameText.xml	TXT_KEY_REV_WATCH_VERY_STABLE	Very Stable	
RevolutionText_CIV4GameText.xml	TXT_KEY_REV_WATCH_SERIOUS_FINANCIAL	Serious financial trouble	
RevolutionText_CIV4GameText.xml	TXT_KEY_REV_WATCH_FINANCIAL_NEG	Financial trouble	
RevolutionText_CIV4GameText.xml	TXT_KEY_REV_WATCH_FINANCIAL_POS	Financial stability	
RevolutionText_CIV4GameText.xml	TXT_KEY_REV_WATCH_TAXES	High taxes	
RevolutionText_CIV4GameText.xml	TXT_KEY_REV_WATCH_LOW_TAXES	Low taxes	
RevolutionText_CIV4GameText.xml	TXT_KEY_REV_WATCH_CULTURE_SPENDING	Cult. spending	
RevolutionText_CIV4GameText.xml	TXT_KEY_REV_WATCH_MILITARY	Oversize military	
RevolutionText_CIV4GameText.xml	TXT_KEY_REV_WATCH_ANARCHY	Anarchy	
RevolutionText_CIV4GameText.xml	TXT_KEY_REV_WATCH_GOLDEN_AGE	Golden Age	
RevolutionText_CIV4GameText.xml	TXT_KEY_REV_WATCH_CIV_STABILITY	Empire stability:	
RevolutionText_CIV4GameText.xml	TXT_KEY_REV_BRIBE_CITY_WHICH	Which city would you like to bribe?	
RevolutionText_CIV4GameText.xml	TXT_KEY_REV_BRIBE_CITY_VIOLENT	The citizen's of %s will not accept any money from you, they would rather be rid of you entirely!	
RevolutionText_CIV4GameText.xml	TXT_KEY_REV_BRIBE_CITY_POOR	Unfortunately, you do not have enough gold in the treasury to be able to bribe this city.	
RevolutionText_CIV4GameText.xml	TXT_KEY_REV_BRIBE_CITY_NO_NEED	There is no need to bribe %s, the local situation is favorable for now.	
RevolutionText_CIV4GameText.xml	TXT_KEY_REV_BRIBE_CITY_RECENT	You bribed this city %d turns ago, so the cost to produce the desired effect will be higher than normal.  Costs will decrease every turn you wait, if you can wait at all.	
RevolutionText_CIV4GameText.xml	TXT_KEY_REV_BRIBE_CITY_SMALL	A small gift of %d gold to buy some time before they contemplate rebelling.	
RevolutionText_CIV4GameText.xml	TXT_KEY_REV_BRIBE_CITY_MED	A middle-sized gift at a cost of %d gold to push rebelling further from their thoughts.	
RevolutionText_CIV4GameText.xml	TXT_KEY_REV_BRIBE_CITY_LARGE	A lavish gift, at %d gold, to remind them of your benevolence and keep them from rebelling for longer.	
RevolutionText_CIV4GameText.xml	TXT_KEY_REV_BRIBE_CITY_OPTIONS	You can choose to give one of the following 'donations' to the city:	
RevolutionText_CIV4GameText.xml	TXT_KEY_REV_BRIBE_CITY_BUTTON	%d Gold Bribe	
RevolutionText_CIV4GameText.xml	TXT_KEY_REV_BRIBE_CITY_NO_BRIBE	No bribe	
RevolutionText_CIV4GameText.xml	TXT_KEY_REV_MESS_YOU_BARB	Disorganized rebels have risen up against you!	
RevolutionText_CIV4GameText.xml	TXT_KEY_REV_MESS_JOIN	The revolutionionaries join forces with %s1_leader of the %s2_civ.	
RevolutionText_CIV4GameText.xml	TXT_KEY_REV_MESS_YOU_RISEN	%s1_leader of the %s2_civ has risen up against you!	
RevolutionText_CIV4GameText.xml	TXT_KEY_REV_MESS_VIOLENT	A violent revolution has occured in the	
RevolutionText_CIV4GameText.xml	TXT_KEY_REV_MESS_BARB	Disorganized rebels have risen up as the region descends into civil war!	
RevolutionText_CIV4GameText.xml	TXT_KEY_REV_MESS_RISEN	The %s1_civ under the command of %s2_leader have taken up arms as war engulfs the region!	
RevolutionText_CIV4GameText.xml	TXT_KEY_REV_MESS_NEW_LEADER	has taken over control of the	
RevolutionText_CIV4GameText.xml	TXT_KEY_REV_MESS_REINFORCEMENTS	Rebel reinforcements for %s1_leader spotted outside of %s2_city	
RevolutionText_CIV4GameText.xml	TXT_KEY_REV_MESS_YOUR_REINFORCEMENTS	%s1_civ reinforcements join your cause outside of %s2_city	
RevolutionText_CIV4GameText.xml	TXT_KEY_REV_MESS_SMALL_REVOLT	A small revolt has taken place in %s!	
RevolutionText_CIV4GameText.xml	TXT_KEY_REV_MESS_FREED	%s have liberated the cities of %s, allowing them to form the %s!	
RevolutionText_CIV4GameText.xml	TXT_KEY_REV_MESS_CEDE	Under pressure from rebel groups, %s have ceded control of %s to %s!	
RevolutionText_CIV4GameText.xml	TXT_KEY_REV_MESS_YOUR_CAPTURE	With your capture of %s, support for the rebellion in the city swells ...	
RevolutionText_CIV4GameText.xml	TXT_KEY_REV_MESS_YOUR_CAPTURE_GOLD	The grateful city of %s gives you %d gold to support the rebellion!	
RevolutionText_CIV4GameText.xml	TXT_KEY_REV_MESS_GOLDEN_AGE	The continued success of your rebellion launches a Golden Age!	
RevolutionText_CIV4GameText.xml	TXT_KEY_REV_MESS_REBEL_CONTROL	The rebels from the %s have taken control of %s!  Support for the rebellion swells ...	
RevolutionText_CIV4GameText.xml	TXT_KEY_REV_MESS_BREWING	A revolution is brewing in %s!	
RevolutionText_CIV4GameText.xml	TXT_KEY_REV_MESS_REPORT	Our agents report that tension in the %s of %s in %s has	
RevolutionText_CIV4GameText.xml	TXT_KEY_REV_MESS_REPORT_EASED	eased after the government accepted the rebel terms.	
RevolutionText_CIV4GameText.xml	TXT_KEY_REV_MESS_REPORT_INCREASED	increased after the government rejected the rebel terms.	
RevolutionText_CIV4GameText.xml	TXT_KEY_REV_HONORING	While they have not yet begun preparations for war, if you deny their request they may not put up with your current policies much longer.  Honoring their request is by far the quickest and easiest path to keeping them in your empire for the forseeable future.	
RevolutionText_CIV4GameText.xml	TXT_KEY_REV_PEACEFUL_CONCLUSION	The demonstrators have not yet turned to violence, and there is still time to bring the situation to a peaceful conclusion.  Honoring their request is by far the quickest and easiest path to keeping these cities in your empire for the forseeable future.	
RevolutionText_CIV4GameText.xml	TXT_KEY_REV_BRIBE	You may also choose to bribe the agitators and they will drop their cause and quiet down.	
RevolutionText_CIV4GameText.xml	TXT_KEY_REV_ADVISOR_ACCEPT	(Your advisors recommend accepting the terms)	
RevolutionText_CIV4GameText.xml	TXT_KEY_REV_ADVISOR_REJECT	(Your advisors recommend rejecting the terms)	
RevolutionText_CIV4GameText.xml	TXT_KEY_REV_ADVISOR_NEUTRAL	(Your advisors are neutral on these terms)	
RevolutionText_CIV4GameText.xml	TXT_KEY_REV_ADVISOR_APPROVAL	Your adjusted approval rating is	
RevolutionText_CIV4GameText.xml	TXT_KEY_REV_ADVISOR_ELEC_LOSE	You will certainly lose any fair election.	
RevolutionText_CIV4GameText.xml	TXT_KEY_REV_BUTTON_ACCEPT	Accept Terms	
RevolutionText_CIV4GameText.xml	TXT_KEY_REV_BUTTON_REJECT	Reject Terms	
RevolutionText_CIV4GameText.xml	TXT_KEY_REV_BUTTON_BUYOFF	Pay them	
RevolutionText_CIV4GameText.xml	TXT_KEY_REV_BUTTON_BUY_ELECTION	Buy election for	
RevolutionText_CIV4GameText.xml	TXT_KEY_REV_BUTTON_CONTROL	Accept and take control of new civ	
RevolutionText_CIV4GameText.xml	TXT_KEY_REV_BUTTON_DEFECT	Defect and lead rebel armies (NOT WORKING)!	
RevolutionText_CIV4GameText.xml	TXT_KEY_REV_BUTTON_INDEPENDENCE	Grant Independence	
RevolutionText_CIV4GameText.xml	TXT_KEY_REV_BUTTON_RECOGNIZE	Recognize Independence	
RevolutionText_CIV4GameText.xml	TXT_KEY_REV_BUTTON_VASSAL	Accept Vassal	
RevolutionText_CIV4GameText.xml	TXT_KEY_REV_BUTTON_WAR	Declare War on	
RevolutionText_CIV4GameText.xml	TXT_KEY_REV_BUTTON_WELCOME	Welcome back	
RevolutionText_CIV4GameText.xml	TXT_KEY_REV_BUTTON_NOT_WANTED	You're not welcome here	
RevolutionText_CIV4GameText.xml	TXT_KEY_REV_BUTTON_MAYBE_LATER	Maybe later	
RevolutionText_CIV4GameText.xml	TXT_KEY_REV_BUTTON_NEVER	Never!	
RevolutionText_CIV4GameText.xml	TXT_KEY_REV_TITLE_PEACEFUL	Your citizens are growing restless	
RevolutionText_CIV4GameText.xml	TXT_KEY_REV_TITLE_VIOLENT	A revolution is brewing!	
RevolutionText_CIV4GameText.xml	TXT_KEY_REV_TITLE_GOOD_NEWS	Good news!	
RevolutionText_CIV4GameText.xml	TXT_KEY_REV_HUMAN_GRANTED	have been granted the freedom to rejoin your empire by	
RevolutionText_CIV4GameText.xml	TXT_KEY_REV_HUMAN_REGAIN	You can regain your lost territory without firing a shot![NEWLINE][NEWLINE]If you do not want them back, the revolutionaries will instead form	
RevolutionText_CIV4GameText.xml	TXT_KEY_REV_HUMAN_JOIN_CHOICE	What shall we tell the revolutionaries?	
RevolutionText_CIV4GameText.xml	TXT_KEY_REV_HUMAN_ELEC_VICTORY	Victory!  You have won the election![NEWLINE][NEWLINE]The revolting cities accept the national decision and settle down for the time being.  However, it will still be prudent to increase their happiness so you don't face this again soon.	
RevolutionText_CIV4GameText.xml	TXT_KEY_REV_HUMAN_ELEC_LOSS	Terrible news!  You have lost the election and control over your civ!	
RevolutionText_CIV4GameText.xml	TXT_KEY_REV_HUMAN_ELEC_BUYOFF	Success!  You have successfully bought a victory in the election.[NEWLINE][NEWLINE]Your underhanded tactics and bribes were not detected and the rebellious cities accept their defeat in the polls and settle down for the time being.  However, it will still be prudent to increase their happiness so you don't face this again soon.	
RevolutionText_CIV4GameText.xml	TXT_KEY_REV_HUMAN_CEDE	Your rule is over and a new leader assumes the throne!	
RevolutionText_CIV4GameText.xml	TXT_KEY_REV_HUMAN_CONTROL_RETURNED	However, control will be returned to you in	
RevolutionText_CIV4GameText.xml	TXT_KEY_REV_ASSIM_POPUP	The %s would like to give up their independence and join your empire!  They feel they are simply too small to survive on their own, and hope that you will accept their request.[NEWLINE][NEWLINE]If you accept this request, you will receive all of the %s's cities and they will become a minority group in your empire.	
RevolutionText_CIV4GameText.xml	TXT_KEY_REV_ASSIM_POPUP_REBEL	Note that assimilating these rebels will cause a serious strain on your relations with %s, who may go so far as to declare war on you.  Consider your decision carefully.	
RevolutionText_CIV4GameText.xml	TXT_KEY_REV_JOINREV_OFFER	approaches you with an offer.  If you surrender control of	
RevolutionText_CIV4GameText.xml	TXT_KEY_REV_JOINREV_PEACE	, the rebels will agree to end the violence and declare peace.[NEWLINE][NEWLINE]If you accept the offer, the war will end, but you will lose control of the cities.  If you decline the offer, the city of %s will rise up and bolster the rebel ranks, while rebels in other cities may also be emboldened.  Choose carefully.	
RevolutionText_CIV4GameText.xml	TXT_KEY_REV_CULT_PEACE_JOIN	clamoring to join the	
RevolutionText_CIV4GameText.xml	TXT_KEY_REV_CULT_PEACE_REFORM	longing to re-form	
RevolutionText_CIV4GameText.xml	TXT_KEY_REV_CULT_PEACE	Demonstrations and riots have broken out in the streets![NEWLINE][NEWLINE]Denying their request will anger the people and perhaps fuel their revolutionary spirit.  While they won't take up arms now, if you deny their request you should take action to increase their happiness or bond with your culture and religion.  If there is a next time, you may face an uprising!	
RevolutionText_CIV4GameText.xml	TXT_KEY_REV_CULT_VIOLENT_JOIN	demanding to join the	
RevolutionText_CIV4GameText.xml	TXT_KEY_REV_CULT_VIOLENT_JOIN_DENY_WAR	If you do not let them, they will rise up against you, joining the	
RevolutionText_CIV4GameText.xml	TXT_KEY_REV_CULT_VIOLENT_JOIN_DENY_BARB	If you do not let them, their loosely organized rebel bands will rise up against you.	
RevolutionText_CIV4GameText.xml	TXT_KEY_REV_CULT_VIOLENT_JOIN_DENY	If you do not let them, they will rise up against you as	
RevolutionText_CIV4GameText.xml	TXT_KEY_REV_CULT_VIOLENT_JOIN_DENY_ALIVE	If you do not let them, they will join the %s and attack you!	
RevolutionText_CIV4GameText.xml	TXT_KEY_REV_CULT_VIOLENT_JOIN_DECLARE_WAR	You may also decide to declare war and eliminate the troublesome influence of the	
RevolutionText_CIV4GameText.xml	TXT_KEY_REV_CULT_VIOLENT_REFORM_BARB	declaring independence even though they have no flag to rally around.	
RevolutionText_CIV4GameText.xml	TXT_KEY_REV_CULT_VIOLENT_REFORM	declaring their independence and desire to re-form	
RevolutionText_CIV4GameText.xml	TXT_KEY_REV_CULT_VIOLENT_1	The citizens have been massing weapons and drilling in the countryside![NEWLINE][NEWLINE]If you deny their request to leave, you will have to face the revolutionaries on the battlefield.	
RevolutionText_CIV4GameText.xml	TXT_KEY_REV_CULT_VIOLENT_2	may interpret your actions as an act of war and respond accordingly!  If they don't retaliate, your relations with them will still suffer, and the cities will rise up	
RevolutionText_CIV4GameText.xml	TXT_KEY_REV_CULT_VIOLENT_BARB	in loosely organized rebel bands.	
RevolutionText_CIV4GameText.xml	TXT_KEY_REV_CULT_VIOLENT_FIGHT	and fight you as	
RevolutionText_CIV4GameText.xml	TXT_KEY_REV_CULT_VIOLENT_ENEMY	The cities will rise up and join your enemy, the	
RevolutionText_CIV4GameText.xml	TXT_KEY_REV_CULT_VIOLENT_FINAL	Your troops will be surrounded by a hostile population and may take heavy losses or even defect.  The defenses of some of these cities may crumble immediately, others may be able to retain some semblence of control.  While war with your own cities will be ugly, it may be better than allowing cities you control to leave without a fight!  Carefully weigh your options.	
RevolutionText_CIV4GameText.xml	TXT_KEY_REV_REL_THEOCRACY1	requesting an end to your	
RevolutionText_CIV4GameText.xml	TXT_KEY_REV_REL_THEOCRACY2	They have been oppressed for too long, and desire you to switch your religious civic policy to	
RevolutionText_CIV4GameText.xml	TXT_KEY_REV_REL_FREE_REL1	requesting that you adopt	
RevolutionText_CIV4GameText.xml	TXT_KEY_REV_REL_FREE_REL2	They feel your state sponsorship of	
RevolutionText_CIV4GameText.xml	TXT_KEY_REV_REL_PRACTICE	impedes their ability to practice and spread the one true faith,	
RevolutionText_CIV4GameText.xml	TXT_KEY_REV_REL_CHANGE	requesting that you change your state religion to	
RevolutionText_CIV4GameText.xml	TXT_KEY_REV_REL_NEW_REL	of your cities have the new religion, while	
RevolutionText_CIV4GameText.xml	TXT_KEY_REV_REL_STATE_REL	have your current state religion.	
RevolutionText_CIV4GameText.xml	TXT_KEY_REV_REL_HONORING	While they have not yet begun preparations for war, if you deny their request they may soon become more fervent in their desire for change.  Honoring their request is by far the quickest and easiest path to keeping them in your empire for the forseeable future, but may lead to some discontent in other cities.[NEWLINE][NEWLINE]Alternatively, a large donation to the religious leaders would cause them to settle down.	
RevolutionText_CIV4GameText.xml	TXT_KEY_REV_REL_PEACE_VASSAL_1	seeking partial autonomy so that they may freely worship their faith,	
RevolutionText_CIV4GameText.xml	TXT_KEY_REV_REL_PEACE_VASSAL_2	They wish to form	
RevolutionText_CIV4GameText.xml	TXT_KEY_REV_REL_PEACE_VASSAL_3	and become a free Vassal of your empire.  You may also choose to grant them full independence.	
RevolutionText_CIV4GameText.xml	TXT_KEY_REV_REL_PEACE_IND_1	seeking independence so that they may freely worship	
RevolutionText_CIV4GameText.xml	TXT_KEY_REV_REL_PEACE_IND_2	They have lived in your	
RevolutionText_CIV4GameText.xml	TXT_KEY_REV_REL_PEACE_IND_3	dominated society for too long, and want to form	
RevolutionText_CIV4GameText.xml	TXT_KEY_REV_REL_PEACE	While they have not yet begun preparations for war, if you deny their request they may soon become more fervent in their desire for independence.  If you choose not to let them walk away, you should spread your religion to the cities and take other action to improve their situation.  Either that, or you may very well be faced with an uprising in the future![NEWLINE][NEWLINE]Alternatively, you could make a generous donation to the religions leaders.  With this good faith gesture, they will drop their cause and quiet down.	
RevolutionText_CIV4GameText.xml	TXT_KEY_REV_REL_VIOLENT_IND_1	declaring their independence so that they may freely worship their faith,	
RevolutionText_CIV4GameText.xml	TXT_KEY_REV_REL_VIOLENT_IND_2	They have lived in your	
RevolutionText_CIV4GameText.xml	TXT_KEY_REV_REL_VIOLENT_IND_3	dominated society for too long!	
RevolutionText_CIV4GameText.xml	TXT_KEY_REV_REL_VIOLENT_IND	If you deny their request to leave, you will have to face the devout revolutionaries on the battlefield.  Your troops in these cities will be surrounded by a hostile population and may take heavy losses or even defect.  The defenses of some of these cities may crumble immeadiately, others may be able to retain some semblence of control.  While war with your own cities will be ugly, it may be better than allowing cities you control to leave without a fight!  Carefully weigh your options.	
RevolutionText_CIV4GameText.xml	TXT_KEY_REV_HL_HOLY_WAR	joining with your religious leaders to call for a holy war against the	
RevolutionText_CIV4GameText.xml	TXT_KEY_REV_HL_HOLY_RECLAIM	You must show your devotion by reclaiming your holy city,	
RevolutionText_CIV4GameText.xml	TXT_KEY_REV_HL_HOLY_HEATHENS	from the heathens!	
RevolutionText_CIV4GameText.xml	TXT_KEY_REV_HL_HOLY_REQUEST	Honoring their request, and leading your followers to a holy victory is the surest way to keep these cities in your empire for the forseeable future.  If you ignore their cries for holy war, they may soon decide you are not a true believer and turn against you.	
RevolutionText_CIV4GameText.xml	TXT_KEY_REV_HL_HOLY_WHILE	While it is true the	
RevolutionText_CIV4GameText.xml	TXT_KEY_REV_HL_HOLY_CLAIMS	claims to follow	
RevolutionText_CIV4GameText.xml	TXT_KEY_REV_HL_HOLY_WORTHY	they are no longer worthy of holding the holy city of	
RevolutionText_CIV4GameText.xml	TXT_KEY_REV_HL_HOLY_DEVOTION	You must show your devotion by reclaiming	
RevolutionText_CIV4GameText.xml	TXT_KEY_REV_HL_HOLY_UNWORTHY	from the unworthy!	
RevolutionText_CIV4GameText.xml	TXT_KEY_REV_HL_EMAN_REJECT	requesting that you officially reject the practice of slavery and adopt	
RevolutionText_CIV4GameText.xml	TXT_KEY_REV_HL_EMAN_CIVIC	in your civic policy.  Mass demonstrations have broken out, bringing production in your cities to a halt!	
RevolutionText_CIV4GameText.xml	TXT_KEY_REV_HL_EMAN_SLAVE	However, if you decide to keep your current practices, you may yet have time to improve other aspects of these cities so they will forget your condoning the slave trade.	
RevolutionText_CIV4GameText.xml	TXT_KEY_REV_HL_SLAVE_REBELLION	A slave rebellion has broken out in	
RevolutionText_CIV4GameText.xml	TXT_KEY_REV_HL_SLAVE_DEMAND	The slaves are demanding you switch to	
RevolutionText_CIV4GameText.xml	TXT_KEY_REV_HL_SLAVE_DENY	or they will fight![NEWLINE][NEWLINE]If you deny their request, disorganized slave bands will rise up outside your cities!  But if you end their servitude, you will put many whip makers out of business.	
RevolutionText_CIV4GameText.xml	TXT_KEY_REV_HL_ENV_REQUEST	requesting that you end your polluting ways and adopt	
RevolutionText_CIV4GameText.xml	TXT_KEY_REV_HL_ENV_GREEN	Mass demonstrations have broken out, and green power has filled the streets!	
RevolutionText_CIV4GameText.xml	TXT_KEY_REV_HL_ENV_SMOG	However, if you decide to keep your current practices, you may yet have time to improve other aspects of these cities so they will see past the smog.	
RevolutionText_CIV4GameText.xml	TXT_KEY_REV_COL_GOVT_REQUEST	requesting a say in your government.  As a colonies, they feel your government is not treating them fairly.	
RevolutionText_CIV4GameText.xml	TXT_KEY_REV_COL_GOVT_PROTESTING	The colonists are protesting in the streets demanding	
RevolutionText_CIV4GameText.xml	TXT_KEY_REV_COL_GOVT_CRIES	Cries of 'No taxation without	
RevolutionText_CIV4GameText.xml	TXT_KEY_REV_COL_GOVT_MARCH	fill the air as colonists march!	
RevolutionText_CIV4GameText.xml	TXT_KEY_REV_COL_GOVT_PRACTICES	However, if you decide to keep your current practices, you may yet have time to improve other aspects of these cities so they will overlook their exclusion from power.	
RevolutionText_CIV4GameText.xml	TXT_KEY_REV_CAP_COM_REQUEST	requesting a switch to	
RevolutionText_CIV4GameText.xml	TXT_KEY_REV_CAP_COM_BROTHER	They are imagining no possesions and a brotherhood of man![NEWLINE][NEWLINE]While 	
RevolutionText_CIV4GameText.xml	TXT_KEY_REV_CAP_COM_ECON	may have its benefits, it may not be worth giving up your current economic model.  The communist agitators have not yet turned to violence, so you may have time to help them see the benefits of competition.  However, the quickest and easiest path to keeping these cities in your empire for the forseeable future is to declare yourself a Comrade.  Since they don't value your cash, you cannot pay them off.	
RevolutionText_CIV4GameText.xml	TXT_KEY_REV_CAP_VOTE_REQUEST	requesting a say in your government.	
RevolutionText_CIV4GameText.xml	TXT_KEY_REV_CAP_VOTE_US	Both men and women are protesting in the streets demanding	
RevolutionText_CIV4GameText.xml	TXT_KEY_REV_CAP_VOTE_CRIES	Cries of 'No taxation without	
RevolutionText_CIV4GameText.xml	TXT_KEY_REV_CAP_VOTE_MARCH	fill the air as protesters march!	
RevolutionText_CIV4GameText.xml	TXT_KEY_REV_CAP_VOTE_POWER	However, if you decide to keep your current practices, you may yet have time to improve other aspects of these cities so they will overlook their exclusion from power.	
RevolutionText_CIV4GameText.xml	TXT_KEY_REV_CAP_VOTE_STATUES	Some new, expensive statues may remind them how great you are.	
RevolutionText_CIV4GameText.xml	TXT_KEY_REV_CAP_SPEECH_REQUEST	are requesting the freedom to speak their mind:	
